date,product_type,units_demanded,total_revenue,demand_lag_1,demand_lag_7,demand_lag_14,demand_lag_30,rolling_mean_7,rolling_std_7,day_of_week,month,is_weekend
2023-03-31,Bathroom,73,21106.09,92,132,100,94,175.14285714285714,111.12819709900909,4,3,0
2023-03-31,Bedding,84,23947.81,92,71,73,73,163.71428571428572,115.53169014851052,4,3,0
2023-03-31,BlueStar AC,20,5152.1,43,36,28,41,145.28571428571428,123.9700424641834,4,3,0
2023-03-31,Children's,69,17996.760000000002,88,50,78,79,122.57142857142856,116.57309172483036,4,3,0
2023-03-31,Chocolate,109,33073.26,101,74,60,96,126.57142857142856,115.05919801397474,4,3,0
2023-03-31,Coffee,117,28422.24,76,37,108,98,125.14285714285714,115.7071426366707,4,3,0
2023-03-31,Decorations,152,44531.8,178,181,199,138,95.71428571428572,40.93374437516578,4,3,0
2023-03-31,Dress,100,21999.57,116,55,104,114,99.14285714285714,41.57093765051308,4,3,0
2023-03-31,Fiction,271,61440.46,228,277,322,287,118.57142857142856,63.6130414900832,4,3,0
2023-03-31,Fridge,157,44700.5,131,134,127,105,131.14285714285714,54.18618695888153,4,3,0
2023-03-31,Furniture,215,45437.46,149,195,181,167,139.85714285714286,50.89672082242824,4,3,0
2023-03-31,Headphones,120,35742.92,87,112,44,69,137.85714285714286,52.91322635985763,4,3,0
2023-03-31,Jacket,88,26865.64,59,94,61,87,135.42857142857142,56.49441607467994,4,3,0
2023-03-31,Jeans,106,27851.86,103,76,114,88,124.71428571428572,54.1378311525754,4,3,0
2023-03-31,Juice,190,43006.46,209,134,184,207,138.0,62.42061625243171,4,3,0
2023-03-31,Kitchen,79,17970.86,76,106,146,135,116.28571428571428,51.350800986009546,4,3,0
2023-03-31,Laptop,140,31491.63,57,106,83,89,105.71428571428572,55.283253298246535,4,3,0
2023-03-31,Lighting,63,14884.66,72,91,79,77,94.71428571428572,52.84163221587767,4,3,0
2023-03-31,Literature,55,15411.7,47,121,83,81,89.0,55.889772469268905,4,3,0
2023-03-31,Mitsubishi 1.5 Ton 3 Star Split AC,106,25709.08,172,73,105,99,105.14285714285714,61.788425484143175,4,3,0
2023-03-31,Non-Fiction,292,74869.18,278,278,216,254,130.14285714285714,89.82098598773857,4,3,0
2023-03-31,Shirt,120,27850.39,101,91,128,100,114.71428571428572,83.03757038376118,4,3,0
2023-03-31,Shoes,192,52091.56,239,178,178,104,138.0,92.66786569967682,4,3,0
2023-03-31,Shorts,90,22587.34,71,74,58,86,140.0,90.75975613306451,4,3,0
2023-03-31,Smartphone,299,89395.0,228,286,241,293,162.28571428571428,90.43176854349794,4,3,0
2023-03-31,Snacks,77,17427.0,63,82,86,72,164.57142857142858,87.17579393168192,4,3,0
2023-03-31,Soft Drink,151,40459.38,175,103,176,159,165.0,87.22576072086363,4,3,0
2023-03-31,T-shirt,166,39514.28,125,188,158,135,143.14285714285714,72.03801906268801,4,3,0
2023-03-31,Tablet,94,28038.97,202,197,127,131,157.57142857142858,72.30458063603163,4,3,0
2023-03-31,Television,226,57463.44,187,187,166,193,150.14285714285714,64.82907930712528,4,3,0
2023-03-31,Thriller,49,11577.19,114,108,78,51,156.28571428571428,57.72842825308384,4,3,0
2023-03-31,Tools,140,40659.57,126,121,114,83,141.71428571428572,48.79109989097847,4,3,0
2023-03-31,Water,332,84159.81999999999,418,295,397,378,192.42857142857144,105.21225711683545,4,3,0
2023-04-01,Bathroom,82,25983.0,73,74,89,122,177.85714285714286,114.66680509404726,5,4,1
2023-04-01,Bedding,73,22523.89,84,64,55,82,172.0,118.78973019583816,5,4,1
2023-04-01,BlueStar AC,50,12807.49,20,31,24,20,146.0,130.47221926525208,5,4,1
2023-04-01,Children's,71,19868.31,69,100,99,87,129.14285714285714,131.90707407291012,5,4,1
2023-04-01,Chocolate,81,20117.61,109,86,78,88,128.42857142857142,132.01623276811728,5,4,1
2023-04-01,Coffee,68,16209.49,117,60,91,103,127.14285714285714,132.08763324832066,5,4,1
2023-04-01,Decorations,171,47217.65,152,205,216,101,89.14285714285714,42.02153642847328,5,4,1
2023-04-01,Dress,68,16728.81,100,97,64,55,93.0,41.52910625894388,5,4,1
2023-04-01,Fiction,262,60247.17,271,260,316,303,119.71428571428572,78.48081354852341,5,4,1
2023-04-01,Fridge,85,20069.06,157,105,152,100,139.28571428571428,65.47445885156114,5,4,1
2023-04-01,Furniture,171,48865.12,215,102,156,172,160.14285714285714,62.54179554886648,5,4,1
2023-04-01,Headphones,109,28460.75,120,64,92,83,161.71428571428572,61.16566107905743,5,4,1
2023-04-01,Jacket,75,26925.59,88,93,86,69,157.57142857142858,65.52571287379536,5,4,1
2023-04-01,Jeans,92,30914.36,106,69,51,72,151.0,68.42026990105603,5,4,1
2023-04-01,Juice,194,49553.79,190,158,177,165,163.85714285714286,65.63898377089805,5,4,1
2023-04-01,Kitchen,119,33140.15,79,64,112,110,136.42857142857142,52.13078790522027,5,4,1
2023-04-01,Laptop,54,13989.72,140,88,65,71,134.0,51.40363151892426,5,4,1
2023-04-01,Lighting,50,11856.52,63,80,98,139,112.28571428571428,42.88245284384698,5,4,1
2023-04-01,Literature,99,23962.07,55,151,123,80,103.0,47.70045422564995,5,4,1
2023-04-01,Mitsubishi 1.5 Ton 3 Star Split AC,110,29769.8,106,116,98,109,105.57142857142856,47.24001532196028,5,4,1
2023-04-01,Non-Fiction,327,78835.13,292,249,281,249,132.14285714285714,84.85561967528255,5,4,1
2023-04-01,Shirt,42,11884.96,120,60,116,72,122.14285714285714,80.93501214231202,5,4,1
2023-04-01,Shoes,205,42994.42,192,184,163,119,138.28571428571428,82.15577538171885,5,4,1
2023-04-01,Shorts,87,20821.26,90,122,133,90,131.14285714285714,84.13169947851324,5,4,1
2023-04-01,Smartphone,280,80121.76,299,264,311,285,164.85714285714286,98.35722066601356,5,4,1
2023-04-01,Snacks,118,32717.68,77,77,96,109,168.0,94.5392334783115,5,4,1
2023-04-01,Soft Drink,169,49531.08,151,131,166,185,174.42857142857142,91.08760827331244,5,4,1
2023-04-01,T-shirt,179,45049.69,166,158,153,210,156.42857142857142,75.01301474379231,5,4,1
2023-04-01,Tablet,186,42311.63,94,115,217,163,152.71428571428572,77.71253499428593,5,4,1
2023-04-01,Television,180,47234.36,226,112,146,145,157.57142857142858,81.54519634913555,5,4,1
2023-04-01,Thriller,110,25722.05,49,81,112,107,151.71428571428572,88.39252284689081,5,4,1
2023-04-01,Tools,63,13877.86,140,131,107,94,129.0,60.15535443056314,5,4,1
2023-04-01,Water,335,90276.24,332,411,378,380,165.42857142857142,92.13008401685308,5,4,1
2023-04-02,Bathroom,72,22943.57,82,110,82,108,155.57142857142858,97.4676991672236,6,4,1
2023-04-02,Bedding,99,23909.96,73,73,112,31,142.28571428571428,102.04037482897692,6,4,1
2023-04-02,BlueStar AC,23,2898.86,50,20,33,34,136.0,106.75673280875549,6,4,1
2023-04-02,Children's,68,19629.76,71,32,120,74,113.85714285714286,100.89173829973818,6,4,1
2023-04-02,Chocolate,79,19989.52,81,54,65,118,118.42857142857144,98.15100125632468,6,4,1
2023-04-02,Coffee,114,33670.07,68,111,75,75,108.14285714285714,99.27978742159044,6,4,1
2023-04-02,Decorations,140,37078.8,171,133,171,148,85.14285714285714,39.31678425061624,6,4,1
2023-04-02,Dress,45,13837.49,68,58,146,88,83.14285714285714,39.85569207122329,6,4,1
2023-04-02,Fiction,236,67967.59,262,261,251,272,110.14285714285714,77.79766185738609,6,4,1
2023-04-02,Fridge,65,10815.81,85,146,89,107,115.14285714285714,74.33578898356781,6,4,1
2023-04-02,Furniture,208,48627.03,171,185,192,110,129.42857142857142,74.04696064628438,6,4,1
2023-04-02,Headphones,118,28470.06,109,133,51,59,133.42857142857142,71.71438057288363,6,4,1
2023-04-02,Jacket,83,22218.47,75,52,134,48,134.42857142857142,70.69148261485059,6,4,1
2023-04-02,Jeans,70,14678.29,92,67,105,91,123.14285714285714,70.18411161943654,6,4,1
2023-04-02,Juice,160,42749.21,194,137,178,124,141.14285714285714,69.84131673880107,6,4,1
2023-04-02,Kitchen,82,15328.22,119,112,47,102,120.71428571428572,45.1468503357443,6,4,1
2023-04-02,Laptop,77,21925.18,54,98,91,81,116.28571428571428,50.443745187797326,6,4,1
2023-04-02,Lighting,136,28543.03,50,137,109,75,99.0,49.28826770473194,6,4,1
2023-04-02,Literature,126,32406.32,99,64,117,95,97.57142857142856,49.09466075130474,6,4,1
2023-04-02,Mitsubishi 1.5 Ton 3 Star Split AC,62,12386.42,110,105,95,109,102.57142857142856,48.18664110469178,6,4,1
2023-04-02,Non-Fiction,231,54985.06,327,264,270,305,136.14285714285714,96.86662406186596,6,4,1
2023-04-02,Shirt,106,26381.52,42,106,93,72,114.42857142857144,98.75366177659292,6,4,1
2023-04-02,Shoes,130,35026.23,205,224,214,156,126.71428571428572,104.59399964579596,6,4,1
2023-04-02,Shorts,108,24237.58,87,89,93,60,131.42857142857142,101.46732995215284,6,4,1
2023-04-02,Smartphone,200,48120.2,280,348,259,246,164.28571428571428,107.74926803419494,6,4,1
2023-04-02,Snacks,96,24406.62,118,139,141,81,167.0,106.05658866850293,6,4,1
2023-04-02,Soft Drink,109,19642.01,169,237,180,164,175.42857142857142,103.07417578756449,6,4,1
2023-04-02,T-shirt,229,68974.09,179,189,195,223,154.28571428571428,79.22060818944009,6,4,1
2023-04-02,Tablet,157,41188.58,186,169,129,226,174.85714285714286,62.03608780763193,6,4,1
2023-04-02,Television,155,42496.7,180,206,149,163,171.28571428571428,60.71714278991934,6,4,1
2023-04-02,Thriller,124,27463.93,110,106,57,86,174.57142857142858,55.820716413822645,6,4,1
2023-04-02,Tools,73,22524.07,63,110,97,80,143.57142857142858,47.08452379447407,6,4,1
2023-04-02,Water,406,103949.97,335,407,343,376,174.57142857142858,84.22758285909516,6,4,1
2023-04-03,Bathroom,68,17481.71,72,82,84,93,160.71428571428572,92.8362613883791,0,4,0
2023-04-03,Bedding,91,20049.4,99,67,102,99,149.28571428571428,95.10645664326957,0,4,0
2023-04-03,BlueStar AC,27,5070.87,23,16,40,18,126.0,104.14413089560068,0,4,0
2023-04-03,Children's,136,35816.22,68,120,120,80,110.0,103.0630874755846,0,4,0
2023-04-03,Chocolate,72,22726.91,79,67,78,69,105.57142857142856,103.72697679141002,0,4,0
2023-04-03,Coffee,128,29769.82,114,94,91,45,112.85714285714286,102.01540499916108,0,4,0
2023-04-03,Decorations,149,38573.91,140,144,171,217,85.0,37.416573867739295,0,4,0
2023-04-03,Dress,102,23634.57,45,112,83,95,81.14285714285714,40.26341834895352,0,4,0
2023-04-03,Fiction,262,61168.5,236,231,301,268,100.71428571428572,71.53953286054333,0,4,0
2023-04-03,Fridge,134,23309.44,65,117,116,75,106.71428571428572,65.43626488350907,0,4,0
2023-04-03,Furniture,151,37500.48,208,239,180,177,126.71428571428572,72.63083432839046,0,4,0
2023-04-03,Headphones,105,28969.04,118,99,84,125,132.28571428571428,69.80141900590637,0,4,0
2023-04-03,Jacket,57,10955.95,83,65,78,110,127.85714285714286,72.1004590170978,0,4,0
2023-04-03,Jeans,90,28460.23,70,122,98,94,117.85714285714286,74.9342568999177,0,4,0
2023-04-03,Juice,153,37536.09,160,120,215,114,134.28571428571428,68.64088744015072,0,4,0
2023-04-03,Kitchen,76,26164.02,82,94,195,83,112.28571428571428,53.64921337017066,0,4,0
2023-04-03,Laptop,140,38141.19,77,79,96,125,114.0,52.0544586626993,0,4,0
2023-04-03,Lighting,136,39213.1,136,103,93,72,103.71428571428572,34.557750147225946,0,4,0
2023-04-03,Literature,94,19468.5,126,82,96,107,104.85714285714286,35.23458798504944,0,4,0
2023-04-03,Mitsubishi 1.5 Ton 3 Star Split AC,82,19175.33,62,92,113,99,101.85714285714286,38.17690650741872,0,4,0
2023-04-03,Non-Fiction,192,35439.54,231,280,270,286,124.85714285714286,58.74359134245652,0,4,0
2023-04-03,Shirt,126,29954.56,106,101,101,91,117.14285714285714,56.87538592229093,0,4,0
2023-04-03,Shoes,163,37141.59,130,188,136,212,124.0,54.78746815346257,0,4,0
2023-04-03,Shorts,116,28558.99,108,100,106,81,128.42857142857142,51.51005449701761,0,4,0
2023-04-03,Smartphone,211,54573.61,200,271,191,179,137.57142857142858,58.30911061705877,0,4,0
2023-04-03,Snacks,56,12396.73,96,78,82,79,133.28571428571428,60.36752517072493,0,4,0
2023-04-03,Soft Drink,202,47554.28,109,155,169,189,140.0,53.31978994707328,0,4,0
2023-04-03,T-shirt,185,51815.45,229,142,180,199,139.71428571428572,52.75324408891626,0,4,0
2023-04-03,Tablet,171,37182.93,157,189,178,208,147.0,50.80682368868726,0,4,0
2023-04-03,Television,195,55920.61,155,185,106,158,150.57142857142858,50.28869038812208,0,4,0
2023-04-03,Thriller,55,13355.84,124,124,84,129,152.85714285714286,48.35779348229418,0,4,0
2023-04-03,Tools,94,21529.12,73,81,73,115,134.71428571428572,51.448078311097056,0,4,0
2023-04-03,Water,352,92121.24,406,429,405,267,179.0,111.24297730643512,0,4,0
2023-04-04,Bathroom,119,30875.800000000003,68,116,64,97,173.14285714285714,116.49810952890849,1,4,0
2023-04-04,Bedding,116,31924.0,91,102,76,100,153.42857142857142,117.1450057874957,1,4,0
2023-04-04,BlueStar AC,21,4325.889999999999,27,32,11,46,134.85714285714286,126.42181849062368,1,4,0
2023-04-04,Children's,54,12485.95,136,129,100,84,132.14285714285714,126.12087928045936,1,4,0
2023-04-04,Chocolate,95,27280.2,72,82,61,104,124.71428571428572,128.1947922573486,1,4,0
2023-04-04,Coffee,69,14009.5,128,96,63,107,132.57142857142858,126.16636786779743,1,4,0
2023-04-04,Decorations,194,51036.6,149,225,180,153,95.85714285714286,43.92959735542212,1,4,0
2023-04-04,Dress,72,15939.31,102,81,104,63,100.71428571428572,42.181015815625926,1,4,0
2023-04-04,Fiction,255,57864.03,262,314,246,311,125.14285714285714,73.50380618586719,1,4,0
2023-04-04,Fridge,145,35528.25,134,101,62,77,140.42857142857142,59.48068914322021,1,4,0
2023-04-04,Furniture,221,60139.38,151,126,194,183,142.57142857142858,59.56469072321618,1,4,0
2023-04-04,Headphones,104,24076.18,105,91,69,77,147.28571428571428,54.10395637324606,1,4,0
2023-04-04,Jacket,85,25754.59,57,76,95,99,137.14285714285714,64.06098285079254,1,4,0
2023-04-04,Jeans,78,20946.68,90,87,127,89,128.71428571428572,66.09012605453835,1,4,0
2023-04-04,Juice,156,37703.21,153,213,202,143,136.0,65.46245743426796,1,4,0
2023-04-04,Kitchen,95,23676.75,76,67,106,84,109.42857142857144,37.62471325630328,1,4,0
2023-04-04,Laptop,71,23926.45,140,59,97,71,110.28571428571428,38.339337003980106,1,4,0
2023-04-04,Lighting,52,13328.68,136,100,123,74,108.14285714285714,36.03437512259905,1,4,0
2023-04-04,Literature,107,28473.37,94,93,97,97,106.57142857142856,36.43193261804414,1,4,0
2023-04-04,Mitsubishi 1.5 Ton 3 Star Split AC,157,38672.98,82,168,58,89,110.14285714285714,31.67769231614239,1,4,0
2023-04-04,Non-Fiction,283,67746.8,192,197,210,287,124.71428571428572,42.484170721631926,1,4,0
2023-04-04,Shirt,90,25395.35,126,101,101,101,120.85714285714286,40.67525280162612,1,4,0
2023-04-04,Shoes,191,53966.76,163,199,166,147,133.28571428571428,37.88013677251935,1,4,0
2023-04-04,Shorts,112,31494.26,116,85,52,111,129.85714285714286,38.25540733643022,1,4,0
2023-04-04,Smartphone,312,79574.96,211,287,215,297,140.57142857142858,49.19978706883865,1,4,0
2023-04-04,Snacks,85,27873.48,56,95,46,60,135.14285714285714,56.71692449180876,1,4,0
2023-04-04,Soft Drink,203,52756.89,202,164,163,199,152.28571428571428,56.10916231096414,1,4,0
2023-04-04,T-shirt,198,49200.57,185,249,156,155,151.28571428571428,55.34050441197163,1,4,0
2023-04-04,Tablet,157,39301.25,171,188,153,164,157.71428571428572,54.52129335013482,1,4,0
2023-04-04,Television,157,42749.03,195,108,235,144,162.28571428571428,56.34925106190964,1,4,0
2023-04-04,Thriller,68,19908.76,55,73,52,75,153.57142857142858,68.1758929604329,1,4,0
2023-04-04,Tools,54,13731.61,94,84,113,77,136.85714285714286,66.05913656572827,1,4,0
2023-04-04,Water,348,86954.76,352,371,413,444,179.14285714285714,94.35293419113276,1,4,0
2023-04-05,Bathroom,96,22086.89,119,82,109,86,167.28571428571428,96.198950593227,2,4,0
2023-04-05,Bedding,52,15657.59,116,56,131,93,157.42857142857142,97.60610831783228,2,4,0
2023-04-05,BlueStar AC,69,17024.41,21,48,10,41,136.0,109.83017193224582,2,4,0
2023-04-05,Children's,104,23167.64,54,119,139,83,115.85714285714286,110.13541448512152,2,4,0
2023-04-05,Chocolate,90,21933.31,95,104,64,70,121.57142857142856,107.45674655856828,2,4,0
2023-04-05,Coffee,113,32971.61,69,129,33,103,118.0,108.93117092916972,2,4,0
2023-04-05,Decorations,201,46410.04,194,165,164,142,95.42857142857144,55.75200188590264,2,4,0
2023-04-05,Dress,84,24413.77,72,110,44,94,88.71428571428571,55.26817735886902,2,4,0
2023-04-05,Fiction,246,55567.68,255,284,299,218,108.57142857142856,84.13651039205493,2,4,0
2023-04-05,Fridge,110,30916.47,145,95,105,98,126.28571428571428,75.20574952691291,2,4,0
2023-04-05,Furniture,144,35169.22,221,191,157,215,150.14285714285714,74.9409291184922,2,4,0
2023-04-05,Headphones,77,22211.53,104,119,74,99,151.42857142857142,73.90727781677343,2,4,0
2023-04-05,Jacket,53,12323.75,85,116,72,99,153.71428571428572,71.12832133010107,2,4,0
2023-04-05,Jeans,118,27001.16,78,40,71,80,137.14285714285714,73.64651739090945,2,4,0
2023-04-05,Juice,213,54497.28,156,154,170,198,149.14285714285714,67.88084798976466,2,4,0
2023-04-05,Kitchen,97,24324.84,95,60,78,136,126.28571428571428,51.17849250650212,2,4,0
2023-04-05,Laptop,84,21837.12,71,97,97,46,115.71428571428572,54.22088861227518,2,4,0
2023-04-05,Lighting,79,19297.26,52,135,102,78,91.57142857142856,32.99927849139062,2,4,0
2023-04-05,Literature,88,16655.89,107,118,101,42,92.0,33.20642508109901,2,4,0
2023-04-05,Mitsubishi 1.5 Ton 3 Star Split AC,101,18924.39,157,104,110,95,102.28571428571428,40.92967255229484,2,4,0
2023-04-05,Non-Fiction,296,83377.62,283,285,307,269,131.57142857142858,77.5840557994084,2,4,0
2023-04-05,Shirt,63,11644.68,90,121,64,92,122.14285714285714,78.12901418258683,2,4,0
2023-04-05,Shoes,188,47331.37,191,188,214,155,135.85714285714286,80.94530781424494,2,4,0
2023-04-05,Shorts,111,20124.34,112,74,80,75,141.71428571428572,76.84988459265746,2,4,0
2023-04-05,Smartphone,275,82086.88,312,289,352,254,178.85714285714286,88.24856669549688,2,4,0
2023-04-05,Snacks,66,16490.170000000002,85,79,86,80,175.71428571428572,91.56366507466156,2,4,0
2023-04-05,Soft Drink,136,36212.19,203,150,180,253,182.28571428571428,91.64735727361771,2,4,0
2023-04-05,T-shirt,130,39455.93,198,172,184,166,170.14285714285714,81.10369611682044,2,4,0
2023-04-05,Tablet,159,40995.44,157,172,194,202,179.71428571428572,73.68336376169408,2,4,0
2023-04-05,Television,203,46045.23,157,247,166,201,174.85714285714286,73.93562193203101,2,4,0
2023-04-05,Thriller,60,15808.15,68,73,112,119,168.57142857142858,81.63915960464323,2,4,0
2023-04-05,Tools,60,17149.22,54,86,78,68,131.71428571428572,61.9615856417353,2,4,0
2023-04-05,Water,287,72937.17,348,384,218,392,169.28571428571428,98.10829778993276,2,4,0
2023-04-06,Bathroom,141,35296.01,96,92,102,84,154.0,100.291242555536,3,4,0
2023-04-06,Bedding,83,20624.47,52,92,106,82,133.14285714285714,104.7002524215814,3,4,0
2023-04-06,BlueStar AC,57,10571.13,69,43,22,54,120.57142857142856,106.62372647595396,3,4,0
2023-04-06,Children's,76,17579.48,104,88,70,71,113.0,105.48143596544998,3,4,0
2023-04-06,Chocolate,56,14366.22,90,101,53,115,116.14285714285714,104.23759489971064,3,4,0
2023-04-06,Coffee,74,22914.93,113,76,173,75,124.57142857142856,100.70064075078692,3,4,0
2023-04-06,Decorations,206,42052.22,201,178,154,190,103.57142857142856,47.745356293769866,3,4,0
2023-04-06,Dress,88,24729.95,84,116,101,133,101.85714285714286,48.27500585682172,3,4,0
2023-04-06,Fiction,280,59896.7,246,228,222,280,129.57142857142858,66.95485330394193,3,4,0
2023-04-06,Fridge,83,25975.34,110,131,134,122,135.42857142857142,62.41222407738504,3,4,0
2023-04-06,Furniture,255,75007.04,144,149,216,161,141.14285714285714,60.86714650621906,3,4,0
2023-04-06,Headphones,85,20006.41,77,87,90,65,139.28571428571428,62.8535713271047,3,4,0
2023-04-06,Jacket,120,24958.83,53,59,112,73,130.71428571428572,70.64397659087031,3,4,0
2023-04-06,Jeans,88,24781.41,118,103,94,47,118.85714285714286,63.483406155804616,3,4,0
2023-04-06,Juice,135,34175.56,213,209,164,224,137.28571428571428,70.06119773863016,3,4,0
2023-04-06,Kitchen,63,14056.04,97,76,79,87,116.0,51.77515491687744,3,4,0
2023-04-06,Laptop,56,14179.2,84,57,108,139,112.28571428571428,53.190582768363086,3,4,0
2023-04-06,Lighting,83,25897.54,79,72,66,110,103.0,52.39910940718981,3,4,0
2023-04-06,Literature,79,20790.24,88,47,42,74,104.57142857142856,51.64899851516029,3,4,0
2023-04-06,Mitsubishi 1.5 Ton 3 Star Split AC,49,11606.06,101,172,94,75,111.42857142857144,46.60063355383739,3,4,0
2023-04-06,Non-Fiction,286,74122.84,296,278,246,208,136.85714285714286,84.18912948718221,3,4,0
2023-04-06,Shirt,87,19867.2,63,101,91,99,115.42857142857144,80.59126739884647,3,4,0
2023-04-06,Shoes,180,54471.11,188,239,176,167,128.42857142857142,84.3738844723436,3,4,0
2023-04-06,Shorts,106,24869.97,111,71,171,114,132.28571428571428,82.60289398827442,3,4,0
2023-04-06,Smartphone,232,62715.05,275,228,213,339,160.28571428571428,93.96757292760516,3,4,0
2023-04-06,Snacks,70,12815.14,66,63,77,47,157.14285714285714,97.10377365037306,3,4,0
2023-04-06,Soft Drink,115,29718.92,136,175,167,166,162.14285714285714,94.59990939288942,3,4,0
2023-04-06,T-shirt,192,52444.39,130,125,133,203,138.42857142857142,74.01994583186611,3,4,0
2023-04-06,Tablet,121,32213.13,159,202,152,238,152.14285714285714,66.19523792395906,3,4,0
2023-04-06,Television,197,58253.93,203,187,211,191,154.28571428571428,67.77343207509946,3,4,0
2023-04-06,Thriller,99,27823.13,60,114,57,106,147.0,75.50275933147533,3,4,0
2023-04-06,Tools,92,20594.59,60,126,122,151,116.28571428571428,55.95448830884577,3,4,0
2023-04-06,Water,326,88882.58,287,418,303,349,147.85714285714286,80.02380598177984,3,4,0
2023-04-07,Bathroom,87,21404.4,141,73,132,104,148.57142857142858,79.92258158755301,4,4,0
2023-04-07,Bedding,78,26373.47,83,84,71,81,141.85714285714286,83.63099220470167,4,4,0
2023-04-07,BlueStar AC,17,4547.39,57,20,36,13,127.28571428571428,88.86828134138429,4,4,0
2023-04-07,Children's,89,24048.14,76,69,50,116,109.14285714285714,83.64494121270084,4,4,0
2023-04-07,Chocolate,101,31549.27,56,109,74,99,108.57142857142856,84.04930525760282,4,4,0
2023-04-07,Coffee,68,18971.93,74,117,37,100,110.57142857142856,82.85903117716883,4,4,0
2023-04-07,Decorations,197,53042.35,206,152,181,170,99.0,55.13014904145746,4,4,0
2023-04-07,Dress,88,18454.76,88,100,55,119,91.42857142857144,51.94823430703898,4,4,0
2023-04-07,Fiction,296,78167.2,280,271,277,188,119.57142857142856,87.68857231296282,4,4,0
2023-04-07,Fridge,107,32210.53,83,157,134,104,123.28571428571428,85.1091735864673,4,4,0
2023-04-07,Furniture,241,61006.82,255,215,195,149,148.85714285714286,94.8655690462889,4,4,0
2023-04-07,Headphones,71,18662.76,85,120,112,90,153.0,90.67524469225336,4,4,0
2023-04-07,Jacket,116,30920.94,120,88,94,91,159.57142857142858,85.51580193714145,4,4,0
2023-04-07,Jeans,74,15601.84,88,106,76,97,142.71428571428572,86.46331454382704,4,4,0
2023-04-07,Juice,146,40505.98,135,190,134,209,149.42857142857142,83.27235864490527,4,4,0
2023-04-07,Kitchen,54,8981.81,63,79,106,122,118.42857142857144,64.9354991327474,4,4,0
2023-04-07,Laptop,108,25746.17,56,140,106,148,114.57142857142856,68.1147491195485,4,4,0
2023-04-07,Lighting,128,37839.86,83,63,91,43,90.0,28.542366171476267,4,4,0
2023-04-07,Literature,91,25005.43,79,55,121,110,89.14285714285714,28.806414629548904,4,4,0
2023-04-07,Mitsubishi 1.5 Ton 3 Star Split AC,53,17697.989999999998,49,106,73,108,79.0,28.62982128247788,4,4,0
2023-04-07,Non-Fiction,300,79108.81,286,292,278,241,107.28571428571428,83.75104832321847,4,4,0
2023-04-07,Shirt,55,9661.31,87,120,91,92,100.42857142857144,83.06595199570252,4,4,0
2023-04-07,Shoes,127,30129.91,180,192,178,109,117.14285714285714,85.99889257315766,4,4,0
2023-04-07,Shorts,107,31234.43,106,90,74,106,124.28571428571428,82.06037266491516,4,4,0
2023-04-07,Smartphone,284,70864.33,232,299,286,320,145.57142857142858,88.62816922938437,4,4,0
2023-04-07,Snacks,73,18466.57,70,77,82,95,144.28571428571428,89.81223800372702,4,4,0
2023-04-07,Soft Drink,163,50554.87,115,151,103,205,153.71428571428572,81.19259877130499,4,4,0
2023-04-07,T-shirt,141,40707.03,192,166,188,184,140.28571428571428,60.90625114527603,4,4,0
2023-04-07,Tablet,219,55108.09,121,94,197,214,145.14285714285714,57.19099163163319,4,4,0
2023-04-07,Television,131,36250.94,197,226,187,145,147.57142857142858,59.24203784154512,4,4,0
2023-04-07,Thriller,132,30819.03,99,49,108,92,146.57142857142858,60.11338492897453,4,4,0
2023-04-07,Tools,99,26428.21,92,140,121,57,126.57142857142856,49.26410844572728,4,4,0
2023-04-07,Water,453,114671.57,326,332,295,367,163.14285714285714,83.437458756901,4,4,0
2023-04-08,Bathroom,77,24342.71,87,82,74,94,159.14285714285714,86.73605281048293,5,4,1
2023-04-08,Bedding,89,23680.16,78,73,64,57,142.85714285714286,90.17284988921482,5,4,1
2023-04-08,BlueStar AC,8,1134.36,17,50,31,42,128.0,102.14695296483394,5,4,1
2023-04-08,Children's,85,23218.1,89,71,100,80,112.57142857142856,98.0626621823296,5,4,1
2023-04-08,Chocolate,95,25518.47,101,81,86,60,112.85714285714286,98.0194344189432,5,4,1
2023-04-08,Coffee,96,26356.96,68,68,60,64,109.42857142857144,99.28218561732191,5,4,1
2023-04-08,Decorations,114,35385.840000000004,197,171,205,150,91.0,54.05244366970497,5,4,1
2023-04-08,Dress,95,22868.45,88,68,97,135,91.14285714285714,54.04143031486262,5,4,1
2023-04-08,Fiction,329,93676.67,296,262,260,234,122.28571428571428,93.56586679217703,5,4,1
2023-04-08,Fridge,97,17798.89,107,85,105,96,135.14285714285714,82.17750821935928,5,4,1
2023-04-08,Furniture,156,38561.98,241,171,102,167,156.85714285714286,87.8396808043469,5,4,1
2023-04-08,Headphones,111,28006.29,71,109,64,54,152.57142857142858,91.66761904267176,5,4,1
2023-04-08,Jacket,116,29570.01,116,75,93,72,159.42857142857142,85.90082875591136,5,4,1
2023-04-08,Jeans,90,24130.36,74,92,69,57,141.85714285714286,89.44165429937853,5,4,1
2023-04-08,Juice,126,29575.09,146,194,158,190,150.14285714285714,86.25046583725144,5,4,1
2023-04-08,Kitchen,117,26960.21,54,119,64,70,115.57142857142856,63.55799751108462,5,4,1
2023-04-08,Laptop,107,29932.6,108,54,88,123,115.71428571428572,63.53664109712405,5,4,1
2023-04-08,Lighting,61,11709.2,128,50,80,56,99.57142857142856,33.792785930614826,5,4,1
2023-04-08,Literature,77,7374.55,91,99,151,65,102.42857142857144,31.758763320051177,5,4,1
2023-04-08,Mitsubishi 1.5 Ton 3 Star Split AC,110,28138.68,53,110,116,133,93.42857142857144,35.925186813975245,5,4,1
2023-04-08,Non-Fiction,290,65608.24,300,327,249,269,125.71428571428572,84.40125252963624,5,4,1
2023-04-08,Shirt,97,19549.12,55,42,60,104,112.71428571428572,87.69970407725492,5,4,1
2023-04-08,Shoes,208,47626.04,127,205,184,235,123.14285714285714,83.80817098475255,5,4,1
2023-04-08,Shorts,54,13572.82,107,87,122,66,123.0,83.8391316748927,5,4,1
2023-04-08,Smartphone,229,61697.81,284,280,264,222,145.28571428571428,103.7572716900914,5,4,1
2023-04-08,Snacks,103,35647.0,73,118,77,82,142.71428571428572,105.53469300932012,5,4,1
2023-04-08,Soft Drink,228,59182.99,163,169,131,168,158.42857142857142,97.86020155108548,5,4,1
2023-04-08,T-shirt,167,42222.53,141,179,158,204,135.71428571428572,75.39830742068928,5,4,1
2023-04-08,Tablet,135,37036.83,219,186,115,208,159.14285714285714,71.51789652813864,5,4,1
2023-04-08,Television,169,35484.22,131,180,112,145,159.71428571428572,71.23368652005956,5,4,1
2023-04-08,Thriller,52,13708.6,132,110,81,120,163.28571428571428,68.73309315924985,5,4,1
2023-04-08,Tools,121,34416.14,99,63,131,122,136.85714285714286,46.57763616239231,5,4,1
2023-04-08,Water,262,70443.93000000001,453,335,411,386,191.14285714285717,121.28262938474016,5,4,1
2023-04-09,Bathroom,78,17367.87,77,72,110,115,178.85714285714286,128.735424510154,6,4,1
2023-04-09,Bedding,86,17630.4,89,99,73,52,171.42857142857142,132.72258931427515,6,4,1
2023-04-09,BlueStar AC,29,4921.93,8,23,20,44,141.28571428571428,143.6299809530428,6,4,1
2023-04-09,Children's,69,24557.83,85,68,32,99,134.71428571428572,145.2224894035749,6,4,1
2023-04-09,Chocolate,66,18362.04,95,79,54,114,129.42857142857142,146.00896906566751,6,4,1
2023-04-09,Coffee,75,25900.39,96,114,111,86,129.0,146.11753260075716,6,4,1
2023-04-09,Decorations,189,51697.97,114,140,133,178,80.57142857142857,33.99439729748146,6,4,1
2023-04-09,Dress,119,27244.17,95,45,58,51,83.14285714285714,34.35805859585433,6,4,1
2023-04-09,Fiction,293,72497.71,329,236,261,280,117.42857142857144,99.38621155683036,6,4,1
2023-04-09,Fridge,69,19472.17,97,65,146,87,130.14285714285714,88.10680747711567,6,4,1
2023-04-09,Furniture,153,40941.12,156,208,185,168,140.28571428571428,86.10790572631201,6,4,1
2023-04-09,Headphones,115,21886.14,111,118,133,97,142.57142857142858,84.90947560560633,6,4,1
2023-04-09,Jacket,146,38146.77,116,83,52,108,145.42857142857142,83.40435069158998,6,4,1
2023-04-09,Jeans,92,24481.41,90,70,67,49,142.0,85.3814968245463,6,4,1
2023-04-09,Juice,109,26923.86,126,160,137,211,146.42857142857142,83.31637922773085,6,4,1
2023-04-09,Kitchen,94,25072.58,117,82,112,95,116.14285714285714,21.458708965736548,6,4,1
2023-04-09,Laptop,106,26798.99,107,77,98,122,117.57142857142856,20.271960461493936,6,4,1
2023-04-09,Lighting,73,19612.65,61,136,137,93,104.0,21.984843263787823,6,4,1
2023-04-09,Literature,110,30067.36,77,126,64,93,99.14285714285714,23.856715137311703,6,4,1
2023-04-09,Mitsubishi 1.5 Ton 3 Star Split AC,111,27418.96,110,62,105,134,98.28571428571428,23.25019201149548,6,4,1
2023-04-09,Non-Fiction,254,60464.06,290,231,264,306,126.85714285714286,75.51474154412625,6,4,1
2023-04-09,Shirt,116,35329.46,97,106,106,89,122.71428571428572,76.36036119548386,6,4,1
2023-04-09,Shoes,157,33290.35,208,130,224,166,135.71428571428572,82.70774708920219,6,4,1
2023-04-09,Shorts,128,31304.25,54,108,89,89,128.14285714285714,88.02921592938823,6,4,1
2023-04-09,Smartphone,266,67319.22,229,200,348,283,152.14285714285714,89.56083327628697,6,4,1
2023-04-09,Snacks,32,8419.34,103,96,139,63,155.85714285714286,86.40877380495691,6,4,1
2023-04-09,Soft Drink,149,37996.14,228,109,237,178,172.71428571428572,87.4751665440243,6,4,1
2023-04-09,T-shirt,195,49762.59,167,229,189,210,155.14285714285714,70.7423224843248,6,4,1
2023-04-09,Tablet,253,68687.84,135,157,169,179,160.57142857142858,66.89010176614875,6,4,1
2023-04-09,Television,216,55817.3,169,155,206,183,155.0,63.83572667401865,6,4,1
2023-04-09,Thriller,120,29659.13,52,124,106,67,154.71428571428572,64.36540034758409,6,4,1
2023-04-09,Tools,106,21100.26,121,73,110,27,139.28571428571428,55.9902202344728,6,4,1
2023-04-09,Water,370,90147.91,262,406,407,283,162.0,69.45022198188681,6,4,1
2023-04-10,Bathroom,92,14786.93,78,68,82,91,140.57142857142858,68.83036428509625,0,4,0
2023-04-10,Bedding,86,19325.45,86,91,67,118,129.0,70.43673284113433,0,4,0
2023-04-10,BlueStar AC,66,14522.55,29,27,16,33,113.85714285714286,79.71496842172226,0,4,0
2023-04-10,Children's,89,23123.23,69,136,120,104,99.57142857142856,77.1035173059722,0,4,0
2023-04-10,Chocolate,129,34787.66,66,72,67,144,101.57142857142856,75.83503399453552,0,4,0
2023-04-10,Coffee,82,17334.63,75,128,94,48,95.0,75.86391324821905,0,4,0
2023-04-10,Decorations,209,51160.66,189,149,144,124,84.57142857142857,49.52728925503944,0,4,0
2023-04-10,Dress,122,31532.33,119,102,112,50,90.42857142857144,51.022404042593706,0,4,0
2023-04-10,Fiction,248,58699.55,293,262,231,224,120.0,91.75510884958936,0,4,0
2023-04-10,Fridge,63,17708.91,69,134,117,73,125.71428571428572,86.22202790028828,0,4,0
2023-04-10,Furniture,175,37765.47,153,151,239,203,137.71428571428572,82.79032609694264,0,4,0
2023-04-10,Headphones,97,27783.42,115,105,99,93,144.71428571428572,77.62670134628144,0,4,0
2023-04-10,Jacket,91,20110.83,146,57,65,103,154.85714285714286,71.38727377581297,0,4,0
2023-04-10,Jeans,75,17585.52,92,90,122,123,141.0,73.05021104236003,0,4,0
2023-04-10,Juice,186,45903.77,109,153,120,202,139.57142857142858,73.64748726842204,0,4,0
2023-04-10,Kitchen,98,23591.71,94,76,94,84,111.14285714285714,30.06342501794344,0,4,0
2023-04-10,Laptop,115,27683.67,106,140,79,92,116.42857142857144,24.075278765136563,0,4,0
2023-04-10,Lighting,77,21892.63,73,136,103,102,105.0,22.774254470051176,0,4,0
2023-04-10,Literature,136,30935.93,110,94,82,103,104.28571428571428,22.48491557848077,0,4,0
2023-04-10,Mitsubishi 1.5 Ton 3 Star Split AC,112,29381.94,111,82,92,83,99.28571428571428,13.924969009112257,0,4,0
2023-04-10,Non-Fiction,246,62574.18,254,192,280,339,122.42857142857144,59.57867947193056,0,4,0
2023-04-10,Shirt,82,22940.62,116,126,101,109,123.42857142857144,59.374116534780605,0,4,0
2023-04-10,Shoes,202,45644.0,157,163,188,197,132.42857142857142,58.94307180904059,0,4,0
2023-04-10,Shorts,58,18685.9,128,116,100,84,135.57142857142858,57.87589349305159,0,4,0
2023-04-10,Smartphone,333,87763.66,266,211,271,319,163.14285714285714,68.15773023271987,0,4,0
2023-04-10,Snacks,95,20820.77,32,56,78,92,152.0,83.04416495656604,0,4,0
2023-04-10,Soft Drink,130,30477.49,149,202,155,142,157.42857142857142,81.13744951799838,0,4,0
2023-04-10,T-shirt,208,60272.5,195,185,142,142,149.0,71.98147909937214,0,4,0
2023-04-10,Tablet,201,46633.15,253,171,189,249,168.57142857142858,79.72213649682926,0,4,0
2023-04-10,Television,191,49145.48,216,195,185,231,177.0,81.39615060513223,0,4,0
2023-04-10,Thriller,138,44116.86,120,55,124,86,175.85714285714286,82.25048849181925,0,4,0
2023-04-10,Tools,70,19575.7,106,94,81,75,153.0,74.93107944415777,0,4,0
2023-04-10,Water,414,102867.39,370,352,429,387,201.28571428571428,91.11844724627107,0,4,0
2023-04-11,Bathroom,118,32281.86,92,119,116,101,193.14285714285717,98.79343529376284,1,4,0
2023-04-11,Bedding,69,17753.43,86,116,102,97,177.57142857142858,106.72371986092136,1,4,0
2023-04-11,BlueStar AC,23,6288.389999999999,66,21,32,58,150.85714285714286,108.09167185222708,1,4,0
2023-04-11,Children's,117,25004.62,89,54,129,123,132.71428571428572,105.97281771868715,1,4,0
2023-04-11,Chocolate,85,20207.29,129,95,82,96,134.0,105.84737439665976,1,4,0
2023-04-11,Coffee,93,28377.96,82,69,96,88,130.57142857142858,107.28444612781657,1,4,0
2023-04-11,Decorations,145,36963.87,209,194,225,232,107.57142857142856,48.6170653949724,1,4,0
2023-04-11,Dress,70,20219.66,122,72,81,80,111.85714285714286,48.337109868879935,1,4,0
2023-04-11,Fiction,284,82490.22,248,255,314,241,135.0,68.47870715290507,1,4,0
2023-04-11,Fridge,119,23510.69,63,145,101,74,134.57142857142858,68.98999237294527,1,4,0
2023-04-11,Furniture,180,46973.3,175,221,126,158,146.85714285714286,67.15511539569813,1,4,0
2023-04-11,Headphones,64,9783.63,97,104,91,175,142.28571428571428,69.61732132574072,1,4,0
2023-04-11,Jacket,61,8452.48,91,85,76,68,143.57142857142858,68.39068441159016,1,4,0
2023-04-11,Jeans,126,25740.55,75,78,87,92,124.42857142857144,65.7263446492529,1,4,0
2023-04-11,Juice,183,39939.96,186,156,213,134,133.57142857142858,69.6655274456866,1,4,0
2023-04-11,Kitchen,83,24799.41,98,95,67,51,112.14285714285714,48.436998845333534,1,4,0
2023-04-11,Laptop,65,16724.69,115,71,59,90,119.57142857142856,43.36610482414852,1,4,0
2023-04-11,Lighting,83,26048.99,77,52,100,125,105.57142857142856,37.97304808614079,1,4,0
2023-04-11,Literature,137,38584.91,136,107,93,82,111.14285714285714,39.34221045911767,1,4,0
2023-04-11,Mitsubishi 1.5 Ton 3 Star Split AC,65,14882.92,112,157,168,95,114.14285714285714,38.33809494236131,1,4,0
2023-04-11,Non-Fiction,308,70818.14,246,283,197,295,138.57142857142858,58.44614941082419,1,4,0
2023-04-11,Shirt,138,37212.24,82,90,101,99,123.71428571428572,57.59257557971127,1,4,0
2023-04-11,Shoes,148,33204.17,202,191,199,179,138.57142857142858,63.01284827413415,1,4,0
2023-04-11,Shorts,73,26698.51,58,112,85,113,130.42857142857142,69.87574005060014,1,4,0
2023-04-11,Smartphone,292,77744.66,333,312,287,237,167.0,98.41578464182813,1,4,0
2023-04-11,Snacks,80,17520.690000000002,95,85,95,95,161.14285714285714,101.73237533094472,1,4,0
2023-04-11,Soft Drink,115,24450.47,130,203,164,154,163.71428571428572,100.50325746912276,1,4,0
2023-04-11,T-shirt,174,43147.99,208,198,249,163,158.28571428571428,96.25437528707349,1,4,0
2023-04-11,Tablet,158,45729.7,201,157,188,234,175.28571428571428,90.89502055616023,1,4,0
2023-04-11,Television,154,46425.25,191,157,108,209,173.71428571428572,90.45019676727144,1,4,0
2023-04-11,Thriller,67,14777.17,138,68,73,110,185.14285714285717,77.52296126832076,1,4,0
2023-04-11,Tools,111,28710.85,70,54,84,123,147.57142857142858,54.11979657160949,1,4,0
2023-04-11,Water,351,88336.98,414,348,371,471,193.14285714285717,108.97771725055952,1,4,0
2023-04-12,Bathroom,65,17965.260000000002,118,96,82,88,191.42857142857144,110.22379831182444,2,4,0
2023-04-12,Bedding,71,13471.55,69,52,56,78,171.57142857142858,118.91853954543453,2,4,0
2023-04-12,BlueStar AC,13,3735.58,23,69,48,29,146.14285714285714,130.08385573855637,2,4,0
2023-04-12,Children's,116,31160.51,117,104,119,80,135.57142857142858,128.8317470486955,2,4,0
2023-04-12,Chocolate,80,19130.82,85,90,104,37,128.0,130.21520648526428,2,4,0
2023-04-12,Coffee,94,23422.64,93,113,129,61,131.28571428571428,128.79015786116878,2,4,0
2023-04-12,Decorations,152,42345.29,145,201,165,157,92.85714285714286,39.67546921137602,2,4,0
2023-04-12,Dress,92,25581.22,70,84,110,88,86.0,38.74274125562085,2,4,0
2023-04-12,Fiction,232,49860.25,284,246,284,207,116.71428571428572,82.98336035156744,2,4,0
2023-04-12,Fridge,82,25781.52,119,110,95,102,130.42857142857142,72.13842513496111,2,4,0
2023-04-12,Furniture,149,38952.65,180,144,191,179,139.42857142857142,74.08746439818542,2,4,0
2023-04-12,Headphones,140,42412.86,64,77,119,90,136.42857142857142,77.02566053564482,2,4,0
2023-04-12,Jacket,140,32129.8,61,53,116,70,131.85714285714286,80.88557467482195,2,4,0
2023-04-12,Jeans,90,26511.27,126,118,40,74,129.14285714285714,80.6895874559384,2,4,0
2023-04-12,Juice,154,39872.56,183,213,154,241,145.28571428571428,78.14882017815822,2,4,0
2023-04-12,Kitchen,57,14652.64,83,97,60,104,116.57142857142856,50.84242697740127,2,4,0
2023-04-12,Laptop,87,20625.77,65,84,97,62,108.85714285714286,54.385747432664,2,4,0
2023-04-12,Lighting,100,15278.94,83,79,135,71,95.0,44.73998956936239,2,4,0
2023-04-12,Literature,85,27441.19,137,88,118,87,105.42857142857144,44.81761983438034,2,4,0
2023-04-12,Mitsubishi 1.5 Ton 3 Star Split AC,35,13189.66,65,101,104,86,106.0,44.17767158493825,2,4,0
2023-04-12,Non-Fiction,262,61579.61,308,296,285,270,132.0,88.86506625215561,2,4,0
2023-04-12,Shirt,71,15708.96,138,63,121,84,125.57142857142856,86.14688453035151,2,4,0
2023-04-12,Shoes,189,59094.82,148,188,188,169,134.85714285714286,84.27618993806138,2,4,0
2023-04-12,Shorts,60,19951.35,73,111,74,53,136.0,83.21858766725941,2,4,0
2023-04-12,Smartphone,300,86676.73,292,275,289,262,165.85714285714286,97.33007170008086,2,4,0
2023-04-12,Snacks,109,30584.43,80,66,79,139,157.71428571428572,102.39907923693184,2,4,0
2023-04-12,Soft Drink,135,28573.85,115,136,150,189,164.85714285714286,96.42342137922826,2,4,0
2023-04-12,T-shirt,134,37127.81,174,130,172,223,145.71428571428572,73.95204366280066,2,4,0
2023-04-12,Tablet,197,49320.44,158,159,172,218,148.57142857142858,73.99066865233118,2,4,0
2023-04-12,Television,220,55539.44,154,203,247,200,149.42857142857142,74.01769415227054,2,4,0
2023-04-12,Thriller,77,19233.58,67,60,73,94,148.57142857142858,75.07742035804816,2,4,0
2023-04-12,Tools,102,28081.59,111,60,86,104,122.71428571428572,40.782816175910376,2,4,0
2023-04-12,Water,420,99100.62,351,287,384,395,161.42857142857142,91.0839487192213,2,4,0
2023-04-13,Bathroom,71,16225.62,65,141,92,83,154.28571428571428,97.09396528743748,3,4,0
2023-04-13,Bedding,81,14160.98,71,83,92,88,139.57142857142858,101.32103622127238,3,4,0
2023-04-13,BlueStar AC,19,5429.62,13,57,43,33,118.85714285714286,111.26009852507558,3,4,0
2023-04-13,Children's,111,33422.29,116,76,88,80,113.42857142857144,110.18145207317056,3,4,0
2023-04-13,Chocolate,88,20650.06,80,56,101,70,115.28571428571428,109.37506462583124,3,4,0
2023-04-13,Coffee,124,32184.1,94,74,76,125,112.85714285714286,109.6744099162434,3,4,0
2023-04-13,Decorations,251,52131.08,152,206,178,180,84.42857142857143,43.4620798047259,3,4,0
2023-04-13,Dress,158,41401.68,92,88,116,118,88.28571428571429,42.64080317299476,3,4,0
2023-04-13,Fiction,335,86443.15,232,280,228,221,111.28571428571428,67.77589120455315,3,4,0
2023-04-13,Fridge,54,11727.99,82,83,131,99,121.14285714285714,54.89210195595408,3,4,0
2023-04-13,Furniture,171,39197.13,149,255,149,182,125.85714285714286,55.78658312840875,3,4,0
2023-04-13,Headphones,63,17329.39,140,85,87,74,134.42857142857142,52.05079936260078,3,4,0
2023-04-13,Jacket,104,29726.17,140,120,59,86,141.0,48.90466917040414,3,4,0
2023-04-13,Jeans,90,32345.02,90,88,103,84,132.14285714285714,52.091037525434224,3,4,0
2023-04-13,Juice,167,41125.46,154,135,209,155,141.0,49.3254498205542,3,4,0
2023-04-13,Kitchen,68,19324.19,57,63,76,81,116.0,38.72552990814542,3,4,0
2023-04-13,Laptop,72,19239.29,87,56,57,128,116.71428571428572,38.03381953697824,3,4,0
2023-04-13,Lighting,102,32054.76,100,83,72,145,109.71428571428572,35.527990306772075,3,4,0
2023-04-13,Literature,84,22534.36,85,79,47,75,101.85714285714286,33.751190455195044,3,4,0
2023-04-13,Mitsubishi 1.5 Ton 3 Star Split AC,94,26382.23,35,49,172,128,86.85714285714286,37.13681269499096,3,4,0
2023-04-13,Non-Fiction,274,71050.66,262,286,278,194,111.42857142857144,76.06325688280147,3,4,0
2023-04-13,Shirt,87,20936.47,71,87,101,72,99.57142857142856,74.7793579870299,3,4,0
2023-04-13,Shoes,158,39910.16,189,180,239,182,118.42857142857144,78.79056022743069,3,4,0
2023-04-13,Shorts,91,24126.26,60,106,71,119,114.57142857142856,81.20931215662634,3,4,0
2023-04-13,Smartphone,343,89405.97,300,232,228,344,143.14285714285714,106.47915065311864,3,4,0
2023-04-13,Snacks,58,13347.01,109,70,63,89,146.57142857142858,104.66590839883058,3,4,0
2023-04-13,Soft Drink,172,44194.12,135,115,175,192,160.85714285714286,93.0831681372965,3,4,0
2023-04-13,T-shirt,169,49798.22,134,192,125,151,142.57142857142858,81.79009137798452,3,4,0
2023-04-13,Tablet,152,38993.54,197,121,202,218,160.57142857142858,77.14673711583056,3,4,0
2023-04-13,Television,167,42849.95,220,197,187,207,165.0,79.89159321647485,3,4,0
2023-04-13,Thriller,123,31316.73,77,99,114,127,167.42857142857142,76.34757613017197,3,4,0
2023-04-13,Tools,111,22396.16,102,92,126,131,139.14285714285714,51.766876705182185,3,4,0
2023-04-13,Water,291,81804.55,420,326,418,392,183.57142857142856,115.63859958632214,3,4,0
2023-04-14,Bathroom,124,31348.1,71,87,73,73,174.42857142857142,122.4484342391485,4,4,0
2023-04-14,Bedding,96,23256.46,81,78,84,121,166.85714285714286,126.9217981953568,4,4,0
2023-04-14,BlueStar AC,35,8024.86,19,17,20,18,141.42857142857142,137.28420295486438,4,4,0
2023-04-14,Children's,96,28887.52,111,89,69,110,125.85714285714286,133.00179017771225,4,4,0
2023-04-14,Chocolate,48,15705.99,88,101,109,39,127.42857142857144,132.39191458551787,4,4,0
2023-04-14,Coffee,89,23851.74,124,68,117,42,130.57142857142858,131.9480417220571,4,4,0
2023-04-14,Decorations,192,36977.87,251,197,152,185,106.42857142857144,72.0135569247373,4,4,0
2023-04-14,Dress,92,18348.09,158,88,100,75,118.85714285714286,72.38652860725902,4,4,0
2023-04-14,Fiction,279,74255.18,335,296,271,226,155.14285714285714,106.07140452140187,4,4,0
2023-04-14,Fridge,152,33823.5,54,107,157,113,160.14285714285714,99.18573246092174,4,4,0
2023-04-14,Furniture,128,31932.96,171,241,215,170,168.71428571428572,96.7948247337538,4,4,0
2023-04-14,Headphones,78,14621.55,63,71,120,49,165.14285714285714,100.65357846168652,4,4,0
2023-04-14,Jacket,65,13639.74,104,116,88,76,162.28571428571428,102.28671188659575,4,4,0
2023-04-14,Jeans,122,29970.46,90,74,106,117,139.28571428571428,96.97716962549195,4,4,0
2023-04-14,Juice,189,51365.2,167,146,190,226,140.57142857142858,97.32566832180362,4,4,0
2023-04-14,Kitchen,81,16720.27,68,54,79,82,102.42857142857144,48.50036818711497,4,4,0
2023-04-14,Laptop,97,22605.94,72,108,140,82,105.0,45.91296113299599,4,4,0
2023-04-14,Lighting,40,7987.629999999999,102,128,63,69,95.14285714285714,35.63906364009658,4,4,0
2023-04-14,Literature,74,22704.05,84,91,55,84,98.14285714285714,33.28877974848064,4,4,0
2023-04-14,Mitsubishi 1.5 Ton 3 Star Split AC,117,29709.62,94,53,106,111,96.71428571428572,33.21000996544203,4,4,0
2023-04-14,Non-Fiction,227,57707.05,274,300,292,304,123.0,74.34827951383053,4,4,0
2023-04-14,Shirt,70,16048.87,87,55,120,95,111.57142857142856,72.58525365126893,4,4,0
2023-04-14,Shoes,186,46224.18,158,127,192,191,124.42857142857144,71.54452493111582,4,4,0
2023-04-14,Shorts,127,31333.22,91,107,90,77,127.14285714285714,69.55675996725886,4,4,0
2023-04-14,Smartphone,311,71001.4,343,284,299,257,161.57142857142858,105.43063619090547,4,4,0
2023-04-14,Snacks,111,31781.07,58,73,77,93,157.85714285714286,109.0159446616696,4,4,0
2023-04-14,Soft Drink,205,47742.58,172,163,151,205,169.0,105.32489417670142,4,4,0
2023-04-14,T-shirt,148,41150.36,169,141,166,197,154.0,94.83318687744996,4,4,0
2023-04-14,Tablet,176,41935.66,152,219,94,219,163.28571428571428,90.25097282156084,4,4,0
2023-04-14,Television,173,40299.23,167,131,226,186,164.57142857142858,90.2272263840156,4,4,0
2023-04-14,Thriller,151,41306.76,123,132,49,95,169.14285714285714,86.61683549100724,4,4,0
2023-04-14,Tools,69,20681.28,111,99,140,68,136.0,41.7931413830868,4,4,0
2023-04-14,Water,346,91632.72,291,453,332,344,169.28571428571428,58.68763153542759,4,4,0
2023-04-15,Bathroom,82,27007.07,124,77,82,99,162.42857142857142,61.07333608828324,5,4,1
2023-04-15,Bedding,60,18607.06,96,89,73,92,152.0,65.81286601670946,5,4,1
2023-04-15,BlueStar AC,35,7492.18,35,8,50,26,135.28571428571428,79.29000417394855,5,4,1
2023-04-15,Children's,85,18550.6,96,85,71,98,125.14285714285714,79.09788992429701,5,4,1
2023-04-15,Chocolate,73,16343.27,48,95,81,97,114.42857142857144,84.34227319452008,5,4,1
2023-04-15,Coffee,72,18455.64,89,96,68,90,111.28571428571428,84.89938022096966,5,4,1
2023-04-15,Decorations,199,45663.45,192,114,171,178,97.14285714285714,51.74433486359837,5,4,1
2023-04-15,Dress,105,24865.55,92,95,68,113,92.57142857142856,50.37147718983159,5,4,1
2023-04-15,Fiction,246,64504.71,279,329,262,316,118.71428571428572,86.77886510303901,5,4,1
2023-04-15,Fridge,111,31610.27,152,97,85,131,135.42857142857142,78.87512734877662,5,4,1
2023-04-15,Furniture,176,45720.84,128,156,171,198,140.0,77.1167945391924,5,4,1
2023-04-15,Headphones,102,25714.34,78,111,109,69,144.28571428571428,71.80230796131448,5,4,1
2023-04-15,Jacket,79,22875.27,65,116,75,95,140.85714285714286,75.3667224784445,5,4,1
2023-04-15,Jeans,81,19897.15,122,90,92,76,130.85714285714286,72.01950793923501,5,4,1
2023-04-15,Juice,151,31933.74,189,126,194,167,144.71428571428572,72.62624476435117,5,4,1
2023-04-15,Kitchen,66,21572.06,81,117,119,66,116.42857142857144,44.85850771353994,5,4,1
2023-04-15,Laptop,85,29658.14,97,107,54,97,108.57142857142856,42.335395525325154,5,4,1
2023-04-15,Lighting,86,16339.1,40,61,50,99,96.0,48.25626038833376,5,4,1
2023-04-15,Literature,83,20262.79,74,77,99,120,95.42857142857144,48.52785160041999,5,4,1
2023-04-15,Mitsubishi 1.5 Ton 3 Star Split AC,125,24109.73,117,110,110,70,102.85714285714286,47.05113732748156,5,4,1
2023-04-15,Non-Fiction,337,80228.94,227,290,327,251,117.85714285714286,66.77431784608162,5,4,1
2023-04-15,Shirt,99,26361.67,70,97,42,37,100.85714285714286,60.496359591379786,5,4,1
2023-04-15,Shoes,158,45358.33,186,208,205,167,115.85714285714286,67.37810863930163,5,4,1
2023-04-15,Shorts,97,21780.88,127,54,87,102,120.14285714285714,66.93137921639993,5,4,1
2023-04-15,Smartphone,218,55916.42,311,229,280,221,158.85714285714286,87.93070865067303,5,4,1
2023-04-15,Snacks,93,19319.03,111,103,118,95,164.14285714285714,82.95064510785642,5,4,1
2023-04-15,Soft Drink,216,59218.84,205,228,169,213,176.71428571428572,81.26646353347806,5,4,1
2023-04-15,T-shirt,173,42081.6,148,167,179,148,165.42857142857142,78.55965279721562,5,4,1
2023-04-15,Tablet,175,47660.93,176,135,186,136,180.57142857142856,66.36981528490497,5,4,1
2023-04-15,Television,199,47526.87,173,169,180,232,178.71428571428572,66.3744787442542,5,4,1
2023-04-15,Thriller,64,14902.35,151,52,110,108,182.14285714285717,63.8290126599408,5,4,1
2023-04-15,Tools,107,23088.19,69,121,63,77,147.57142857142858,45.23220513033161,5,4,1
2023-04-15,Water,341,89453.73,346,262,335,295,181.14285714285717,84.08612364995913,5,4,1
2023-04-16,Bathroom,93,23128.75,82,78,72,100,163.57142857142858,90.84943064003797,6,4,1
2023-04-16,Bedding,66,17443.85,60,86,99,73,151.0,99.07909298467908,6,4,1
2023-04-16,BlueStar AC,41,13266.43,35,29,23,28,130.85714285714286,107.15320584942631,6,4,1
2023-04-16,Children's,56,12824.28,85,69,68,78,118.28571428571428,106.545317878848,6,4,1
2023-04-16,Chocolate,90,22290.08,73,66,79,60,107.14285714285714,106.63243498333982,6,4,1
2023-04-16,Coffee,106,31324.47,72,75,114,108,107.57142857142856,106.4594713852133,6,4,1
2023-04-16,Decorations,184,47405.9,199,189,140,199,86.57142857142857,52.32226149182624,6,4,1
2023-04-16,Dress,69,19022.16,105,119,45,104,89.85714285714286,52.7080910026426,6,4,1
2023-04-16,Fiction,353,95581.77,246,293,236,322,116.42857142857144,76.6112636254338,6,4,1
2023-04-16,Fridge,134,30573.07,111,69,65,127,127.28571428571428,68.0556494978296,6,4,1
2023-04-16,Furniture,189,43947.74,176,153,208,181,140.28571428571428,67.31942336283616,6,4,1
2023-04-16,Headphones,83,22493.86,102,115,118,44,144.42857142857142,63.25835160371364,6,4,1
2023-04-16,Jacket,116,31567.53,79,146,83,61,145.42857142857142,61.96465966677344,6,4,1
2023-04-16,Jeans,72,17137.329999999998,81,92,70,114,128.57142857142858,61.00507394978761,6,4,1
2023-04-16,Juice,145,35641.38,151,109,160,184,135.14285714285714,60.51839547175883,6,4,1
2023-04-16,Kitchen,56,10722.21,66,94,82,146,109.42857142857144,40.49220971519151,6,4,1
2023-04-16,Laptop,78,16816.59,85,106,77,83,105.71428571428572,41.50387245271734,6,4,1
2023-04-16,Lighting,87,27866.51,86,73,136,79,92.85714285714286,27.769459071844643,6,4,1
2023-04-16,Literature,100,24417.38,83,110,126,83,90.14285714285714,27.65518981691358,6,4,1
2023-04-16,Mitsubishi 1.5 Ton 3 Star Split AC,149,46961.19,125,111,62,105,96.71428571428572,29.93723593183068,6,4,1
2023-04-16,Non-Fiction,192,51157.66,337,254,231,216,133.28571428571428,94.43289378480064,6,4,1
2023-04-16,Shirt,87,24911.03,99,116,106,128,125.85714285714286,94.85151302857288,6,4,1
2023-04-16,Shoes,188,46584.32,158,157,130,178,139.0,91.489525812157,6,4,1
2023-04-16,Shorts,90,22541.13,97,128,108,58,140.71428571428572,90.41517993072164,6,4,1
2023-04-16,Smartphone,347,85231.09,218,266,200,241,159.57142857142858,90.86593997543338,6,4,1
2023-04-16,Snacks,82,25279.83,93,32,96,86,161.0,89.53025559366331,6,4,1
2023-04-16,Soft Drink,180,57193.73,216,149,109,176,174.0,90.03702941938215,6,4,1
2023-04-16,T-shirt,212,59547.26,173,195,229,158,150.57142857142858,55.12064689647361,6,4,1
2023-04-16,Tablet,125,25248.9,175,253,157,127,161.42857142857142,50.566316663886006,6,4,1
2023-04-16,Television,191,56237.22,199,216,155,166,167.28571428571428,52.44271250839445,6,4,1
2023-04-16,Thriller,126,35383.46,64,120,124,78,162.57142857142858,60.65436819349779,6,4,1
2023-04-16,Tools,109,23909.08,107,106,73,114,146.71428571428572,58.20857406978895,6,4,1
2023-04-16,Water,346,78906.95,341,370,406,397,182.14285714285717,87.94397567282752,6,4,1
2023-04-17,Bathroom,124,34942.08,93,92,68,89,164.57142857142858,92.23494844301553,0,4,0
2023-04-17,Bedding,105,29184.54,66,86,91,55,149.28571428571428,99.20805458851667,0,4,0
2023-04-17,BlueStar AC,59,16761.649999999998,41,66,27,24,130.14285714285714,106.10753754474528,0,4,0
2023-04-17,Children's,99,29177.72,56,89,136,99,109.71428571428572,104.39303023624116,0,4,0
2023-04-17,Chocolate,87,20941.03,90,129,72,78,113.42857142857144,102.94797576584844,0,4,0
2023-04-17,Coffee,98,26007.01,106,82,128,91,113.28571428571428,102.9590764749346,0,4,0
2023-04-17,Decorations,139,41508.25,184,209,149,216,90.85714285714286,46.95539930412177,0,4,0
2023-04-17,Dress,77,19857.85,69,122,102,64,87.42857142857143,47.64401726295102,0,4,0
2023-04-17,Fiction,286,70027.05,353,248,262,316,128.42857142857142,109.48494134332988,0,4,0
2023-04-17,Fridge,96,21987.04,134,63,134,152,141.71428571428572,102.52920605972768,0,4,0
2023-04-17,Furniture,135,31536.95,189,175,151,156,160.71428571428572,96.12095554684268,0,4,0
2023-04-17,Headphones,122,27337.74,83,97,105,92,159.71428571428572,97.01153588742991,0,4,0
2023-04-17,Jacket,102,26317.43,116,91,57,86,161.14285714285714,96.15859914992627,0,4,0
2023-04-17,Jeans,89,27411.84,72,75,90,51,145.14285714285714,100.92146876231472,0,4,0
2023-04-17,Juice,255,78264.74,145,186,153,177,156.0,95.29602999775668,0,4,0
2023-04-17,Kitchen,93,26687.25,56,98,76,112,113.57142857142856,46.68639038969545,0,4,0
2023-04-17,Laptop,103,29274.76,78,115,140,65,105.57142857142856,47.39499672207723,0,4,0
2023-04-17,Lighting,103,26531.56,87,77,136,98,91.0,29.93325909419143,0,4,0
2023-04-17,Literature,84,23625.72,100,136,94,123,93.42857142857144,29.86557183367456,0,4,0
2023-04-17,Mitsubishi 1.5 Ton 3 Star Split AC,99,25185.21,149,112,82,98,98.14285714285714,35.997354400143344,0,4,0
2023-04-17,Non-Fiction,243,57217.08,192,246,192,281,115.28571428571428,48.033718315763295,0,4,0
2023-04-17,Shirt,127,36806.66,87,82,126,116,107.0,47.04607670500624,0,4,0
2023-04-17,Shoes,178,54844.55,188,202,163,163,125.85714285714286,49.58302320831386,0,4,0
2023-04-17,Shorts,89,23679.61,90,58,116,133,127.57142857142856,47.82906070182696,0,4,0
2023-04-17,Smartphone,223,62475.55,347,333,211,311,164.71428571428572,91.8072515031979,0,4,0
2023-04-17,Snacks,91,23108.29,82,95,56,96,162.14285714285714,94.1442661936608,0,4,0
2023-04-17,Soft Drink,231,53004.16,180,130,202,166,166.57142857142858,94.15210591175884,0,4,0
2023-04-17,T-shirt,199,57794.39,212,208,185,153,169.42857142857142,95.3482339337532,0,4,0
2023-04-17,Tablet,161,42129.74,125,201,171,217,174.85714285714286,90.84864440637624,0,4,0
2023-04-17,Television,223,58142.11,191,191,195,146,175.28571428571428,90.92801967438184,0,4,0
2023-04-17,Thriller,94,30226.92,126,138,55,112,180.42857142857144,86.1952379637011,0,4,0
2023-04-17,Tools,79,21113.26,109,70,94,107,146.42857142857142,48.03074412240961,0,4,0
2023-04-17,Water,339,82993.5,346,414,352,378,184.14285714285717,81.20227536103614,0,4,0
2023-04-18,Bathroom,91,19578.42,124,118,119,82,176.14285714285714,84.37501322751226,1,4,0
2023-04-18,Bedding,46,12115.22,105,69,116,112,160.85714285714286,86.4627637992768,1,4,0
2023-04-18,BlueStar AC,15,4119.83,59,23,21,33,151.42857142857142,94.27063371460058,1,4,0
2023-04-18,Children's,106,25150.24,99,117,54,120,138.28571428571428,94.24739481052742,1,4,0
2023-04-18,Chocolate,120,29122.45,87,85,95,65,132.71428571428572,96.22666693059378,1,4,0
2023-04-18,Coffee,75,22795.98,98,93,69,75,131.14285714285714,96.76677902983816,1,4,0
2023-04-18,Decorations,239,58137.64,139,145,194,171,101.57142857142856,25.689538356155303,1,4,0
2023-04-18,Dress,80,21912.9,77,70,72,146,94.85714285714286,24.982851261272177,1,4,0
2023-04-18,Fiction,320,84815.17,286,284,255,251,120.71428571428572,76.91708584728164,1,4,0
2023-04-18,Fridge,89,19475.15,96,119,145,89,126.0,73.14825128919124,1,4,0
2023-04-18,Furniture,157,40581.91,135,180,221,192,131.14285714285714,72.19286338558352,1,4,0
2023-04-18,Headphones,116,32822.71,122,64,104,51,136.14285714285714,69.79834900489786,1,4,0
2023-04-18,Jacket,85,26289.3,102,61,85,134,136.71428571428572,69.44953632126062,1,4,0
2023-04-18,Jeans,95,26509.32,89,126,78,105,129.57142857142858,71.70973235402371,1,4,0
2023-04-18,Juice,170,41185.41,255,183,156,178,155.0,80.92795149596547,1,4,0
2023-04-18,Kitchen,125,37394.79,93,83,95,47,127.42857142857144,58.676676635204736,1,4,0
2023-04-18,Laptop,137,36980.15,103,65,71,91,128.42857142857142,58.10868306560602,1,4,0
2023-04-18,Lighting,136,31622.63,103,83,52,109,123.85714285714286,58.7606120101682,1,4,0
2023-04-18,Literature,72,24732.2,84,137,107,117,118.42857142857144,60.6845865736848,1,4,0
2023-04-18,Mitsubishi 1.5 Ton 3 Star Split AC,95,23398.84,99,65,157,95,118.0,60.83036522439538,1,4,0
2023-04-18,Non-Fiction,278,72138.11,243,308,283,270,140.0,74.8309205253194,1,4,0
2023-04-18,Shirt,156,38338.11,127,138,90,93,121.71428571428572,55.0778669573489,1,4,0
2023-04-18,Shoes,220,65312.380000000005,178,148,191,214,133.85714285714286,57.02756225846287,1,4,0
2023-04-18,Shorts,97,29142.94,89,73,112,93,131.85714285714286,58.51617602973436,1,4,0
2023-04-18,Smartphone,178,49881.09,223,292,312,259,149.0,65.77993615077477,1,4,0
2023-04-18,Snacks,104,28114.26,91,80,85,141,150.0,64.67096205665521,1,4,0
2023-04-18,Soft Drink,154,37863.33,231,115,203,180,168.85714285714286,66.53928306253533,1,4,0
2023-04-18,T-shirt,160,36091.39,199,174,198,195,162.57142857142858,60.13833259759583,1,4,0
2023-04-18,Tablet,211,55604.69,161,158,157,129,167.42857142857142,58.12588965012972,1,4,0
2023-04-18,Television,143,36855.12,223,154,157,149,173.85714285714286,61.85851752569085,1,4,0
2023-04-18,Thriller,84,28818.93,94,67,68,57,174.57142857142858,60.73400240078912,1,4,0
2023-04-18,Tools,113,32166.57,79,111,54,97,154.0,65.77486855428401,1,4,0
2023-04-18,Water,369,95205.81,339,351,348,343,189.42857142857144,88.90792454904717,1,4,0
2023-04-19,Bathroom,80,22423.89,91,65,96,84,169.42857142857142,93.61954415408708,2,4,0
2023-04-19,Bedding,104,29805.67,46,71,52,102,147.57142857142858,102.95930772698044,2,4,0
2023-04-19,BlueStar AC,27,6621.469999999999,15,13,69,40,126.71428571428572,113.98349922351962,2,4,0
2023-04-19,Children's,76,16371.33,106,116,104,120,110.0,105.79540002602506,2,4,0
2023-04-19,Chocolate,111,24886.77,120,80,90,78,113.71428571428572,105.59626616775532,2,4,0
2023-04-19,Coffee,96,26015.4,75,94,113,91,113.14285714285714,105.82600274574702,2,4,0
2023-04-19,Decorations,201,50994.67,239,152,201,171,98.85714285714286,71.40828283289588,2,4,0
2023-04-19,Dress,39,10588.65,80,92,84,83,97.28571428571428,71.73031503651778,2,4,0
2023-04-19,Fiction,293,72018.96,320,232,246,301,136.42857142857142,105.76523868590152,2,4,0
2023-04-19,Fridge,151,34526.22,89,82,110,116,147.0,94.72767986883947,2,4,0
2023-04-19,Furniture,157,45873.34,157,149,144,180,154.28571428571428,92.99411143671824,2,4,0
2023-04-19,Headphones,36,6847.360000000001,116,140,77,84,153.71428571428572,93.25183516641786,2,4,0
2023-04-19,Jacket,95,21028.9,85,140,53,78,155.14285714285714,91.91196616224424,2,4,0
2023-04-19,Jeans,120,25577.05,95,90,118,98,134.57142857142858,85.93574565308884,2,4,0
2023-04-19,Juice,159,39219.55,170,154,213,215,147.42857142857142,83.09604311248752,2,4,0
2023-04-19,Kitchen,74,18697.17,125,57,97,195,119.57142857142856,33.46568960819983,2,4,0
2023-04-19,Laptop,78,18337.92,137,87,84,96,126.42857142857144,30.983098311053023,2,4,0
2023-04-19,Lighting,59,12320.83,136,100,79,93,123.42857142857144,28.442088196058595,2,4,0
2023-04-19,Literature,115,24724.45,72,85,88,96,117.14285714285714,34.56119486470604,2,4,0
2023-04-19,Mitsubishi 1.5 Ton 3 Star Split AC,142,32083.63,95,35,101,113,118.57142857142856,33.19064699006394,2,4,0
2023-04-19,Non-Fiction,296,83533.38,278,262,296,270,144.71428571428572,66.69261399813898,2,4,0
2023-04-19,Shirt,104,29624.33,156,71,63,101,142.71428571428572,66.01442843731031,2,4,0
2023-04-19,Shoes,196,48687.67,220,189,188,136,156.28571428571428,71.31786659202659,2,4,0
2023-04-19,Shorts,59,12016.62,97,60,111,106,150.57142857142858,74.64551145884383,2,4,0
2023-04-19,Smartphone,303,80170.3,178,300,275,191,156.57142857142858,74.96634165378744,2,4,0
2023-04-19,Snacks,56,15134.18,104,109,66,82,161.14285714285714,69.7434072665142,2,4,0
2023-04-19,Soft Drink,142,40333.09,154,135,136,169,169.57142857142858,63.72298680710956,2,4,0
2023-04-19,T-shirt,226,67680.35,160,134,130,180,152.71428571428572,42.24813323573914,2,4,0
2023-04-19,Tablet,208,47831.54,211,197,159,178,160.57142857142858,47.7209148517264,2,4,0
2023-04-19,Television,192,47538.98,143,220,203,106,149.57142857142858,39.98690261763699,2,4,0
2023-04-19,Thriller,53,15574.04,84,77,60,84,147.71428571428572,43.02214269309194,2,4,0
2023-04-19,Tools,49,18280.79,113,102,60,73,138.42857142857142,42.40619900775963,2,4,0
2023-04-19,Water,385,97399.22,369,420,287,405,176.28571428571428,93.75093650325904,2,4,0
2023-04-20,Bathroom,85,23524.24,80,71,141,64,165.71428571428572,100.60436419578478,3,4,0
2023-04-20,Bedding,99,17157.34,104,81,83,76,157.71428571428572,103.32426995582776,3,4,0
2023-04-20,BlueStar AC,50,14498.86,27,19,57,11,131.42857142857142,110.65390058324068,3,4,0
2023-04-20,Children's,84,23307.71,76,111,76,100,121.85714285714286,112.3705604557655,3,4,0
2023-04-20,Chocolate,86,23834.83,111,88,56,61,125.71428571428572,111.312943670408,3,4,0
2023-04-20,Coffee,88,19481.8,96,124,74,63,123.28571428571428,111.82086013756448,3,4,0
2023-04-20,Decorations,175,33230.32,201,251,206,180,99.28571428571428,52.68685568436159,3,4,0
2023-04-20,Dress,103,27512.16,39,158,88,104,93.42857142857144,57.26795829797872,3,4,0
2023-04-20,Fiction,247,60639.8,293,335,280,246,120.42857142857144,95.12422955072508,3,4,0
2023-04-20,Fridge,90,24069.84,151,54,83,62,138.14285714285714,85.92715630390771,3,4,0
2023-04-20,Furniture,204,47729.73,157,171,255,194,149.71428571428572,81.50401684521299,3,4,0
2023-04-20,Headphones,53,13853.17,36,63,85,69,139.0,91.7296753146621,3,4,0
2023-04-20,Jacket,89,17879.09,95,104,120,95,138.85714285714286,91.80854820663228,3,4,0
2023-04-20,Jeans,101,22406.76,120,90,88,127,127.28571428571428,87.68259858853459,3,4,0
2023-04-20,Juice,139,43561.53,159,167,135,202,144.42857142857142,78.82862665905311,3,4,0
2023-04-20,Kitchen,90,26084.82,74,68,63,106,113.14285714285714,47.11485459819982,3,4,0
2023-04-20,Laptop,135,28267.89,78,72,56,97,102.71428571428572,45.386173686539664,3,4,0
2023-04-20,Lighting,82,19920.68,59,102,83,123,88.71428571428571,40.725562348129785,3,4,0
2023-04-20,Literature,57,18008.44,115,84,79,97,100.0,34.08812109811836,3,4,0
2023-04-20,Mitsubishi 1.5 Ton 3 Star Split AC,122,32110.98,142,94,49,58,106.71428571428572,37.406391101496006,3,4,0
2023-04-20,Non-Fiction,189,52666.93,296,274,286,210,131.85714285714286,81.26382666235646,3,4,0
2023-04-20,Shirt,86,22277.65,104,87,87,101,124.0,80.8599612498876,3,4,0
2023-04-20,Shoes,187,42314.93,196,158,180,166,141.42857142857142,81.43270666191633,3,4,0
2023-04-20,Shorts,106,33529.18,59,91,106,52,138.71428571428572,84.16989621338156,3,4,0
2023-04-20,Smartphone,267,72186.35,303,343,232,215,173.57142857142858,95.42686054924852,3,4,0
2023-04-20,Snacks,80,13805.09,56,58,70,46,165.14285714285714,103.70861193978152,3,4,0
2023-04-20,Soft Drink,139,32918.73,142,172,115,163,165.14285714285714,103.70861193978152,3,4,0
2023-04-20,T-shirt,131,33154.78,226,169,192,156,155.14285714285714,91.66320339778038,3,4,0
2023-04-20,Tablet,164,38659.54,208,152,121,153,170.0,90.41201984987028,3,4,0
2023-04-20,Television,157,37782.31,192,167,197,235,169.42857142857142,90.23276777840957,3,4,0
2023-04-20,Thriller,79,16434.25,53,123,99,52,168.57142857142858,91.47651272841782,3,4,0
2023-04-20,Tools,108,23382.42,49,111,92,113,132.28571428571428,78.75852183671779,3,4,0
2023-04-20,Water,370,97521.72,385,291,326,413,179.28571428571428,115.32521303645952,3,4,0
2023-04-21,Bathroom,95,27545.48,85,124,87,109,171.14285714285714,120.30160510349062,4,4,0
2023-04-21,Bedding,70,13929.8,99,96,78,131,153.0,120.22617574111445,4,4,0
2023-04-21,BlueStar AC,32,10839.37,50,35,17,10,130.42857142857142,122.97947951163388,4,4,0
2023-04-21,Children's,70,14916.45,84,96,89,139,115.0,120.72144244775514,4,4,0
2023-04-21,Chocolate,60,15440.07,86,48,101,64,119.71428571428572,118.52104494661732,4,4,0
2023-04-21,Coffee,43,10965.06,88,89,68,33,125.28571428571428,115.52159146773424,4,4,0
2023-04-21,Decorations,189,48726.39,175,192,197,164,95.28571428571428,38.278428588933366,4,4,0
2023-04-21,Dress,43,11525.5,103,92,88,44,97.85714285714286,38.076364372265125,4,4,0
2023-04-21,Fiction,303,83287.67,247,279,296,299,119.0,68.08328233372212,4,4,0
2023-04-21,Fridge,202,63607.2,90,152,107,105,124.71428571428572,62.80051561814401,4,4,0
2023-04-21,Furniture,206,59891.94,204,128,241,157,141.85714285714286,66.12470181767314,4,4,0
2023-04-21,Headphones,108,33077.9,53,78,71,74,137.14285714285714,71.71106044729909,4,4,0
2023-04-21,Jacket,64,20102.29,89,65,116,72,137.28571428571428,71.59775202642949,4,4,0
2023-04-21,Jeans,62,24655.08,101,122,74,71,126.71428571428572,70.55663041300998,4,4,0
2023-04-21,Juice,185,52377.93,139,189,146,170,131.85714285714286,69.84847545801924,4,4,0
2023-04-21,Kitchen,101,23302.46,90,81,54,78,109.42857142857144,48.72664275615237,4,4,0
2023-04-21,Laptop,73,19584.55,135,97,108,97,115.85714285714286,48.70464923539478,4,4,0
2023-04-21,Lighting,94,29264.57,82,40,128,102,98.42857142857144,30.23164535635397,4,4,0
2023-04-21,Literature,74,16463.25,57,74,91,101,99.0,29.25178057258472,4,4,0
2023-04-21,Mitsubishi 1.5 Ton 3 Star Split AC,102,28043.13,122,117,53,110,103.71428571428572,30.02062782884587,4,4,0
2023-04-21,Non-Fiction,224,55448.31,189,227,300,307,116.28571428571428,43.907912292714926,4,4,0
2023-04-21,Shirt,97,25835.62,86,70,55,64,108.71428571428572,43.90791229271489,4,4,0
2023-04-21,Shoes,208,48887.56,187,186,127,214,122.57142857142856,51.642544292011486,4,4,0
2023-04-21,Shorts,73,20112.52,106,127,107,80,118.42857142857144,51.64254429201147,4,4,0
2023-04-21,Smartphone,248,65442.65,267,311,284,352,144.85714285714286,72.86843983378209,4,4,0
2023-04-21,Snacks,106,31368.09,80,111,73,86,148.14285714285714,68.64262177255121,4,4,0
2023-04-21,Soft Drink,179,37024.71,139,205,163,180,150.57142857142858,67.85979944674446,4,4,0
2023-04-21,T-shirt,190,41404.26,131,148,141,184,142.28571428571428,65.89818987325391,4,4,0
2023-04-21,Tablet,176,33803.56,164,176,219,194,153.42857142857142,61.223244885302464,4,4,0
2023-04-21,Television,197,51201.16,157,173,131,166,149.14285714285714,59.50750252819266,4,4,0
2023-04-21,Thriller,85,22251.06,79,151,132,112,145.28571428571428,63.51040409705662,4,4,0
2023-04-21,Tools,67,11253.27,108,69,99,78,122.57142857142856,34.55843911819086,4,4,0
2023-04-21,Water,400,107024.89,370,346,453,218,164.0,95.3589709116732,4,4,0
2023-04-22,Bathroom,92,22304.08,95,82,77,102,157.71428571428572,98.67406664656843,5,4,1
2023-04-22,Bedding,92,26015.47,70,60,89,106,149.0,103.97756168199624,5,4,1
2023-04-22,BlueStar AC,34,8867.71,32,35,8,22,130.14285714285714,112.4298723226002,5,4,1
2023-04-22,Children's,85,15341.08,70,85,85,70,117.71428571428572,113.76688780969948,5,4,1
2023-04-22,Chocolate,82,18790.3,60,73,95,53,115.0,115.06375044585783,5,4,1
2023-04-22,Coffee,69,21408.03,43,72,96,173,105.71428571428572,118.3000623918041,5,4,1
2023-04-22,Decorations,219,38832.9,189,199,114,154,79.85714285714286,52.24757911912758,5,4,1
2023-04-22,Dress,95,28719.41,43,105,95,101,72.42857142857143,53.41927599302537,5,4,1
2023-04-22,Fiction,244,65425.84,303,246,329,222,105.71428571428572,102.0812001720758,5,4,1
2023-04-22,Fridge,146,44650.92,202,111,97,134,130.0,101.84301645179208,5,4,1
2023-04-22,Furniture,173,42647.44,206,176,156,216,149.42857142857142,101.46075948013456,5,4,1
2023-04-22,Headphones,102,25747.97,108,102,111,90,156.28571428571428,95.87789854065132,5,4,1
2023-04-22,Jacket,89,22184.57,64,79,116,112,159.28571428571428,91.99223569721217,5,4,1
2023-04-22,Jeans,76,16657.81,62,81,90,94,141.14285714285714,97.51312487972848,5,4,1
2023-04-22,Juice,216,60395.28,185,151,126,164,161.42857142857142,87.99972943681352,5,4,1
2023-04-22,Kitchen,92,19343.13,101,66,117,79,132.57142857142858,63.56586385489495,5,4,1
2023-04-22,Laptop,111,25816.76,73,85,107,108,114.14285714285714,58.58733814124153,5,4,1
2023-04-22,Lighting,133,32395.23,94,86,61,66,98.14285714285714,42.36912622585973,5,4,1
2023-04-22,Literature,120,34047.96,74,83,77,42,93.28571428571428,42.99501632249259,5,4,1
2023-04-22,Mitsubishi 1.5 Ton 3 Star Split AC,97,27308.88,102,125,110,94,98.71428571428572,41.035408635771375,5,4,1
2023-04-22,Non-Fiction,358,82298.9,224,337,290,246,121.85714285714286,58.74075408501477,5,4,1
2023-04-22,Shirt,82,28084.75,97,99,97,91,109.28571428571428,52.00549421524048,5,4,1
2023-04-22,Shoes,138,34643.42,208,158,208,176,124.57142857142856,63.59731950026696,5,4,1
2023-04-22,Shorts,123,22888.6,73,97,54,171,124.57142857142856,63.59731950026697,5,4,1
2023-04-22,Smartphone,194,51923.19,248,218,229,213,146.57142857142858,76.57209487983017,5,4,1
2023-04-22,Snacks,83,19987.6,106,93,103,77,151.14285714285714,72.35659051168865,5,4,1
2023-04-22,Soft Drink,209,63150.22,179,216,228,167,162.14285714285714,69.43445007446134,5,4,1
2023-04-22,T-shirt,204,60259.92,190,173,167,133,157.28571428571428,65.46173000492806,5,4,1
2023-04-22,Tablet,247,73970.79000000001,176,175,135,152,168.57142857142858,59.910647753848586,5,4,1
2023-04-22,Television,138,35174.43,197,199,169,211,167.0,58.83876273342266,5,4,1
2023-04-22,Thriller,49,8026.93,85,64,52,57,168.71428571428572,55.73662555780926,5,4,1
2023-04-22,Tools,52,13592.14,67,107,121,122,142.85714285714286,54.800938469545,5,4,1
2023-04-22,Water,374,93536.89,400,341,262,303,184.8571428571429,108.34732510377388,5,4,1
2023-04-23,Bathroom,99,27154.9,92,93,78,132,172.42857142857142,113.9749345877668,6,4,1
2023-04-23,Bedding,87,18068.77,92,66,86,71,158.42857142857142,117.42353134821708,6,4,1
2023-04-23,BlueStar AC,22,5273.97,34,41,29,36,138.14285714285714,125.84571052341376,6,4,1
2023-04-23,Children's,66,21206.86,85,56,69,50,122.14285714285714,124.22483456945926,6,4,1
2023-04-23,Chocolate,63,15057.94,82,90,66,74,121.71428571428572,124.37941186240629,6,4,1
2023-04-23,Coffee,169,48659.09,69,106,75,37,122.0,124.23499238673992,6,4,1
2023-04-23,Decorations,212,53314.45,219,184,189,181,96.14285714285714,57.80838627577759,6,4,1
2023-04-23,Dress,109,25473.99,95,69,119,55,96.57142857142856,57.78366880834383,6,4,1
2023-04-23,Fiction,215,60361.31,244,353,293,277,118.28571428571428,80.04938951612782,6,4,1
2023-04-23,Fridge,125,34738.43,146,134,69,134,134.28571428571428,71.08613152534107,6,4,1
2023-04-23,Furniture,156,37538.14,173,189,153,195,146.85714285714286,68.65718843507591,6,4,1
2023-04-23,Headphones,122,27045.25,102,83,115,112,149.71428571428572,65.8678330338218,6,4,1
2023-04-23,Jacket,94,27210.19,89,116,146,94,152.57142857142858,62.10973392004708,6,4,1
2023-04-23,Jeans,83,21661.07,76,72,92,76,132.14285714285714,60.10387833140375,6,4,1
2023-04-23,Juice,193,44716.8,216,145,109,134,149.42857142857142,64.85331434053604,6,4,1
2023-04-23,Kitchen,122,41552.98,92,56,94,106,127.71428571428572,52.10474797851684,6,4,1
2023-04-23,Laptop,69,19066.47,111,78,106,106,122.71428571428572,51.735591506925104,6,4,1
2023-04-23,Lighting,79,23481.86,133,87,73,91,117.0,47.27226106996213,6,4,1
2023-04-23,Literature,107,25357.66,120,100,110,121,119.57142857142856,46.80761028884483,6,4,1
2023-04-23,Mitsubishi 1.5 Ton 3 Star Split AC,111,24996.7,97,149,111,73,120.71428571428572,46.02794182419436,6,4,1
2023-04-23,Non-Fiction,277,71678.71,358,192,254,278,161.0,96.31199302267606,6,4,1
2023-04-23,Shirt,110,29341.39,82,87,116,91,141.85714285714286,96.8735061328751,6,4,1
2023-04-23,Shoes,169,47282.77,138,188,157,178,148.42857142857142,94.45785152270672,6,4,1
2023-04-23,Shorts,84,20101.45,123,90,128,74,150.14285714285714,93.77175937958536,6,4,1
2023-04-23,Smartphone,311,76699.58,194,347,266,286,158.85714285714286,94.74250818477869,6,4,1
2023-04-23,Snacks,79,16944.69,83,82,32,82,153.57142857142858,98.2392608937607,6,4,1
2023-04-23,Soft Drink,164,38337.75,209,180,149,103,169.57142857142858,96.59685492267532,6,4,1
2023-04-23,T-shirt,168,51582.13,204,212,195,188,147.57142857142858,55.1931672789822,6,4,1
2023-04-23,Tablet,256,77350.86,247,125,253,197,171.14285714285714,57.69872491782517,6,4,1
2023-04-23,Television,220,57720.58,138,191,216,187,171.14285714285714,57.69872491782517,6,4,1
2023-04-23,Thriller,116,28625.0,49,126,120,108,160.57142857142858,72.79390346005894,6,4,1
2023-04-23,Tools,56,15444.61,52,109,106,121,140.28571428571428,81.22338391890658,6,4,1
2023-04-23,Water,291,84982.08,374,346,370,295,181.8571428571429,114.6202840853639,6,4,1
2023-04-24,Bathroom,50,12021.64,99,124,92,74,166.14285714285714,117.7758160962719,0,4,0
2023-04-24,Bedding,101,26094.13,87,105,86,64,149.42857142857142,119.79267804956072,0,4,0
2023-04-24,BlueStar AC,28,5743.849999999999,22,59,66,31,117.28571428571428,119.43438126675004,0,4,0
2023-04-24,Children's,71,19311.73,66,99,89,100,107.0,120.44915939930831,0,4,0
2023-04-24,Chocolate,92,20119.41,63,87,129,86,109.0,119.43757086165692,0,4,0
2023-04-24,Coffee,70,17399.489999999998,169,98,82,60,125.71428571428572,118.3127413337412,0,4,0
2023-04-24,Decorations,200,61929.98,212,139,209,205,102.57142857142856,65.87578498673874,0,4,0
2023-04-24,Dress,54,14460.95,109,77,122,97,104.0,65.89385403814217,0,4,0
2023-04-24,Fiction,244,58411.09,215,286,248,260,122.28571428571428,77.18314644556858,0,4,0
2023-04-24,Fridge,96,30112.15,125,96,63,105,137.0,63.47965553361691,0,4,0
2023-04-24,Furniture,179,47926.02,156,135,175,102,149.85714285714286,55.288421245406525,0,4,0
2023-04-24,Headphones,44,17201.19,122,122,97,64,158.28571428571428,42.96399378438601,0,4,0
2023-04-24,Jacket,89,22348.86,94,102,91,93,147.57142857142858,48.80183446981314,0,4,0
2023-04-24,Jeans,78,17457.739999999998,83,89,75,69,129.14285714285714,44.59233331500137,0,4,0
2023-04-24,Juice,175,39441.64,193,255,186,158,141.14285714285714,49.32013980592699,0,4,0
2023-04-24,Kitchen,68,20053.86,122,93,98,64,127.85714285714286,37.12783579036328,0,4,0
2023-04-24,Laptop,131,37977.52,69,103,115,88,119.85714285714286,43.35677021884254,0,4,0
2023-04-24,Lighting,75,17039.29,79,103,77,80,108.85714285714286,42.41630414289819,0,4,0
2023-04-24,Literature,86,23742.62,107,84,136,151,106.71428571428572,42.01870331853915,0,4,0
2023-04-24,Mitsubishi 1.5 Ton 3 Star Split AC,124,32563.19,111,99,112,116,109.14285714285714,41.65104469049377,0,4,0
2023-04-24,Non-Fiction,236,56304.88,277,243,246,249,136.85714285714286,73.62614701184299,0,4,0
2023-04-24,Shirt,72,22866.73,110,127,82,60,125.0,69.65390632740318,0,4,0
2023-04-24,Shoes,150,33409.66,169,178,202,184,131.71428571428572,71.5558390017061,0,4,0
2023-04-24,Shorts,101,22938.88,84,89,58,122,133.85714285714286,69.56155205147104,0,4,0
2023-04-24,Smartphone,302,79228.53,311,223,333,264,167.0,91.02563741422888,0,4,0
2023-04-24,Snacks,65,21700.67,79,91,95,77,163.0,94.64495056085488,0,4,0
2023-04-24,Soft Drink,134,33422.87,164,231,130,131,170.57142857142858,91.87102761091612,0,4,0
2023-04-24,T-shirt,125,32845.99,168,199,208,158,155.0,79.18754110759258,0,4,0
2023-04-24,Tablet,219,57703.71,256,161,201,115,175.85714285714286,84.41451014967464,0,4,0
2023-04-24,Television,215,44581.79,220,223,191,112,183.14285714285717,85.91163788340624,0,4,0
2023-04-24,Thriller,87,13093.67,116,94,138,81,187.7142857142857,80.43364612257379,0,4,0
2023-04-24,Tools,115,31124.82,56,79,70,131,151.28571428571428,72.66065942841026,0,4,0
2023-04-24,Water,402,102539.22,291,339,414,411,181.57142857142856,81.1908392674468,0,4,0
2023-04-25,Bathroom,38,9630.1,50,91,118,110,165.28571428571428,95.4789929525762,1,4,0
2023-04-25,Bedding,71,18797.61,101,46,69,73,155.71428571428572,98.47286307356336,1,4,0
2023-04-25,BlueStar AC,29,6487.76,28,15,23,20,123.14285714285714,97.47551585129564,1,4,0
2023-04-25,Children's,81,12784.48,71,106,117,32,101.85714285714286,88.67060499667396,1,4,0
2023-04-25,Chocolate,105,28140.91,92,120,85,54,98.42857142857144,88.49643522548824,1,4,0
2023-04-25,Coffee,139,32512.58,70,75,93,111,100.42857142857144,87.53067489525623,1,4,0
2023-04-25,Decorations,164,45341.82,200,239,145,133,87.42857142857143,55.35297987418897,1,4,0
2023-04-25,Dress,44,13272.44,54,80,70,58,88.0,54.92115560813812,1,4,0
2023-04-25,Fiction,230,64887.01,244,320,284,261,108.42857142857144,80.97706906455497,1,4,0
2023-04-25,Fridge,131,30266.02,96,89,119,146,118.14285714285714,73.44936707562235,1,4,0
2023-04-25,Furniture,141,37527.67,179,157,180,185,133.57142857142858,73.23900860164872,1,4,0
2023-04-25,Headphones,109,28956.88,44,116,64,133,126.71428571428572,79.73856090523635,1,4,0
2023-04-25,Jacket,74,17837.89,89,85,61,52,129.42857142857142,77.78572521754259,1,4,0
2023-04-25,Jeans,93,29423.85,78,95,126,67,112.0,72.84915922644537,1,4,0
2023-04-25,Juice,165,39234.31,175,170,183,137,129.28571428571428,71.12832133010092,1,4,0
2023-04-25,Kitchen,73,17867.64,68,125,83,112,104.14285714285714,52.483103857109846,1,4,0
2023-04-25,Laptop,132,32964.32,131,137,65,98,109.14285714285714,53.23979893346874,1,4,0
2023-04-25,Lighting,78,16936.09,75,136,83,137,94.28571428571428,44.248217612744,1,4,0
2023-04-25,Literature,93,21561.85,86,72,137,64,100.28571428571428,38.80598873762591,1,4,0
2023-04-25,Mitsubishi 1.5 Ton 3 Star Split AC,121,26455.31,124,95,65,105,105.28571428571428,39.36036198052659,1,4,0
2023-04-25,Non-Fiction,259,61223.95,236,278,308,264,127.85714285714286,60.65044262390986,1,4,0
2023-04-25,Shirt,108,26419.83,72,156,138,106,113.14285714285714,59.79528568772106,1,4,0
2023-04-25,Shoes,191,54451.42,150,220,148,224,124.85714285714286,57.46427461599815,1,4,0
2023-04-25,Shorts,108,34050.97,101,97,73,89,120.57142857142856,58.04554861732039,1,4,0
2023-04-25,Smartphone,300,76353.09,302,178,292,348,153.0,85.33658847958085,1,4,0
2023-04-25,Snacks,75,24054.15,65,104,80,139,150.0,88.3987179394211,1,4,0
2023-04-25,Soft Drink,188,50838.42,134,154,115,237,151.42857142857142,87.98836503170392,1,4,0
2023-04-25,T-shirt,188,47142.88,125,160,174,189,135.57142857142858,79.83077339567977,1,4,0
2023-04-25,Tablet,155,33367.23,219,211,158,169,156.57142857142858,79.65520937736827,1,4,0
2023-04-25,Television,149,33803.14,215,143,154,206,165.85714285714286,82.49935064679514,1,4,0
2023-04-25,Thriller,73,17946.08,87,84,67,106,163.85714285714286,84.47963969980887,1,4,0
2023-04-25,Tools,62,17951.84,115,113,111,110,137.14285714285714,59.34202718542889,1,4,0
2023-04-25,Water,316,74739.98,402,369,351,407,185.28571428571428,107.89611405686227,1,4,0
2023-04-26,Bathroom,84,23299.86,38,80,65,82,171.57142857142858,120.82750396447705,2,4,0
2023-04-26,Bedding,101,26318.81,71,104,71,67,163.85714285714286,125.91323543274892,2,4,0
2023-04-26,BlueStar AC,26,7332.58,29,27,13,16,136.71428571428572,132.35899955010524,2,4,0
2023-04-26,Children's,64,16680.68,81,76,116,120,117.57142857142856,128.7916368181013,2,4,0
2023-04-26,Chocolate,76,21145.46,105,111,80,67,120.14285714285714,128.25811029772288,2,4,0
2023-04-26,Coffee,98,21568.03,139,96,94,94,123.57142857142856,128.41840099567392,2,4,0
2023-04-26,Decorations,110,29217.39,164,201,152,144,89.57142857142857,49.94616149033906,2,4,0
2023-04-26,Dress,65,19063.2,44,39,92,112,90.42857142857144,48.95527599369682,2,4,0
2023-04-26,Fiction,227,58157.74,230,293,232,231,113.14285714285714,70.55831765622092,2,4,0
2023-04-26,Fridge,138,26312.83,131,151,82,117,127.71428571428572,60.03253086373047,2,4,0
2023-04-26,Furniture,220,47667.08,141,157,149,239,136.28571428571428,56.42610000615632,2,4,0
2023-04-26,Headphones,100,28043.96,109,36,140,99,136.85714285714286,56.07562920267754,2,4,0
2023-04-26,Jacket,50,17546.690000000002,74,95,140,65,127.57142857142856,60.84093233686543,2,4,0
2023-04-26,Jeans,63,22440.91,93,120,90,122,117.42857142857144,59.66254308709138,2,4,0
2023-04-26,Juice,159,32665.82,165,159,154,120,134.71428571428572,51.86107816630329,2,4,0
2023-04-26,Kitchen,74,20175.77,73,74,57,94,112.28571428571428,34.98911395331527,2,4,0
2023-04-26,Laptop,75,21645.2,132,78,87,79,112.42857142857144,35.08018026776707,2,4,0
2023-04-26,Lighting,72,17778.36,78,59,100,103,103.42857142857144,34.60663300032281,2,4,0
2023-04-26,Literature,88,23283.68,93,115,85,82,101.14285714285714,34.705564258144165,2,4,0
2023-04-26,Mitsubishi 1.5 Ton 3 Star Split AC,143,37652.51,121,142,35,92,107.85714285714286,33.08790600520844,2,4,0
2023-04-26,Non-Fiction,292,64178.51,259,296,262,280,131.57142857142858,64.87900827144097,2,4,0
2023-04-26,Shirt,94,23380.93,108,104,71,101,123.42857142857144,63.54750753794914,2,4,0
2023-04-26,Shoes,198,46450.92,191,196,189,188,140.28571428571428,63.59170356190149,2,4,0
2023-04-26,Shorts,38,8623.07,108,59,60,100,136.85714285714286,64.74933351376045,2,4,0
2023-04-26,Smartphone,267,71692.23,300,303,300,271,168.57142857142858,82.93141170641584,2,4,0
2023-04-26,Snacks,124,33899.93,75,56,109,78,166.0,85.89140430411724,2,4,0
2023-04-26,Soft Drink,222,56833.27,188,142,135,155,175.57142857142858,83.7473524812519,2,4,0
2023-04-26,T-shirt,111,29440.7,188,226,134,142,165.42857142857142,75.8899579278162,2,4,0
2023-04-26,Tablet,131,35325.04,155,208,197,189,172.14285714285714,71.93846576861962,2,4,0
2023-04-26,Television,275,63046.11,149,192,220,185,166.14285714285714,71.85501274888799,2,4,0
2023-04-26,Thriller,128,35453.87,73,53,77,124,161.14285714285714,77.56594736400882,2,4,0
2023-04-26,Tools,75,16397.31,62,49,102,81,127.14285714285714,55.61003677823078,2,4,0
2023-04-26,Water,344,99181.58,316,385,420,429,161.57142857142858,84.85842551539817,2,4,0
2023-04-27,Bathroom,63,18159.25,84,85,71,116,146.71428571428572,88.48674907524152,3,4,0
2023-04-27,Bedding,45,10591.17,101,99,81,102,134.28571428571428,87.82883787176483,3,4,0
2023-04-27,BlueStar AC,40,11053.24,26,50,19,32,115.85714285714286,95.91911274858715,3,4,0
2023-04-27,Children's,113,34817.72,64,84,111,129,103.71428571428572,96.40317125785548,3,4,0
2023-04-27,Chocolate,45,13810.37,76,86,88,82,104.14285714285714,96.25041743879784,3,4,0
2023-04-27,Coffee,67,13822.57,98,88,124,96,109.28571428571428,94.5704574831454,3,4,0
2023-04-27,Decorations,234,64688.31,110,175,251,225,79.85714285714286,28.48642115949574,3,4,0
2023-04-27,Dress,52,14524.32,65,103,158,81,77.14285714285714,28.92766018553003,3,4,0
2023-04-27,Fiction,250,61914.29,227,247,335,314,95.14285714285714,64.08439376173814,3,4,0
2023-04-27,Fridge,133,44866.14,138,90,54,101,111.14285714285714,57.59753632297283,3,4,0
2023-04-27,Furniture,198,54611.79,220,204,171,126,133.42857142857142,65.89855117996932,3,4,0
2023-04-27,Headphones,94,27192.58,100,53,63,91,136.85714285714286,62.97202704754056,3,4,0
2023-04-27,Jacket,78,18721.67,50,89,104,76,130.0,70.11656960614461,3,4,0
2023-04-27,Jeans,84,17171.08,63,101,90,87,123.28571428571428,74.46635545827445,3,4,0
2023-04-27,Juice,189,53311.95,159,139,167,213,136.71428571428572,70.57788672975471,3,4,0
2023-04-27,Kitchen,106,32942.15,74,90,68,67,114.85714285714286,60.99843869976926,3,4,0
2023-04-27,Laptop,88,26259.41,75,135,72,59,105.85714285714286,61.658815459020175,3,4,0
2023-04-27,Lighting,95,29548.03,72,82,102,100,84.71428571428571,36.05419201569684,3,4,0
2023-04-27,Literature,80,22754.42,88,57,84,93,83.0,35.48708685329508,3,4,0
2023-04-27,Mitsubishi 1.5 Ton 3 Star Split AC,125,30762.55,143,122,94,168,96.28571428571428,38.365411009198645,3,4,0
2023-04-27,Non-Fiction,277,70796.31,292,189,274,197,129.0,80.1415414542711,3,4,0
2023-04-27,Shirt,115,28433.16,94,86,87,101,119.71428571428572,79.85134999007894,3,4,0
2023-04-27,Shoes,119,22114.28,198,187,158,199,137.42857142857142,81.75136521358958,3,4,0
2023-04-27,Shorts,65,18110.2,38,106,91,85,132.14285714285714,87.4574726584842,3,4,0
2023-04-27,Smartphone,286,76830.11,267,267,343,287,160.0,95.76881886431858,3,4,0
2023-04-27,Snacks,105,23821.63,124,80,58,95,165.14285714285714,92.15644049012263,3,4,0
2023-04-27,Soft Drink,225,57277.26,222,139,172,164,176.42857142857142,93.8151678263473,3,4,0
2023-04-27,T-shirt,160,37947.92,111,131,169,249,150.57142857142858,80.67601283912732,3,4,0
2023-04-27,Tablet,167,42659.34,131,164,152,188,155.85714285714286,77.50145927965602,3,4,0
2023-04-27,Television,189,45925.66,275,157,167,108,166.85714285714286,89.07941881906757,3,4,0
2023-04-27,Thriller,100,26964.95,128,79,123,73,179.71428571428572,72.29503045556744,3,4,0
2023-04-27,Tools,78,12667.64,75,108,111,84,152.28571428571428,70.04692304856381,3,4,0
2023-04-27,Water,350,97705.47,344,370,291,371,183.7142857142857,98.7247255178328,3,4,0
2023-04-28,Bathroom,73,25080.78,63,95,124,82,161.0,106.43777524920364,4,4,0
2023-04-28,Bedding,47,12154.77,45,70,96,56,151.57142857142858,114.24222386791016,4,4,0
2023-04-28,BlueStar AC,40,9989.81,40,32,35,48,138.57142857142858,121.89456802616635,4,4,0
2023-04-28,Children's,79,16977.079999999998,113,70,96,119,115.42857142857144,106.02021370609329,4,4,0
2023-04-28,Chocolate,101,29950.26,45,60,48,104,103.57142857142856,108.97990203527904,4,4,0
2023-04-28,Coffee,103,27457.73,67,43,89,129,102.42857142857144,109.37071080025196,4,4,0
2023-04-28,Decorations,110,27768.46,234,189,192,165,86.71428571428571,69.51909638297042,4,4,0
2023-04-28,Dress,100,22910.9,52,43,92,110,85.14285714285714,70.26480525229417,4,4,0
2023-04-28,Fiction,298,83298.31,250,303,279,284,114.42857142857144,90.54070381667589,4,4,0
2023-04-28,Fridge,113,36148.2,133,202,152,95,127.71428571428572,84.4150742575326,4,4,0
2023-04-28,Furniture,192,55976.810000000005,198,206,128,191,139.85714285714286,87.98376473613095,4,4,0
2023-04-28,Headphones,141,34240.32,94,108,78,119,146.85714285714286,80.83816873117244,4,4,0
2023-04-28,Jacket,81,17376.29,78,64,65,116,148.42857142857142,79.11564772082511,4,4,0
2023-04-28,Jeans,78,18522.34,84,62,122,40,127.0,72.07634840916941,4,4,0
2023-04-28,Juice,146,32968.94,189,185,189,154,146.57142857142858,66.71795646065381,4,4,0
2023-04-28,Kitchen,129,28967.44,106,101,81,60,126.0,49.48737212663427,4,4,0
2023-04-28,Laptop,73,22070.27,88,73,97,97,119.57142857142856,51.31555041394071,4,4,0
2023-04-28,Lighting,81,14458.43,95,94,40,135,104.85714285714286,38.15943994797133,4,4,0
2023-04-28,Literature,89,22618.69,80,74,74,118,102.85714285714286,39.17664513213831,4,4,0
2023-04-28,Mitsubishi 1.5 Ton 3 Star Split AC,100,21791.43,125,102,117,104,109.57142857142856,38.22240679172827,4,4,0
2023-04-28,Non-Fiction,313,86729.69,277,224,227,285,137.14285714285714,71.67386453333488,4,4,0
2023-04-28,Shirt,104,28882.28,115,97,70,121,126.57142857142856,68.11964264649143,4,4,0
2023-04-28,Shoes,138,30217.76,119,208,186,188,128.42857142857142,67.64085832014327,4,4,0
2023-04-28,Shorts,72,14902.4,65,73,127,74,125.14285714285714,70.43301444499946,4,4,0
2023-04-28,Smartphone,314,72418.83,286,248,311,289,152.42857142857142,90.84759608424264,4,4,0
2023-04-28,Snacks,67,16827.55,105,106,111,79,156.0,87.97158632194822,4,4,0
2023-04-28,Soft Drink,193,40131.79,225,179,205,150,170.28571428571428,90.19001106130372,4,4,0
2023-04-28,T-shirt,189,43792.26,160,190,148,172,153.57142857142858,76.99319697838484,4,4,0
2023-04-28,Tablet,212,46447.91,167,176,176,172,161.0,75.1376514582846,4,4,0
2023-04-28,Television,192,53822.78,189,197,173,247,171.0,73.25071103181634,4,4,0
2023-04-28,Thriller,55,5877.06,100,85,151,73,176.0,65.60487786742685,4,4,0
2023-04-28,Tools,40,9274.11,78,67,69,86,146.28571428571428,53.45937487386799,4,4,0
2023-04-28,Water,418,115842.55,350,400,346,384,181.28571428571428,89.78439783858936,4,4,0
2023-04-29,Bathroom,79,20177.58,73,92,82,92,159.57142857142858,95.63970086189298,5,4,1
2023-04-29,Bedding,128,26301.22,47,92,60,92,143.42857142857142,104.66590839883044,5,4,1
2023-04-29,BlueStar AC,46,16163.17,40,34,35,43,125.28571428571428,110.73047500682944,5,4,1
2023-04-29,Children's,89,23200.88,79,85,85,88,109.57142857142856,107.9519293371778,5,4,1
2023-04-29,Chocolate,108,26425.98,101,82,73,101,109.71428571428572,107.93781278389612,5,4,1
2023-04-29,Coffee,123,28675.48,103,69,72,76,113.28571428571428,107.12409359509844,5,4,1
2023-04-29,Decorations,163,39724.78,110,219,199,178,79.0,27.694764848252,5,4,1
2023-04-29,Dress,95,26711.93,100,95,105,116,82.85714285714286,28.58571071606988,5,4,1
2023-04-29,Fiction,283,70509.09,298,244,246,228,118.71428571428572,82.56656766051302,5,4,1
2023-04-29,Fridge,166,41589.74,113,146,111,131,129.14285714285714,75.25385609483968,5,4,1
2023-04-29,Furniture,211,60918.26,192,173,176,149,145.28571428571428,74.82360208230696,5,4,1
2023-04-29,Headphones,111,28670.04,141,102,102,87,151.0,72.36481649715316,5,4,1
2023-04-29,Jacket,71,15328.65,81,89,79,59,147.85714285714286,75.21841213299777,5,4,1
2023-04-29,Jeans,84,23380.13,78,76,81,103,143.28571428571428,78.79025803933342,5,4,1
2023-04-29,Juice,170,46261.88,146,216,151,209,149.85714285714286,76.46225337037991,5,4,1
2023-04-29,Kitchen,103,24799.03,129,92,66,76,125.71428571428572,39.764784611991495,5,4,1
2023-04-29,Laptop,163,36579.26,73,111,85,57,120.0,44.48969918231987,5,4,1
2023-04-29,Lighting,106,23866.45,81,133,86,72,104.14285714285714,32.79445365418011,5,4,1
2023-04-29,Literature,93,22332.73,89,120,83,47,96.71428571428572,28.68631663188457,5,4,1
2023-04-29,Mitsubishi 1.5 Ton 3 Star Split AC,85,18938.06,100,97,125,172,99.42857142857144,27.8379665376686,5,4,1
2023-04-29,Non-Fiction,317,68997.77,313,358,337,278,133.0,83.58030070935764,5,4,1
2023-04-29,Shirt,113,24976.65,104,82,99,101,127.0,83.99801584958212,5,4,1
2023-04-29,Shoes,149,46440.14,138,138,158,239,128.28571428571428,84.1025451174819,5,4,1
2023-04-29,Shorts,76,20685.83,72,123,97,71,128.14285714285714,84.21288217256019,5,4,1
2023-04-29,Smartphone,272,71963.98,314,194,218,228,161.42857142857142,105.76366285710974,5,4,1
2023-04-29,Snacks,114,23386.36,67,83,93,63,158.28571428571428,108.56444213110518,5,4,1
2023-04-29,Soft Drink,162,43594.89,193,209,216,175,171.57142857142858,105.90067224032326,5,4,1
2023-04-29,T-shirt,149,38344.65,189,204,173,125,153.85714285714286,86.98166199728259,5,4,1
2023-04-29,Tablet,142,44218.23,212,247,175,202,169.28571428571428,86.23942309198323,5,4,1
2023-04-29,Television,148,36975.01,192,138,199,187,177.0,85.38540078178858,5,4,1
2023-04-29,Thriller,86,17231.87,55,49,64,114,174.57142857142858,89.03343406244855,5,4,1
2023-04-29,Tools,79,18080.6,40,52,107,126,135.42857142857142,76.92606221313444,5,4,1
2023-04-29,Water,430,92301.31,418,374,341,418,185.57142857142856,124.54565045644529,5,4,1
2023-04-30,Bathroom,106,24418.01,79,99,93,73,169.28571428571428,130.71306270570187,6,4,1
2023-04-30,Bedding,127,39603.23,128,87,66,84,160.57142857142858,131.21211471361565,6,4,1
2023-04-30,BlueStar AC,25,6731.1,46,22,41,20,136.85714285714286,135.30512255815066,6,4,1
2023-04-30,Children's,100,29381.58,89,66,56,69,122.14285714285714,133.90223868109712,6,4,1
2023-04-30,Chocolate,141,35171.07,108,63,90,109,129.71428571428572,130.93855338251123,6,4,1
2023-04-30,Coffee,68,18228.6,123,169,106,117,141.57142857142858,125.08777870340636,6,4,1
2023-04-30,Decorations,185,44727.22,163,212,184,152,105.14285714285714,37.94482209484579,6,4,1
2023-04-30,Dress,118,36539.86,95,109,69,100,107.42857142857144,36.56435943582706,6,4,1
2023-04-30,Fiction,227,55194.37,283,215,353,271,129.57142857142858,76.36722059203386,6,4,1
2023-04-30,Fridge,108,24035.18,166,125,134,157,146.71428571428572,67.42579695664027,6,4,1
2023-04-30,Furniture,122,31256.06,211,156,189,215,164.14285714285714,65.7683524993304,6,4,1
2023-04-30,Headphones,84,20987.53,111,122,83,120,164.57142857142858,65.3499735854502,6,4,1
2023-04-30,Jacket,62,19199.29,71,94,116,88,157.14285714285714,73.33127702744702,6,4,1
2023-04-30,Jeans,139,30248.49,84,83,72,106,145.85714285714286,78.19724754625004,6,4,1
2023-04-30,Juice,239,62261.09,170,193,145,190,156.57142857142858,75.14620669702741,6,4,1
2023-04-30,Kitchen,60,18827.08,103,122,56,79,130.85714285714286,51.86337362541606,6,4,1
2023-04-30,Laptop,85,23969.59,163,69,78,140,130.42857142857142,51.53593291046898,6,4,1
2023-04-30,Lighting,87,15952.78,106,79,87,63,115.42857142857144,37.56264608560418,6,4,1
2023-04-30,Literature,96,28567.77,93,107,100,55,112.85714285714286,38.52024823141068,6,4,1
2023-04-30,Mitsubishi 1.5 Ton 3 Star Split AC,122,30335.92,85,111,149,106,114.85714285714286,36.28327700850854,6,4,1
2023-04-30,Non-Fiction,260,67600.48,317,277,192,292,148.14285714285714,81.70358737825515,6,4,1
2023-04-30,Shirt,57,16547.77,113,110,87,120,140.0,82.00203249513584,6,4,1
2023-04-30,Shoes,143,38328.83,149,169,188,192,146.57142857142858,80.36968156143021,6,4,1
2023-04-30,Shorts,90,25775.47,76,84,90,90,134.14285714285714,84.04845541199931,6,4,1
2023-04-30,Smartphone,252,64085.48,272,311,347,299,157.85714285714286,97.17754982749965,6,4,1
2023-04-30,Snacks,96,24467.77,114,79,82,77,160.85714285714286,95.14450163028958,6,4,1
2023-04-30,Soft Drink,165,42746.46,162,164,180,151,171.85714285714286,89.17665720622286,6,4,1
2023-04-30,T-shirt,223,60949.58,149,168,212,166,147.85714285714286,62.10053293230399,6,4,1
2023-04-30,Tablet,177,51309.02,142,256,125,94,152.0,60.329649979646405,6,4,1
2023-04-30,Television,137,29971.56,148,220,191,226,151.85714285714286,60.33912100627177,6,4,1
2023-04-30,Thriller,87,17907.18,86,116,126,49,153.28571428571428,58.32870729956287,6,4,1
2023-04-30,Tools,84,24577.15,79,56,109,140,125.71428571428572,32.95812639149975,6,4,1
2023-04-30,Water,396,93839.98,430,291,346,332,170.85714285714286,118.81698611930946,6,4,1
2023-05-01,Bathroom,66,18663.92,106,50,124,82,162.85714285714286,121.37054636034853,0,5,0
2023-05-01,Bedding,82,21053.25,127,101,105,73,159.71428571428572,122.0719928098637,0,5,0
2023-05-01,BlueStar AC,56,17828.99,25,28,59,50,143.0,132.46886426628706,0,5,0
2023-05-01,Children's,80,16636.87,100,71,99,71,136.14285714285714,133.4059326159929,0,5,0
2023-05-01,Chocolate,115,34751.72,141,92,87,81,144.0,131.5674731839142,0,5,0
2023-05-01,Coffee,127,26321.97,68,70,98,68,142.42857142857142,132.53535018107067,0,5,0
2023-05-01,Decorations,148,29350.65,185,200,139,171,107.42857142857144,51.53269881947793,0,5,0
2023-05-01,Dress,103,30283.13,118,54,77,68,109.14285714285714,51.676650341098586,0,5,0
2023-05-01,Fiction,259,70069.34,227,244,286,262,123.42857142857144,68.51485761705771,0,5,0
2023-05-01,Fridge,84,24958.53,108,96,96,85,135.28571428571428,54.36210164478628,0,5,0
2023-05-01,Furniture,183,51409.34,122,179,135,171,138.42857142857142,52.58915332669873,0,5,0
2023-05-01,Headphones,101,27604.3,84,44,122,109,130.28571428571428,56.39951029844799,0,5,0
2023-05-01,Jacket,101,22114.22,62,89,102,75,129.42857142857142,57.53797917566298,0,5,0
2023-05-01,Jeans,93,28606.73,139,78,89,92,122.85714285714286,52.54340609257743,0,5,0
2023-05-01,Juice,185,38509.38,239,175,255,194,140.14285714285714,68.23837769522494,0,5,0
2023-05-01,Kitchen,78,17777.87,60,68,93,119,116.28571428571428,61.689313730754094,0,5,0
2023-05-01,Laptop,66,17553.89,85,131,103,54,113.0,62.80658139611361,0,5,0
2023-05-01,Lighting,56,19166.54,87,75,103,50,108.0,63.36139729098975,0,5,0
2023-05-01,Literature,56,12838.11,96,86,84,99,109.71428571428572,62.76334993639259,0,5,0
2023-05-01,Mitsubishi 1.5 Ton 3 Star Split AC,92,19336.68,122,124,99,110,118.28571428571428,59.15435821000912,0,5,0
2023-05-01,Non-Fiction,262,67244.95,260,236,243,327,135.57142857142858,80.16411737358364,0,5,0
2023-05-01,Shirt,121,25388.2,57,72,127,42,109.57142857142856,69.88289524353598,0,5,0
2023-05-01,Shoes,168,44762.84,143,150,178,205,121.42857142857144,67.0543489587789,0,5,0
2023-05-01,Shorts,96,29592.63,90,101,89,87,122.14285714285714,66.62689289725911,0,5,0
2023-05-01,Smartphone,222,52574.02,252,302,223,280,145.71428571428572,79.97231663876825,0,5,0
2023-05-01,Snacks,121,29843.62,96,65,91,118,145.71428571428572,79.97231663876825,0,5,0
2023-05-01,Soft Drink,141,36246.44,165,134,231,169,151.85714285714286,79.49722966122471,0,5,0
2023-05-01,T-shirt,209,51876.53,223,125,199,179,146.57142857142858,71.98346370951477,0,5,0
2023-05-01,Tablet,150,42195.47,177,219,161,186,163.71428571428572,60.46407827714523,0,5,0
2023-05-01,Television,154,38505.54,137,215,223,180,162.85714285714286,60.8479760589962,0,5,0
2023-05-01,Thriller,70,14031.47,87,87,94,110,162.42857142857142,61.45420284747848,0,5,0
2023-05-01,Tools,116,31298.74,84,115,79,63,138.42857142857142,52.84523675430953,0,5,0
2023-05-01,Water,357,89734.86,396,402,339,335,181.28571428571428,106.80311213585844,0,5,0
2023-05-02,Bathroom,67,16378.41,66,38,91,72,167.14285714285714,115.51829374811668,1,5,0
2023-05-02,Bedding,61,16250.68,82,71,46,99,147.0,116.44455046644867,1,5,0
2023-05-02,BlueStar AC,25,6217.070000000001,56,29,15,23,129.71428571428572,120.17031564369272,1,5,0
2023-05-02,Children's,68,21097.9,80,81,106,68,121.57142857142856,121.51797828971246,1,5,0
2023-05-02,Chocolate,91,13639.46,115,105,120,79,125.57142857142856,120.6480517080668,1,5,0
2023-05-02,Coffee,90,20795.24,127,139,75,114,131.71428571428572,119.2654103050758,1,5,0
2023-05-02,Decorations,156,42074.36,148,164,239,140,96.28571428571428,34.101389442436805,1,5,0
2023-05-02,Dress,67,18261.36,103,44,80,45,101.57142857142856,31.3839510092716,1,5,0
2023-05-02,Fiction,248,64131.09,259,230,320,236,126.85714285714286,65.61866749492485,1,5,0
2023-05-02,Fridge,121,36614.97,84,131,89,65,130.85714285714286,61.2900986332717,1,5,0
2023-05-02,Furniture,175,37818.45,183,141,157,208,145.57142857142858,59.37973038800671,1,5,0
2023-05-02,Headphones,71,10533.55,101,109,116,118,143.57142857142858,60.79982769399131,1,5,0
2023-05-02,Jacket,119,37382.35,101,74,85,83,139.85714285714286,62.74399990285532,1,5,0
2023-05-02,Jeans,79,21986.0,93,93,95,70,132.0,64.95896140384828,1,5,0
2023-05-02,Juice,156,36563.6,185,165,170,160,143.71428571428572,66.23874567480436,1,5,0
2023-05-02,Kitchen,83,19721.36,78,73,125,82,117.85714285714286,45.95805541080733,1,5,0
2023-05-02,Laptop,96,22541.02,66,132,137,77,115.28571428571428,48.596002187128605,1,5,0
2023-05-02,Lighting,124,28815.52,56,78,136,136,97.14285714285714,42.416304142898085,1,5,0
2023-05-02,Literature,121,31375.73,56,93,72,126,90.71428571428572,45.06186224038465,1,5,0
2023-05-02,Mitsubishi 1.5 Ton 3 Star Split AC,105,21928.63,92,121,95,62,89.42857142857143,44.84736017075798,1,5,0
2023-05-02,Non-Fiction,253,63988.48,262,259,278,231,113.57142857142856,79.32603007600359,1,5,0
2023-05-02,Shirt,66,14341.39,121,108,156,106,104.42857142857144,73.17070712349552,1,5,0
2023-05-02,Shoes,236,55317.21,168,191,220,130,117.28571428571428,75.61903262564309,1,5,0
2023-05-02,Shorts,53,6713.3,96,108,97,108,121.57142857142856,73.03391254035594,1,5,0
2023-05-02,Smartphone,273,54937.43,222,300,178,200,145.28571428571428,75.11483272455632,1,5,0
2023-05-02,Snacks,55,9690.54,121,75,104,96,154.57142857142858,65.66038161848968,1,5,0
2023-05-02,Soft Drink,114,21775.98,141,188,154,109,161.57142857142858,60.26844708705957,1,5,0
2023-05-02,T-shirt,196,54749.97,209,188,160,229,154.0,47.53244505948876,1,5,0
2023-05-02,Tablet,155,38356.71,150,155,211,157,158.14285714285714,45.39246843338854,1,5,0
2023-05-02,Television,234,56197.78,154,149,143,155,156.14285714285714,45.193762738636565,1,5,0
2023-05-02,Thriller,86,24176.61,70,73,84,124,152.42857142857142,51.57795763972919,1,5,0
2023-05-02,Tools,108,34845.33,116,62,113,73,137.28571428571428,42.5116230605005,1,5,0
2023-05-02,Water,412,101058.35,357,316,369,406,171.0,92.1013934024163,1,5,0
2023-05-03,Bathroom,102,25040.14,67,84,80,68,160.42857142857142,100.0247588397611,2,5,0
2023-05-03,Bedding,63,14635.91,61,101,104,91,139.28571428571428,103.62386193297732,2,5,0
2023-05-03,BlueStar AC,42,11041.79,25,26,27,27,121.42857142857144,111.90897661769154,2,5,0
2023-05-03,Children's,72,16775.13,68,64,76,136,109.14285714285714,112.45655245683184,2,5,0
2023-05-03,Chocolate,140,45285.95,91,76,111,72,112.14285714285714,111.51446628342067,2,5,0
2023-05-03,Coffee,120,26496.11,90,98,96,128,108.42857142857144,111.79722289761509,2,5,0
2023-05-03,Decorations,180,53090.01,156,110,201,149,79.71428571428571,40.19831789894624,2,5,0
2023-05-03,Dress,88,22414.85,67,65,39,102,79.71428571428571,40.19831789894624,2,5,0
2023-05-03,Fiction,268,75886.99,248,227,293,262,106.42857142857144,73.78992059185566,2,5,0
2023-05-03,Fridge,110,26515.97,121,138,151,134,120.14285714285714,64.46556851381602,2,5,0
2023-05-03,Furniture,141,32333.23,175,220,157,151,135.42857142857142,62.70262392929847,2,5,0
2023-05-03,Headphones,68,19397.0,71,100,36,105,132.57142857142858,65.45954766840637,2,5,0
2023-05-03,Jacket,38,7717.780000000001,119,50,95,57,136.71428571428572,63.19471044772192,2,5,0
2023-05-03,Jeans,98,36929.58,79,63,120,90,125.71428571428572,65.92094832882347,2,5,0
2023-05-03,Juice,151,38385.5,156,159,159,153,138.42857142857142,61.11698384480128,2,5,0
2023-05-03,Kitchen,47,12182.25,83,74,74,76,114.85714285714286,39.97677897408497,2,5,0
2023-05-03,Laptop,75,18933.77,96,75,78,140,111.28571428571428,40.45043998818901,2,5,0
2023-05-03,Lighting,68,16743.02,124,72,59,136,104.0,30.40833219146771,2,5,0
2023-05-03,Literature,117,35970.65,121,88,115,94,111.14285714285714,27.05197818662267,2,5,0
2023-05-03,Mitsubishi 1.5 Ton 3 Star Split AC,134,30055.79,105,143,142,82,109.14285714285714,26.89131564544289,2,5,0
2023-05-03,Non-Fiction,264,74938.07,253,292,296,192,134.0,57.44562646538017,2,5,0
2023-05-03,Shirt,84,24657.54,66,94,104,126,121.14285714285714,61.62096118321137,2,5,0
2023-05-03,Shoes,174,38837.9,236,198,196,163,143.0,72.08328516376031,2,5,0
2023-05-03,Shorts,95,29874.07,53,38,59,116,136.85714285714286,78.3186409726925,2,5,0
2023-05-03,Smartphone,249,52755.22,273,267,303,211,158.14285714285714,93.09570088790088,2,5,0
2023-05-03,Snacks,61,19388.78,55,124,56,56,148.71428571428572,100.52978710431093,2,5,0
2023-05-03,Soft Drink,97,19932.82,114,222,142,202,150.0,99.93331109628386,2,5,0
2023-05-03,T-shirt,157,37373.19,196,111,226,185,141.85714285714286,92.16186588719604,2,5,0
2023-05-03,Tablet,126,25383.04,155,131,208,171,154.57142857142858,85.87754293732655,2,5,0
2023-05-03,Television,166,43553.58,234,275,192,195,154.28571428571428,85.56423373839142,2,5,0
2023-05-03,Thriller,94,21242.21,86,128,53,55,159.0,79.7663253927787,2,5,0
2023-05-03,Tools,53,9675.35,108,75,49,94,135.42857142857142,63.102712944471456,2,5,0
2023-05-03,Water,391,102754.9,412,344,385,352,186.42857142857144,112.32965940014404,2,5,0
2023-05-04,Bathroom,99,29819.4,102,63,85,119,184.7142857142857,113.70241024375024,3,5,0
2023-05-04,Bedding,60,15768.95,63,45,99,116,165.71428571428572,122.29024802454506,3,5,0
2023-05-04,BlueStar AC,33,9471.52,42,40,50,21,149.57142857142858,131.08248947750053,3,5,0
2023-05-04,Children's,126,28557.64,72,113,84,54,126.42857142857144,127.95553543172346,3,5,0
2023-05-04,Chocolate,74,18832.66,140,45,86,95,134.14285714285714,126.73387941066186,3,5,0
2023-05-04,Coffee,79,19834.71,120,67,88,69,135.85714285714286,126.4020418762141,3,5,0
2023-05-04,Decorations,205,49554.35,180,234,175,194,102.71428571428572,48.07880435879643,3,5,0
2023-05-04,Dress,123,28596.87,88,52,103,72,100.71428571428572,48.40356145889222,3,5,0
2023-05-04,Fiction,294,85643.78,268,250,247,255,130.0,75.95612768785233,3,5,0
2023-05-04,Fridge,59,16262.26,110,133,90,145,139.71428571428572,66.59758325373443,3,5,0
2023-05-04,Furniture,111,28665.55,141,198,204,221,149.57142857142858,59.64857400602613,3,5,0
2023-05-04,Headphones,128,30545.96,68,94,53,104,139.28571428571428,67.29218450338858,3,5,0
2023-05-04,Jacket,65,19343.23,38,78,89,85,127.57142857142856,77.56257074744477,3,5,0
2023-05-04,Jeans,58,12598.71,98,84,101,78,115.85714285714286,74.45452431166413,3,5,0
2023-05-04,Juice,152,36773.88,151,189,139,156,124.85714285714286,74.3335468713567,3,5,0
2023-05-04,Kitchen,101,18380.26,47,106,90,95,93.28571428571428,44.24821761274408,3,5,0
2023-05-04,Laptop,103,31928.27,75,88,135,71,88.28571428571429,44.0216397003196,3,5,0
2023-05-04,Lighting,71,17284.489999999998,68,95,82,52,77.85714285714286,37.63610222215078,3,5,0
2023-05-04,Literature,93,26705.81,117,80,57,107,84.85714285714286,39.98094784364402,3,5,0
2023-05-04,Mitsubishi 1.5 Ton 3 Star Split AC,80,21288.72,134,125,122,157,98.57142857142856,37.62471325630324,3,5,0
2023-05-04,Non-Fiction,293,83014.84,264,277,189,283,122.28571428571428,72.94224721361017,3,5,0
2023-05-04,Shirt,77,20702.83,84,115,86,90,112.71428571428572,72.94224721361017,3,5,0
2023-05-04,Shoes,213,58045.42,174,119,187,191,130.85714285714286,69.59029762696461,3,5,0
2023-05-04,Shorts,104,23580.77,95,65,106,112,133.71428571428572,67.2872307988033,3,5,0
2023-05-04,Smartphone,400,93277.63,249,286,267,312,159.57142857142858,72.40823420683847,3,5,0
2023-05-04,Snacks,104,23077.17,61,105,80,85,151.57142857142858,80.53334121728118,3,5,0
2023-05-04,Soft Drink,177,39884.96,97,225,139,203,146.28571428571428,83.05362582033824,3,5,0
2023-05-04,T-shirt,215,56081.07,157,160,131,198,131.0,65.84071688552604,3,5,0
2023-05-04,Tablet,142,36190.64,126,167,164,157,137.0,62.68173577685922,3,5,0
2023-05-04,Television,216,61027.38,166,189,157,157,135.85714285714286,61.96350692525547,3,5,0
2023-05-04,Thriller,94,28424.21,94,100,79,68,135.71428571428572,62.074456060750855,3,5,0
2023-05-04,Tools,96,21537.56,53,78,108,54,107.71428571428572,44.04434994303759,3,5,0
2023-05-04,Water,326,73860.35,391,350,370,348,154.85714285714286,111.16868349709006,3,5,0
2023-05-05,Bathroom,48,15472.2,99,73,95,96,155.14285714285714,110.99764047256222,4,5,0
2023-05-05,Bedding,57,17172.91,60,47,70,52,141.28571428571428,116.6386360884395,4,5,0
2023-05-05,BlueStar AC,44,10316.33,33,40,32,69,128.0,123.74974747448978,4,5,0
2023-05-05,Children's,107,37951.12,126,79,70,104,122.28571428571428,122.6209801049753,4,5,0
2023-05-05,Chocolate,58,18003.719999999998,74,101,60,90,119.42857142857144,123.6188458432574,4,5,0
2023-05-05,Coffee,55,18259.57,79,103,43,113,123.14285714285714,121.66542726048424,4,5,0
2023-05-05,Decorations,153,40791.03,205,110,189,201,96.57142857142856,56.01445391699392,4,5,0
2023-05-05,Dress,111,33243.05,123,100,43,84,100.0,56.91514151202052,4,5,0
2023-05-05,Fiction,213,54735.81,294,298,303,246,133.42857142857142,89.11576206047411,4,5,0
2023-05-05,Fridge,112,27261.01,59,113,202,110,137.14285714285714,84.66291705232884,4,5,0
2023-05-05,Furniture,100,29561.01,111,192,206,144,135.0,85.1802011424407,4,5,0
2023-05-05,Headphones,87,22532.05,128,141,108,77,142.71428571428572,81.0816754589968,4,5,0
2023-05-05,Jacket,129,30520.57,65,81,64,53,140.71428571428572,83.0636588922702,4,5,0
2023-05-05,Jeans,130,39983.35,58,78,62,118,119.71428571428572,82.68356202154946,4,5,0
2023-05-05,Juice,136,37607.55,152,146,185,213,123.85714285714286,83.59710635229057,4,5,0
2023-05-05,Kitchen,117,27821.02,101,129,101,97,96.28571428571428,36.93108124472865,4,5,0
2023-05-05,Laptop,58,16787.47,103,73,73,84,102.57142857142856,33.06991151513766,4,5,0
2023-05-05,Lighting,137,40905.75,71,81,94,79,96.85714285714286,34.782316251358395,4,5,0
2023-05-05,Literature,116,28763.23,93,89,74,88,91.85714285714286,31.960541148049675,4,5,0
2023-05-05,Mitsubishi 1.5 Ton 3 Star Split AC,92,21689.52,80,100,102,101,94.0,30.320510110044644,4,5,0
2023-05-05,Non-Fiction,278,54088.86,293,313,224,296,127.57142857142856,77.38616832237553,4,5,0
2023-05-05,Shirt,96,20933.85,77,104,97,63,116.85714285714286,78.62236444216225,4,5,0
2023-05-05,Shoes,182,50191.36,213,138,208,188,132.85714285714286,85.915517751313,4,5,0
2023-05-05,Shorts,114,26240.87,104,72,73,111,133.0,85.85841057617279,4,5,0
2023-05-05,Smartphone,260,67181.21,400,314,248,275,180.0,126.63069664711372,4,5,0
2023-05-05,Snacks,19,3365.11,104,67,106,66,181.57142857142856,125.4337237253963,4,5,0
2023-05-05,Soft Drink,197,54722.63,177,193,179,136,195.42857142857144,117.4462389675338,4,5,0
2023-05-05,T-shirt,181,43467.42,215,189,190,130,184.28571428571428,110.11768596326732,4,5,0
2023-05-05,Tablet,133,30761.38,142,212,176,159,193.57142857142856,102.00466842724592,4,5,0
2023-05-05,Television,242,58487.09,216,192,197,203,194.0,102.10615391183173,4,5,0
2023-05-05,Thriller,101,30665.46,94,55,85,60,192.57142857142856,103.63374151767552,4,5,0
2023-05-05,Tools,94,27425.31,96,40,67,60,149.14285714285714,54.063014379606365,4,5,0
2023-05-05,Water,306,79166.99,326,418,400,287,180.8571428571429,81.38064587977615,4,5,0
2023-05-06,Bathroom,83,18088.71,48,79,92,141,162.42857142857142,95.73898046747932,5,5,1
2023-05-06,Bedding,128,29525.47,57,128,92,83,139.85714285714286,99.81721389858662,5,5,1
2023-05-06,BlueStar AC,35,10019.22,44,46,34,57,125.85714285714286,106.13894756627369,5,5,1
2023-05-06,Children's,113,30494.26,107,89,85,76,110.28571428571428,98.4254612819845,5,5,1
2023-05-06,Chocolate,75,18284.8,58,108,82,56,105.14285714285714,100.34013582382106,5,5,1
2023-05-06,Coffee,39,14331.62,55,123,69,74,99.28571428571428,102.14322344256664,5,5,1
2023-05-06,Decorations,104,25801.0,153,163,219,206,74.57142857142857,40.43454440144443,5,5,1
2023-05-06,Dress,75,19038.1,111,95,95,88,83.57142857142857,40.54568264257467,5,5,1
2023-05-06,Fiction,262,67670.57,213,283,244,280,105.85714285714286,61.14580544738555,5,5,1
2023-05-06,Fridge,126,33281.54,112,166,146,83,115.57142857142856,54.74747221822862,5,5,1
2023-05-06,Furniture,127,23220.77,100,211,173,255,114.57142857142856,54.99350611013736,5,5,1
2023-05-06,Headphones,110,28758.93,87,111,102,85,118.71428571428572,50.96637547021986,5,5,1
2023-05-06,Jacket,73,14263.31,129,71,89,120,129.28571428571428,42.52338292325878,5,5,1
2023-05-06,Jeans,60,19873.71,130,84,76,88,126.0,41.25530268947254,5,5,1
2023-05-06,Juice,185,43672.07,136,170,216,135,129.57142857142858,40.82016308499655,5,5,1
2023-05-06,Kitchen,94,26133.7,117,103,92,63,115.85714285714286,17.6958429339452,5,5,1
2023-05-06,Laptop,86,15482.17,58,163,111,56,108.14285714285714,28.269114898469297,5,5,1
2023-05-06,Lighting,125,34148.05,137,106,133,83,113.42857142857144,29.904610251359497,5,5,1
2023-05-06,Literature,48,10608.15,116,93,120,79,117.57142857142856,27.54909038339346,5,5,1
2023-05-06,Mitsubishi 1.5 Ton 3 Star Split AC,137,35202.93,92,85,97,49,112.28571428571428,28.523173536116733,5,5,1
2023-05-06,Non-Fiction,211,46501.73,278,317,358,286,133.42857142857142,69.40186631221849,5,5,1
2023-05-06,Shirt,106,22068.53,96,113,82,87,127.71428571428572,70.78774443295084,5,5,1
2023-05-06,Shoes,142,38063.27,182,149,138,180,137.0,73.36438736426095,5,5,1
2023-05-06,Shorts,113,25324.02,114,76,123,106,145.0,65.99747469916304,5,5,1
2023-05-06,Smartphone,253,53387.71,260,272,194,232,162.57142857142858,78.66989501043189,5,5,1
2023-05-06,Snacks,67,18384.57,19,114,83,70,148.71428571428572,95.07315479095432,5,5,1
2023-05-06,Soft Drink,129,31934.02,197,162,209,115,163.71428571428572,92.89189825762394,5,5,1
2023-05-06,T-shirt,202,58179.42,181,149,204,192,149.85714285714286,79.2326291612838,5,5,1
2023-05-06,Tablet,145,36362.09,133,142,247,121,155.14285714285714,76.2177332196573,5,5,1
2023-05-06,Television,126,26414.39,242,148,138,197,163.71428571428572,82.82856650076363,5,5,1
2023-05-06,Thriller,48,13015.52,101,86,49,99,161.85714285714286,84.26234542868393,5,5,1
2023-05-06,Tools,83,28935.38,94,79,52,92,138.14285714285714,74.87418017676626,5,5,1
2023-05-06,Water,329,86676.91,306,430,374,326,179.14285714285714,77.2990482292172,5,5,1
2023-05-07,Bathroom,82,23218.21,83,106,99,87,162.85714285714286,84.57625468855223,6,5,1
2023-05-07,Bedding,125,37919.99,128,127,87,78,155.28571428571428,85.05236482253012,6,5,1
2023-05-07,BlueStar AC,24,5265.5,35,25,22,17,141.28571428571428,96.61213568649003,6,5,1
2023-05-07,Children's,76,14476.77,113,100,66,89,122.85714285714286,85.90969788374417,6,5,1
2023-05-07,Chocolate,25,6538.35,75,141,63,101,119.14285714285714,87.5584158746388,6,5,1
2023-05-07,Coffee,79,24771.96,39,68,169,68,111.28571428571428,92.51795192594484,6,5,1
2023-05-07,Decorations,165,48402.91,104,185,212,197,82.42857142857143,35.74845984028408,6,5,1
2023-05-07,Dress,41,10432.88,75,118,109,88,81.28571428571429,35.85486617701217,6,5,1
2023-05-07,Fiction,226,59819.92,262,227,215,296,100.42857142857144,77.05378455524252,6,5,1
2023-05-07,Fridge,106,25126.75,126,108,125,107,113.42857142857144,71.66323358333099,6,5,1
2023-05-07,Furniture,154,35835.7,127,122,156,241,115.42857142857144,71.84440860372544,6,5,1
2023-05-07,Headphones,130,31404.85,110,84,122,71,120.42857142857144,69.74921061167926,6,5,1
2023-05-07,Jacket,68,18707.7,73,62,94,116,125.28571428571428,64.087737479475,6,5,1
2023-05-07,Jeans,49,11978.26,60,139,83,74,119.0,68.52736679604733,6,5,1
2023-05-07,Juice,201,60365.46,185,239,193,146,134.71428571428572,69.36308885306435,6,5,1
2023-05-07,Kitchen,95,23829.21,94,60,122,54,110.71428571428572,41.4154330562667,6,5,1
2023-05-07,Laptop,43,10292.58,86,85,69,108,105.0,41.713307229228604,6,5,1
2023-05-07,Lighting,108,27373.55,125,87,79,128,104.71428571428572,41.54400994011986,6,5,1
2023-05-07,Literature,97,23229.26,48,96,107,91,95.85714285714286,46.53825871054419,6,5,1
2023-05-07,Mitsubishi 1.5 Ton 3 Star Split AC,102,27725.61,137,122,111,53,105.0,47.574502975158325,6,5,1
2023-05-07,Non-Fiction,209,51528.93,211,260,277,300,126.57142857142856,57.05803227959281,6,5,1
2023-05-07,Shirt,108,24720.97,106,57,110,55,115.28571428571428,51.0741757502893,6,5,1
2023-05-07,Shoes,182,38401.96,142,143,169,127,122.14285714285714,50.96217084409637,6,5,1
2023-05-07,Shorts,106,21841.1,113,90,84,107,126.0,48.74423042781584,6,5,1
2023-05-07,Smartphone,258,59004.96,253,252,311,284,144.28571428571428,68.36596201257437,6,5,1
2023-05-07,Snacks,131,32623.03,67,96,79,73,147.0,64.15346184475679,6,5,1
2023-05-07,Soft Drink,243,52867.69,129,165,164,163,145.85714285714286,64.43195007506904,6,5,1
2023-05-07,T-shirt,132,27604.6,202,223,168,141,144.57142857142858,62.98903910696723,6,5,1
2023-05-07,Tablet,260,66737.38,145,177,256,219,150.14285714285714,60.69164844091968,6,5,1
2023-05-07,Television,127,29318.41,126,137,220,131,147.85714285714286,61.3471775265675,6,5,1
2023-05-07,Thriller,71,19040.95,48,87,116,132,138.57142857142858,71.57014541193635,6,5,1
2023-05-07,Tools,112,32508.83,83,84,56,99,114.28571428571428,52.59820746538266,6,5,1
2023-05-07,Water,343,90280.55,329,396,291,453,151.71428571428572,91.8870942800897,6,5,1
2023-05-08,Bathroom,86,23155.64,82,66,50,77,145.0,95.47076341302956,0,5,0
2023-05-08,Bedding,78,21790.83,125,82,101,89,134.0,92.18821327407676,0,5,0
2023-05-08,BlueStar AC,57,13378.47,24,56,28,8,116.71428571428572,100.7301912465743,0,5,0
2023-05-08,Children's,74,15968.53,76,80,71,85,109.57142857142856,101.72980084986104,0,5,0
2023-05-08,Chocolate,69,17844.02,25,115,92,95,106.28571428571428,104.38664391851783,0,5,0
2023-05-08,Coffee,62,11627.41,79,127,70,96,105.71428571428572,104.5461848271125,0,5,0
2023-05-08,Decorations,228,56730.4,165,148,200,114,82.28571428571429,50.65476050584756,0,5,0
2023-05-08,Dress,75,21777.86,41,103,54,95,76.42857142857143,53.00898396453562,0,5,0
2023-05-08,Fiction,239,64703.76,226,259,244,329,90.85714285714286,76.82757441489481,0,5,0
2023-05-08,Fridge,94,30558.88,106,84,96,97,102.57142857142856,70.96209585137022,0,5,0
2023-05-08,Furniture,229,48552.43,154,183,179,156,113.71428571428572,72.20737332090654,0,5,0
2023-05-08,Headphones,82,23030.29,130,101,44,111,128.71428571428572,60.69517906641979,0,5,0
2023-05-08,Jacket,110,30582.47,68,101,89,116,127.14285714285714,62.31754319993843,0,5,0
2023-05-08,Jeans,73,16327.36,49,93,78,90,110.57142857142856,65.89349270567152,0,5,0
2023-05-08,Juice,185,48411.59,201,185,175,126,133.42857142857142,65.48754879837118,0,5,0
2023-05-08,Kitchen,53,14839.66,95,78,68,117,114.71428571428572,51.941358876186186,0,5,0
2023-05-08,Laptop,67,17959.03,43,66,131,107,105.71428571428572,58.718862062413706,0,5,0
2023-05-08,Lighting,102,30893.42,108,56,75,61,99.14285714285714,54.86173095892556,0,5,0
2023-05-08,Literature,74,15306.86,97,56,86,77,94.42857142857144,53.15968755506741,0,5,0
2023-05-08,Mitsubishi 1.5 Ton 3 Star Split AC,88,25889.56,102,92,124,110,99.28571428571428,51.8803568662691,0,5,0
2023-05-08,Non-Fiction,313,76547.48,209,262,236,290,122.14285714285714,60.55418667449448,0,5,0
2023-05-08,Shirt,97,25982.11,108,121,72,97,108.85714285714286,49.576300021376426,0,5,0
2023-05-08,Shoes,216,58322.45,182,168,150,208,121.28571428571428,56.01105333091047,0,5,0
2023-05-08,Shorts,145,32999.0,106,96,101,54,130.28571428571428,45.38984572829141,0,5,0
2023-05-08,Smartphone,255,56813.88,258,222,302,229,151.71428571428572,64.49990771495793,0,5,0
2023-05-08,Snacks,105,20990.32,131,121,65,103,156.57142857142858,60.87105810059249,0,5,0
2023-05-08,Soft Drink,206,54651.86,243,141,134,228,176.71428571428572,63.09176989569573,0,5,0
2023-05-08,T-shirt,160,38167.63,132,209,125,167,165.71428571428572,63.23689399318054,0,5,0
2023-05-08,Tablet,198,52851.43,260,150,219,135,187.42857142857144,66.14594253834245,0,5,0
2023-05-08,Television,180,54549.4,127,154,215,169,179.57142857142858,70.04964226141608,0,5,0
2023-05-08,Thriller,76,18096.3,71,70,87,52,174.57142857142858,77.07324901861672,0,5,0
2023-05-08,Tools,119,29096.09,112,116,115,121,153.71428571428572,70.18004057592219,0,5,0
2023-05-08,Water,336,91192.06,343,357,402,262,184.0,98.6948158044112,0,5,0
2023-05-09,Bathroom,65,14560.32,86,67,38,78,161.57142857142858,100.86766436418417,1,5,0
2023-05-09,Bedding,92,23340.61,78,61,71,86,153.85714285714286,105.46631147974622,1,5,0
2023-05-09,BlueStar AC,21,4227.13,57,25,29,29,124.85714285714286,99.13530916787175,1,5,0
2023-05-09,Children's,63,12602.8,74,68,81,69,117.28571428571428,100.9516621717448,1,5,0
2023-05-09,Chocolate,111,27330.72,69,91,105,66,117.0,101.10720383170856,1,5,0
2023-05-09,Coffee,52,8121.9,62,90,139,75,109.85714285714286,103.26249492019286,1,5,0
2023-05-09,Decorations,169,50279.22,228,156,164,189,93.42857142857144,60.127246022794985,1,5,0
2023-05-09,Dress,110,27670.49,75,67,44,119,91.85714285714286,60.49635959137975,1,5,0
2023-05-09,Fiction,285,61150.87,239,248,230,293,114.85714285714286,81.35811488193943,1,5,0
2023-05-09,Fridge,134,34917.01,94,121,131,69,120.14285714285714,78.10981280954944,1,5,0
2023-05-09,Furniture,197,53313.53,229,175,141,153,142.28571428571428,84.55316726910996,1,5,0
2023-05-09,Headphones,97,26569.71,82,71,109,115,144.14285714285714,82.79981596482878,1,5,0
2023-05-09,Jacket,52,12084.24,110,119,74,146,151.0,76.62027581956787,1,5,0
2023-05-09,Jeans,56,12360.37,73,79,93,92,128.85714285714286,72.96900842464687,1,5,0
2023-05-09,Juice,154,32614.11,185,156,165,109,144.57142857142858,71.262091705799,1,5,0
2023-05-09,Kitchen,93,24379.29,53,83,73,94,118.0,64.54455825241968,1,5,0
2023-05-09,Laptop,132,43273.93,67,96,132,106,114.14285714285714,66.97867464456769,1,5,0
2023-05-09,Lighting,64,17307.96,102,124,78,73,96.0,43.90899680020031,1,5,0
2023-05-09,Literature,145,34804.67,74,121,93,110,94.85714285714286,44.43507837819342,1,5,0
2023-05-09,Mitsubishi 1.5 Ton 3 Star Split AC,118,28249.8,88,105,121,111,91.71428571428572,43.96102169617343,1,5,0
2023-05-09,Non-Fiction,274,68258.65,313,253,259,254,126.0,93.08061022576074,1,5,0
2023-05-09,Shirt,81,19780.76,97,66,108,116,113.42857142857144,89.66392277621499,1,5,0
2023-05-09,Shoes,193,56324.84,216,236,191,157,136.71428571428572,92.476509243725,1,5,0
2023-05-09,Shorts,93,23604.71,145,53,108,128,147.85714285714286,87.22657961009466,1,5,0
2023-05-09,Smartphone,249,64599.66,255,273,300,266,169.71428571428572,92.81112412800928,1,5,0
2023-05-09,Snacks,73,18145.05,105,55,75,32,174.14285714285714,88.1030241089535,1,5,0
2023-05-09,Soft Drink,160,40467.61,206,114,188,149,191.0,79.76841480184987,1,5,0
2023-05-09,T-shirt,162,42240.15,160,196,188,195,169.14285714285714,59.035098518956026,1,5,0
2023-05-09,Tablet,165,53412.02,198,155,155,253,183.57142857142856,50.13600550122667,1,5,0
2023-05-09,Television,228,57427.21,180,234,149,216,178.42857142857142,48.05849610234419,1,5,0
2023-05-09,Thriller,80,21430.91,76,86,73,120,168.57142857142858,61.30757740784604,1,5,0
2023-05-09,Tools,78,15732.2,119,108,62,106,149.14285714285714,49.82779870523596,1,5,0
2023-05-09,Water,336,84987.42,336,412,316,370,182.14285714285717,81.89511294216223,1,5,0
2023-05-10,Bathroom,77,24943.78,65,102,84,92,162.0,91.79143024632886,2,5,0
2023-05-10,Bedding,92,28106.48,92,63,101,86,152.28571428571428,95.5592561114381,2,5,0
2023-05-10,BlueStar AC,23,7385.120000000001,21,42,26,66,127.0,104.4509454241559,2,5,0
2023-05-10,Children's,81,21580.51,63,72,64,89,110.28571428571428,103.9161750093383,2,5,0
2023-05-10,Chocolate,68,13317.91,111,140,76,129,115.28571428571428,102.82787281944242,2,5,0
2023-05-10,Coffee,76,22649.06,52,120,98,82,105.71428571428572,105.50784218201396,2,5,0
2023-05-10,Decorations,162,35282.28,169,180,110,209,81.85714285714286,47.92504067613845,2,5,0
2023-05-10,Dress,89,21565.72,110,88,65,122,88.28571428571429,48.3036033359634,2,5,0
2023-05-10,Fiction,280,70716.54,285,268,227,248,115.85714285714286,88.84523729765253,2,5,0
2023-05-10,Fridge,136,33707.89,134,110,138,63,132.0,78.38792424006813,2,5,0
2023-05-10,Furniture,199,43574.85,197,141,220,175,151.14285714285714,75.01872782052169,2,5,0
2023-05-10,Headphones,88,22935.44,97,68,100,97,149.14285714285714,76.44045301502895,2,5,0
2023-05-10,Jacket,126,32597.66,52,38,50,91,149.14285714285714,76.44045301502895,2,5,0
2023-05-10,Jeans,82,20868.56,56,98,63,75,133.0,83.18253021718759,2,5,0
2023-05-10,Juice,184,39849.14,154,151,159,186,139.28571428571428,82.8164924913596,2,5,0
2023-05-10,Kitchen,99,33155.740000000005,93,47,74,98,111.85714285714286,52.90692636264985,2,5,0
2023-05-10,Laptop,93,25236.16,132,75,75,115,111.57142857142856,52.77264803809239,2,5,0
2023-05-10,Lighting,131,30610.41,64,68,72,77,92.57142857142856,39.04637047945744,2,5,0
2023-05-10,Literature,111,21649.7,145,117,88,136,99.42857142857144,43.87048036685996,2,5,0
2023-05-10,Mitsubishi 1.5 Ton 3 Star Split AC,119,36458.56,118,134,143,112,108.85714285714286,38.7746849178196,2,5,0
2023-05-10,Non-Fiction,308,77644.96,274,264,292,246,140.0,66.72081134598605,2,5,0
2023-05-10,Shirt,110,32923.7,81,84,94,82,129.57142857142858,69.8017601087946,2,5,0
2023-05-10,Shoes,232,63865.0,193,174,198,202,143.85714285714286,71.28681171022814,2,5,0
2023-05-10,Shorts,78,19020.25,93,95,38,58,138.28571428571428,73.84604319283525,2,5,0
2023-05-10,Smartphone,357,86659.29,249,249,267,333,164.71428571428572,75.90501583275919,2,5,0
2023-05-10,Snacks,111,26135.550000000003,73,61,124,95,154.42857142857142,83.5181759516197,2,5,0
2023-05-10,Soft Drink,133,29921.620000000003,160,97,222,130,160.42857142857142,81.95904900793876,2,5,0
2023-05-10,T-shirt,182,53626.28,162,157,111,208,144.42857142857142,65.33977130573467,2,5,0
2023-05-10,Tablet,229,61352.37,165,126,131,201,156.42857142857142,59.17166310224605,2,5,0
2023-05-10,Television,200,45645.02,228,166,275,191,161.42857142857142,64.05429244751966,2,5,0
2023-05-10,Thriller,87,22453.32,80,94,128,138,159.57142857142858,66.51029279456706,2,5,0
2023-05-10,Tools,128,27828.91,78,53,75,70,135.14285714285714,59.1901697115001,2,5,0
2023-05-10,Water,366,82903.12,336,391,344,414,172.71428571428572,89.08930778665167,2,5,0
2023-05-11,Bathroom,98,20784.15,77,99,63,118,160.85714285714286,96.29542836401691,3,5,0
2023-05-11,Bedding,63,17470.100000000002,92,60,45,69,150.85714285714286,99.7303507320758,3,5,0
2023-05-11,BlueStar AC,49,11550.74,23,33,40,23,130.57142857142858,110.26008214347432,3,5,0
2023-05-11,Children's,116,32830.7,81,126,113,117,109.57142857142856,102.32441406763934,3,5,0
2023-05-11,Chocolate,71,18952.73,68,74,45,85,107.85714285714286,103.00069347894144,3,5,0
2023-05-11,Coffee,94,30028.43,76,79,67,93,107.57142857142856,103.10004387787156,3,5,0
2023-05-11,Decorations,134,30367.81,162,205,234,145,82.71428571428571,41.3025999412235,3,5,0
2023-05-11,Dress,93,27070.28,89,123,52,70,84.42857142857143,41.27492032238271,3,5,0
2023-05-11,Fiction,294,76738.85,280,294,250,284,111.28571428571428,85.01316424670998,3,5,0
2023-05-11,Fridge,112,23272.96,136,59,133,119,127.42857142857144,75.67002300087117,3,5,0
2023-05-11,Furniture,151,42338.58,199,111,198,180,144.28571428571428,76.73919964336838,3,5,0
2023-05-11,Headphones,89,18904.42,88,128,94,64,147.14285714285714,73.73924457489498,3,5,0
2023-05-11,Jacket,79,19613.04,126,65,78,61,154.28571428571428,67.8889148676332,3,5,0
2023-05-11,Jeans,92,16200.91,82,58,84,126,142.85714285714286,72.92102708050798,3,5,0
2023-05-11,Juice,231,58005.44,184,152,189,183,156.42857142857142,70.00918307112076,3,5,0
2023-05-11,Kitchen,93,20562.58,99,101,106,83,130.57142857142858,46.10805115109909,3,5,0
2023-05-11,Laptop,83,16534.39,93,103,88,65,124.42857142857144,48.08623206579721,3,5,0
2023-05-11,Lighting,71,16663.16,131,71,95,83,114.71428571428572,35.81300641626474,3,5,0
2023-05-11,Literature,91,27040.91,111,93,80,137,118.0,33.96076167186661,3,5,0
2023-05-11,Mitsubishi 1.5 Ton 3 Star Split AC,141,40896.56,119,80,125,65,117.0,33.78855822118868,3,5,0
2023-05-11,Non-Fiction,225,57642.77,308,293,277,308,149.28571428571428,76.16804729393695,3,5,0
2023-05-11,Shirt,90,24491.37,110,77,115,138,138.71428571428572,75.68072032275734,3,5,0
2023-05-11,Shoes,154,41900.62,232,213,119,148,157.71428571428572,80.58476755507054,3,5,0
2023-05-11,Shorts,54,8605.29,78,104,65,73,155.57142857142858,82.76242533673741,3,5,0
2023-05-11,Smartphone,273,72445.54,357,400,286,292,187.8571428571429,110.88346521074656,3,5,0
2023-05-11,Snacks,55,10683.31,111,104,105,80,187.8571428571429,110.88346521074656,3,5,0
2023-05-11,Soft Drink,198,52008.96,133,177,225,115,189.8571428571429,109.55277049810064,3,5,0
2023-05-11,T-shirt,205,58317.73,182,215,160,174,171.85714285714286,96.47698960793454,3,5,0
2023-05-11,Tablet,189,51295.62,229,142,167,158,188.8571428571429,94.2185908254992,3,5,0
2023-05-11,Television,250,74527.23,200,216,189,154,184.28571428571428,92.53776577829228,3,5,0
2023-05-11,Thriller,112,20314.78,87,94,100,67,185.57142857142856,90.8622714934662,3,5,0
2023-05-11,Tools,79,25495.16,128,96,78,111,152.85714285714286,51.59272743138813,3,5,0
2023-05-11,Water,286,73044.54,366,326,350,351,189.28571428571428,91.61461725749923,3,5,0
2023-05-12,Bathroom,66,19557.85,98,48,73,65,184.28571428571428,96.04636777049272,4,5,0
2023-05-12,Bedding,93,23752.0,63,57,47,71,167.28571428571428,106.48272831108063,4,5,0
2023-05-12,BlueStar AC,39,14319.06,49,44,40,13,141.57142857142858,110.74423558039354,4,5,0
2023-05-12,Children's,48,9850.56,116,107,79,116,129.57142857142858,107.87161681501628,4,5,0
2023-05-12,Chocolate,93,24348.54,71,58,101,80,127.28571428571428,109.08668462238984,4,5,0
2023-05-12,Coffee,48,18633.05,94,55,103,94,122.42857142857144,109.80415466161728,4,5,0
2023-05-12,Decorations,176,41539.11,134,153,110,152,89.28571428571429,30.164627660635077,4,5,0
2023-05-12,Dress,149,37003.62,93,111,100,92,88.57142857142857,29.98253459853536,4,5,0
2023-05-12,Fiction,295,89808.11,294,213,298,232,121.57142857142856,80.95030809671059,4,5,0
2023-05-12,Fridge,94,19114.55,112,112,113,82,130.57142857142858,74.80609855454544,4,5,0
2023-05-12,Furniture,172,51041.78,151,100,192,149,135.57142857142858,74.83951082785326,4,5,0
2023-05-12,Headphones,82,18406.22,89,87,141,140,138.14285714285714,72.52454428543145,4,5,0
2023-05-12,Jacket,78,16982.32,79,129,81,140,136.0,74.24733440781999,4,5,0
2023-05-12,Jeans,66,19495.37,92,130,78,90,130.0,76.10957013849605,4,5,0
2023-05-12,Juice,159,50865.42,231,136,146,154,149.71428571428572,82.5302253434345,4,5,0
2023-05-12,Kitchen,56,16426.39,93,117,129,57,121.0,53.99691349203815,4,5,0
2023-05-12,Laptop,81,18567.13,83,58,73,87,116.85714285714286,55.88210378832841,4,5,0
2023-05-12,Lighting,74,19644.3,71,137,81,100,105.42857142857144,55.916178764459865,4,5,0
2023-05-12,Literature,164,48208.3,91,116,89,85,105.71428571428572,55.82327556887073,4,5,0
2023-05-12,Mitsubishi 1.5 Ton 3 Star Split AC,35,6691.59,141,92,100,35,114.57142857142856,55.79682530651452,4,5,0
2023-05-12,Non-Fiction,286,66830.75,225,278,313,262,133.57142857142858,68.1147491195485,4,5,0
2023-05-12,Shirt,119,33726.93,90,96,104,71,113.42857142857144,53.85739547749252,4,5,0
2023-05-12,Shoes,195,45830.57,154,182,138,189,122.14285714285714,54.92549065606523,4,5,0
2023-05-12,Shorts,52,9065.53,54,114,72,60,118.0,59.29024652785075,4,5,0
2023-05-12,Smartphone,337,77112.03,273,260,314,300,146.85714285714286,78.6117645382007,4,5,0
2023-05-12,Snacks,84,25572.2,55,19,67,109,141.71428571428572,83.87632619063665,4,5,0
2023-05-12,Soft Drink,204,54654.25,198,197,193,135,149.85714285714286,86.52057283565284,4,5,0
2023-05-12,T-shirt,150,47325.99,205,181,189,134,147.0,83.91662528962891,4,5,0
2023-05-12,Tablet,166,44645.45,189,133,212,197,161.14285714285714,81.00088182941494,4,5,0
2023-05-12,Television,250,62324.29,250,242,192,220,174.85714285714286,87.45937832584248,4,5,0
2023-05-12,Thriller,121,26443.51,112,101,55,77,183.14285714285717,76.11269839614704,4,5,0
2023-05-12,Tools,75,14995.21,79,94,40,102,155.42857142857142,73.20486582838852,4,5,0
2023-05-12,Water,343,84976.82,286,306,418,420,188.42857142857144,72.44965411202713,4,5,0
2023-05-13,Bathroom,76,21529.3,66,83,79,71,169.57142857142858,85.53918623036093,5,5,1
2023-05-13,Bedding,128,34865.37,93,128,128,81,153.57142857142858,88.23993265118519,5,5,1
2023-05-13,BlueStar AC,32,9051.94,39,35,46,19,132.14285714285714,96.0684279935028,5,5,1
2023-05-13,Children's,112,29180.61,48,113,89,111,103.28571428571428,84.39532823901689,5,5,1
2023-05-13,Chocolate,137,35594.02,93,75,108,88,100.57142857142856,84.37388447234342,5,5,1
2023-05-13,Coffee,87,17772.18,48,39,123,124,96.14285714285714,86.48203777168314,5,5,1
2023-05-13,Decorations,187,48471.97,176,104,163,251,80.42857142857143,47.39499672207693,5,5,1
2023-05-13,Dress,89,21834.42,149,75,95,158,92.28571428571428,53.20937976746267,5,5,1
2023-05-13,Fiction,325,85687.62,295,262,283,335,121.14285714285714,93.31921661949464,5,5,1
2023-05-13,Fridge,120,30627.33,94,126,166,54,129.0,87.37657962329862,5,5,1
2023-05-13,Furniture,203,57667.45,172,127,211,171,146.71428571428572,80.51855745875031,5,5,1
2023-05-13,Headphones,56,15465.8,82,110,111,63,145.14285714285714,81.83810964627769,5,5,1
2023-05-13,Jacket,81,14606.39,78,73,71,104,149.42857142857142,76.5154824046678,5,5,1
2023-05-13,Jeans,97,23315.11,66,60,84,90,133.71428571428572,81.29517059398263,5,5,1
2023-05-13,Juice,196,50807.47,159,185,170,167,135.14285714285714,81.6954273943336,5,5,1
2023-05-13,Kitchen,123,36221.6,56,94,103,68,101.0,45.8148447558209,5,5,1
2023-05-13,Laptop,154,37240.75,81,86,163,72,99.14285714285714,46.40556206400435,5,5,1
2023-05-13,Lighting,145,35068.7,74,125,106,102,85.14285714285714,33.844884258572336,5,5,1
2023-05-13,Literature,60,20324.28,164,48,93,84,96.85714285714286,44.945999345245696,5,5,1
2023-05-13,Mitsubishi 1.5 Ton 3 Star Split AC,85,22451.0,35,137,85,94,90.71428571428572,50.54276831131627,5,5,1
2023-05-13,Non-Fiction,265,80833.92,286,211,317,274,122.14285714285714,87.5012925074605,5,5,1
2023-05-13,Shirt,86,23476.79,119,106,113,87,116.42857142857144,85.98615613934035,5,5,1
2023-05-13,Shoes,206,55422.12,195,142,149,158,136.28571428571428,85.75491100750287,5,5,1
2023-05-13,Shorts,102,30210.99,52,113,76,91,132.14285714285714,89.49008990092794,5,5,1
2023-05-13,Smartphone,182,49083.43,337,253,272,343,169.71428571428572,113.10425026749176,5,5,1
2023-05-13,Snacks,59,15595.17,84,67,114,58,158.28571428571428,117.72526532243651,5,5,1
2023-05-13,Soft Drink,167,41528.67,204,129,162,172,182.42857142857144,104.85363948993712,5,5,1
2023-05-13,T-shirt,210,54661.06,150,202,149,169,163.0,94.5586237914518,5,5,1
2023-05-13,Tablet,176,46394.94,166,145,142,152,169.71428571428572,92.56117668100062,5,5,1
2023-05-13,Television,126,26686.56,250,126,148,167,177.57142857142858,97.27942081594492,5,5,1
2023-05-13,Thriller,135,29446.01,121,48,86,123,187.42857142857144,85.17796495740963,5,5,1
2023-05-13,Tools,53,13940.94,75,83,79,111,150.0,63.23764701504935,5,5,1
2023-05-13,Water,425,123208.2,343,329,430,291,187.0,88.79189152169239,5,5,1
2023-05-14,Bathroom,74,18575.24,76,82,106,124,168.71428571428572,97.4640348807604,6,5,1
2023-05-14,Bedding,131,36740.65,128,125,127,96,165.57142857142858,98.51710028020024,6,5,1
2023-05-14,BlueStar AC,37,8484.76,32,24,25,35,146.42857142857142,110.68703197583278,6,5,1
2023-05-14,Children's,80,24530.68,112,76,100,96,126.71428571428572,101.0341762073841,6,5,1
2023-05-14,Chocolate,49,11583.81,137,25,141,48,129.0,101.064335944981,6,5,1
2023-05-14,Coffee,50,12032.05,87,79,68,89,130.71428571428572,100.09281407059854,6,5,1
2023-05-14,Decorations,167,36756.75,187,165,185,192,108.42857142857144,49.560929312167744,6,5,1
2023-05-14,Dress,111,25264.63,89,41,118,92,110.28571428571428,48.37256207711905,6,5,1
2023-05-14,Fiction,228,43607.79,325,226,227,279,138.42857142857142,95.11722091338508,6,5,1
2023-05-14,Fridge,78,22759.49,120,106,108,152,151.0,83.85503363941042,6,5,1
2023-05-14,Furniture,170,49564.89,203,154,122,128,164.0,83.85503363941044,6,5,1
2023-05-14,Headphones,100,22704.96,56,130,84,78,152.42857142857142,93.26281349472772,6,5,1
2023-05-14,Jacket,86,26225.81,81,68,62,65,151.57142857142858,93.98910777825463,6,5,1
2023-05-14,Jeans,39,6225.610000000001,97,49,139,122,138.71428571428572,94.48935440163656,6,5,1
2023-05-14,Juice,178,39865.03,196,201,239,189,154.0,93.75855516520429,6,5,1
2023-05-14,Kitchen,98,29964.89,123,95,60,81,125.14285714285714,55.729790272434165,6,5,1
2023-05-14,Laptop,31,7537.52,154,43,85,97,130.0,56.68039049500844,6,5,1
2023-05-14,Lighting,127,40932.54,145,108,87,40,121.71428571428572,47.769286805485535,6,5,1
2023-05-14,Literature,52,17271.11,60,97,96,74,122.28571428571428,46.86759465314389,6,5,1
2023-05-14,Mitsubishi 1.5 Ton 3 Star Split AC,122,32537.35,85,102,122,117,122.85714285714286,46.30129073589091,6,5,1
2023-05-14,Non-Fiction,264,65447.85,265,209,260,227,146.85714285714286,68.75906866595494,6,5,1
2023-05-14,Shirt,110,28110.88,86,108,57,70,131.14285714285714,68.22372161115345,6,5,1
2023-05-14,Shoes,130,36930.56,206,182,143,186,143.0,73.57535819371398,6,5,1
2023-05-14,Shorts,103,24323.51,102,106,90,127,135.57142857142858,74.89293945995416,6,5,1
2023-05-14,Smartphone,278,76520.3,182,258,252,311,140.85714285714286,76.94679670921658,6,5,1
2023-05-14,Snacks,130,32602.97,59,131,96,111,140.71428571428572,77.1226604955038,6,5,1
2023-05-14,Soft Drink,155,46135.4,167,243,165,205,152.42857142857142,73.38677706248608,6,5,1
2023-05-14,T-shirt,228,60186.84,210,132,223,148,144.57142857142858,61.26950612623185,6,5,1
2023-05-14,Tablet,177,45255.43,176,260,177,176,157.42857142857142,56.16006037169448,6,5,1
2023-05-14,Television,239,58654.81,126,127,137,173,146.0,52.65928218272617,6,5,1
2023-05-14,Thriller,93,28185.78,135,71,87,151,150.71428571428572,49.44260742084112,6,5,1
2023-05-14,Tools,45,6244.46,53,112,84,69,132.28571428571428,58.96245778943924,6,5,1
2023-05-14,Water,304,75195.18000000001,425,343,396,346,184.57142857142856,116.92854961165692,6,5,1
2023-05-15,Bathroom,104,29335.13,74,86,66,82,171.28571428571428,124.30837231888856,0,5,0
2023-05-15,Bedding,95,19831.77,131,78,82,60,160.0,123.79283770342552,0,5,0
2023-05-15,BlueStar AC,29,6923.93,37,57,56,35,140.14285714285714,131.69463235256086,0,5,0
2023-05-15,Children's,99,20619.91,80,74,80,85,133.57142857142858,133.65110941409736,0,5,0
2023-05-15,Chocolate,86,19009.99,49,69,115,73,121.28571428571428,137.39810077012734,0,5,0
2023-05-15,Coffee,38,8786.74,50,62,127,72,120.85714285714286,137.65104258162918,0,5,0
2023-05-15,Decorations,216,52923.29,167,228,148,199,84.0,47.96526521001024,0,5,0
2023-05-15,Dress,107,23540.5,111,75,103,105,89.28571428571429,48.71247029154564,0,5,0
2023-05-15,Fiction,275,60502.2,228,239,259,246,103.14285714285714,71.17450051675449,0,5,0
2023-05-15,Fridge,91,22463.16,78,94,84,111,109.0,66.34756966159321,0,5,0
2023-05-15,Furniture,151,37986.21,170,229,183,176,121.85714285714286,68.47731636931186,0,5,0
2023-05-15,Headphones,84,20773.38,100,82,101,102,129.14285714285714,61.82348143822726,0,5,0
2023-05-15,Jacket,124,27804.84,86,110,101,79,134.28571428571428,55.29531109028508,0,5,0
2023-05-15,Jeans,113,25998.41,39,73,93,81,116.0,63.26399713370394,0,5,0
2023-05-15,Juice,178,43890.83,178,185,185,151,125.57142857142856,67.31977704176056,0,5,0
2023-05-15,Kitchen,78,16908.2,98,53,78,66,107.0,50.07660797884207,0,5,0
2023-05-15,Laptop,73,16476.64,31,67,66,85,100.28571428571428,57.25007797873631,0,5,0
2023-05-15,Lighting,65,15188.06,127,102,56,86,94.14285714285714,50.42297284448971,0,5,0
2023-05-15,Literature,62,17074.06,52,74,56,83,87.28571428571429,52.70583233290899,0,5,0
2023-05-15,Mitsubishi 1.5 Ton 3 Star Split AC,98,24898.82,122,88,92,125,92.42857142857144,54.29197958832412,0,5,0
2023-05-15,Non-Fiction,325,77345.12,264,313,262,337,124.57142857142856,78.5660171296663,0,5,0
2023-05-15,Shirt,110,27902.99,110,97,121,99,114.85714285714286,74.98094996159242,0,5,0
2023-05-15,Shoes,235,55423.0,130,216,168,158,119.42857142857144,74.75706687410239,0,5,0
2023-05-15,Shorts,111,30089.74,103,145,96,97,129.71428571428572,64.86065650226442,0,5,0
2023-05-15,Smartphone,263,60313.68,278,255,222,218,151.28571428571428,85.6012349710646,0,5,0
2023-05-15,Snacks,80,16236.54,130,105,121,93,162.42857142857142,74.9352101103727,0,5,0
2023-05-15,Soft Drink,158,34638.37,155,206,141,216,167.14285714285714,72.98042790462966,0,5,0
2023-05-15,T-shirt,160,43754.91,228,160,209,173,162.0,65.9469483751901,0,5,0
2023-05-15,Tablet,143,36646.73,177,198,150,175,171.57142857142858,61.87852924037847,0,5,0
2023-05-15,Television,182,46054.5,239,180,154,199,187.14285714285717,63.37041520938239,0,5,0
2023-05-15,Thriller,81,20520.32,93,76,70,64,185.7142857142857,65.65494214886971,0,5,0
2023-05-15,Tools,70,12419.81,45,119,116,107,152.42857142857142,69.99013535934212,0,5,0
2023-05-15,Water,292,66722.81999999999,304,336,357,341,177.28571428571428,89.01070026634302,0,5,0
2023-05-16,Bathroom,109,24698.64,104,65,67,93,170.0,93.13073248575536,1,5,0
2023-05-16,Bedding,120,41562.68,95,92,61,66,151.0,92.892410884851,1,5,0
2023-05-16,BlueStar AC,25,5393.92,29,21,25,41,129.85714285714286,102.34977376856368,1,5,0
2023-05-16,Children's,88,16896.28,99,63,68,56,109.85714285714286,90.455198065909,1,5,0
2023-05-16,Chocolate,45,10769.15,86,111,91,90,108.85714285714286,90.71094857003844,1,5,0
2023-05-16,Coffee,85,21324.79,38,52,90,106,107.85714285714286,91.5667854108473,1,5,0
2023-05-16,Decorations,116,30132.42,216,169,156,184,95.28571428571428,61.132954249226806,1,5,0
2023-05-16,Dress,70,18460.29,107,110,67,69,95.71428571428572,61.21468855787848,1,5,0
2023-05-16,Fiction,177,41186.85,275,285,248,353,121.42857142857144,91.28500633155674,1,5,0
2023-05-16,Fridge,92,17610.39,91,134,121,134,130.28571428571428,83.49793268042471,1,5,0
2023-05-16,Furniture,178,46499.77,151,197,175,189,137.71428571428572,82.55849297258726,1,5,0
2023-05-16,Headphones,47,11079.48,84,97,71,83,137.42857142857142,82.77048013000987,1,5,0
2023-05-16,Jacket,56,14096.23,124,52,119,116,149.71428571428572,71.1142608429426,1,5,0
2023-05-16,Jeans,97,22283.85,113,56,79,72,135.0,65.55150646628938,1,5,0
2023-05-16,Juice,201,47616.27,178,154,156,145,145.14285714285714,65.98845497870194,1,5,0
2023-05-16,Kitchen,48,11887.02,78,93,83,56,117.0,37.03151810732727,1,5,0
2023-05-16,Laptop,109,27318.47,73,132,96,78,114.42857142857144,39.66886748596462,1,5,0
2023-05-16,Lighting,65,22154.29,65,64,124,87,102.14285714285714,39.7719690713132,1,5,0
2023-05-16,Literature,129,31188.73,62,145,121,100,99.0,42.23742416388538,1,5,0
2023-05-16,Mitsubishi 1.5 Ton 3 Star Split AC,117,23576.87,98,118,105,149,95.28571428571428,40.79098873409088,1,5,0
2023-05-16,Non-Fiction,347,87185.64,325,274,253,192,125.57142857142856,96.6244571228511,1,5,0
2023-05-16,Shirt,82,15377.15,110,81,66,87,115.85714285714286,93.85348256978088,1,5,0
2023-05-16,Shoes,191,52396.6,235,193,236,188,138.28571428571428,101.72792845905892,1,5,0
2023-05-16,Shorts,76,21149.96,111,93,53,90,143.71428571428572,98.63014124447324,1,5,0
2023-05-16,Smartphone,323,73958.11,263,249,273,347,172.0,100.66445913694328,1,5,0
2023-05-16,Snacks,90,23631.07,80,73,55,82,174.57142857142858,97.56853513105052,1,5,0
2023-05-16,Soft Drink,148,37683.74,158,160,114,180,183.14285714285717,92.20887262338796,1,5,0
2023-05-16,T-shirt,222,51073.42,160,162,196,212,159.57142857142858,67.74672720965224,1,5,0
2023-05-16,Tablet,196,51482.46,143,165,155,125,164.28571428571428,64.8066722020561,1,5,0
2023-05-16,Television,188,52584.66,182,228,234,191,156.71428571428572,57.895636812325925,1,5,0
2023-05-16,Thriller,96,21433.49,81,80,86,126,152.42857142857142,62.75045057702003,1,5,0
2023-05-16,Tools,62,20700.2,70,78,108,109,124.85714285714286,46.319285297553634,1,5,0
2023-05-16,Water,323,91528.37,292,336,412,346,155.14285714285714,73.4584430623386,1,5,0
2023-05-17,Bathroom,76,21012.96,109,77,102,124,148.14285714285714,75.44850025332627,2,5,0
2023-05-17,Bedding,129,37534.99,120,92,63,105,142.42857142857142,75.91411186961462,2,5,0
2023-05-17,BlueStar AC,29,9596.91,25,23,42,59,125.57142857142856,87.91825207326988,2,5,0
2023-05-17,Children's,55,13395.48,88,81,72,99,112.14285714285714,84.9929969103896,2,5,0
2023-05-17,Chocolate,71,16413.01,45,68,140,87,107.0,88.21942340928464,2,5,0
2023-05-17,Coffee,116,26615.84,85,76,120,98,109.14285714285714,87.34878089480983,2,5,0
2023-05-17,Decorations,174,39371.91,116,162,180,139,84.0,36.43258614665309,2,5,0
2023-05-17,Dress,82,25719.01,70,89,88,77,78.42857142857143,34.92304464990147,2,5,0
2023-05-17,Fiction,293,87441.21,177,280,268,286,86.57142857142857,49.73549082515436,2,5,0
2023-05-17,Fridge,95,29399.22,92,136,110,96,96.14285714285714,41.71102400816231,2,5,0
2023-05-17,Furniture,189,47270.79,178,199,141,135,109.0,51.504045148576814,2,5,0
2023-05-17,Headphones,68,22134.03,47,88,68,122,109.28571428571428,51.0937513652247,2,5,0
2023-05-17,Jacket,83,24797.71,56,126,38,102,105.14285714285714,54.45618597070641,2,5,0
2023-05-17,Jeans,91,21113.17,97,82,98,89,102.42857142857144,54.29811888349066,2,5,0
2023-05-17,Juice,198,39845.3,201,184,151,255,121.14285714285714,63.11742646693938,2,5,0
2023-05-17,Kitchen,58,16173.34,48,99,47,93,102.71428571428572,62.922476868270735,2,5,0
2023-05-17,Laptop,66,10796.57,109,93,75,103,105.14285714285714,62.76790201854365,2,5,0
2023-05-17,Lighting,93,22504.98,65,131,68,103,89.0,54.951493761922734,2,5,0
2023-05-17,Literature,68,13435.82,129,111,117,84,100.71428571428572,53.21877577733318,2,5,0
2023-05-17,Mitsubishi 1.5 Ton 3 Star Split AC,85,26337.0,117,119,134,99,109.42857142857144,49.544112138770025,2,5,0
2023-05-17,Non-Fiction,228,56976.24,347,308,264,243,145.14285714285714,101.72254514352348,2,5,0
2023-05-17,Shirt,88,22839.710000000003,82,110,84,127,128.14285714285714,100.77107483702602,2,5,0
2023-05-17,Shoes,136,28665.78,191,232,174,178,148.57142857142858,96.20786028673729,2,5,0
2023-05-17,Shorts,112,33180.74,76,78,95,89,143.85714285714286,99.23109151777734,2,5,0
2023-05-17,Smartphone,243,60672.44,323,357,249,223,180.7142857142857,112.13491024314456,2,5,0
2023-05-17,Snacks,101,29098.45,90,111,61,91,175.14285714285714,116.03365685786824,2,5,0
2023-05-17,Soft Drink,206,51825.33,148,133,97,231,179.57142857142858,114.01879544305714,2,5,0
2023-05-17,T-shirt,177,48629.95,222,182,157,199,161.71428571428572,90.86384371815932,2,5,0
2023-05-17,Tablet,169,46157.16,196,229,126,161,178.0,84.1645214248062,2,5,0
2023-05-17,Television,168,37083.49,188,200,166,223,177.57142857142858,84.09490104014853,2,5,0
2023-05-17,Thriller,66,19677.27,96,87,94,94,180.42857142857144,80.32404609425733,2,5,0
2023-05-17,Tools,63,17583.78,62,128,53,79,143.14285714285714,61.4801555285078,2,5,0
2023-05-17,Water,339,87857.36,323,366,391,339,176.42857142857142,86.06946253435288,2,5,0
2023-05-18,Bathroom,82,21416.17,76,98,99,91,166.14285714285714,93.97238702836869,3,5,0
2023-05-18,Bedding,144,39167.39,129,63,60,46,152.85714285714286,91.2951779877202,3,5,0
2023-05-18,BlueStar AC,40,15690.7,29,49,33,15,129.0,99.58580889531056,3,5,0
2023-05-18,Children's,107,26909.78,55,116,126,106,110.0,99.1396321693128,3,5,0
2023-05-18,Chocolate,102,28099.91,71,71,74,120,106.42857142857144,100.17294568704176,3,5,0
2023-05-18,Coffee,85,21521.53,116,94,79,75,114.14285714285714,98.24192684631224,3,5,0
2023-05-18,Decorations,197,53133.97,174,134,205,239,92.85714285714286,49.49555054557422,3,5,0
2023-05-18,Dress,78,12962.54,82,93,123,80,93.71428571428572,49.2060778282324,3,5,0
2023-05-18,Fiction,285,68832.69,293,294,294,320,117.14285714285714,90.5122985592354,3,5,0
2023-05-18,Fridge,82,21716.1,95,112,59,89,126.57142857142856,82.91935267245533,3,5,0
2023-05-18,Furniture,120,32048.15,189,151,111,157,145.71428571428572,79.01838243032279,3,5,0
2023-05-18,Headphones,62,18737.09,68,89,128,116,145.28571428571428,79.49782866157254,3,5,0
2023-05-18,Jacket,61,13708.48,83,79,65,85,140.57142857142858,82.44767460407255,3,5,0
2023-05-18,Jeans,85,17175.43,91,92,58,95,128.71428571428572,82.8064294720207,3,5,0
2023-05-18,Juice,146,35458.19,198,231,152,170,145.28571428571428,83.50392063792421,3,5,0
2023-05-18,Kitchen,70,20508.55,58,93,101,125,111.71428571428572,57.36931318429797,3,5,0
2023-05-18,Laptop,46,14079.92,66,83,103,137,107.57142857142856,59.77417821227114,3,5,0
2023-05-18,Lighting,71,17080.63,93,71,71,136,93.85714285714286,47.78921974472368,3,5,0
2023-05-18,Literature,77,18024.01,68,91,93,72,93.85714285714286,47.78921974472368,3,5,0
2023-05-18,Mitsubishi 1.5 Ton 3 Star Split AC,126,31463.39,85,141,80,95,94.14285714285714,47.71941803021932,3,5,0
2023-05-18,Non-Fiction,266,65948.84,228,225,293,278,113.71428571428572,69.3895147836093,3,5,0
2023-05-18,Shirt,87,23908.13,88,90,77,156,98.0,58.76223276901555,3,5,0
2023-05-18,Shoes,190,41128.92,136,154,213,220,109.14285714285714,57.28998915292991,3,5,0
2023-05-18,Shorts,87,20566.41,112,54,104,97,115.71428571428572,54.06389517880425,3,5,0
2023-05-18,Smartphone,243,66880.12,243,273,400,178,137.14285714285714,70.72111559128695,3,5,0
2023-05-18,Snacks,80,24488.18,101,55,104,104,141.85714285714286,66.30592877319623,3,5,0
2023-05-18,Soft Drink,125,27106.22,206,198,177,154,159.14285714285714,64.76734921092194,3,5,0
2023-05-18,T-shirt,130,32980.91,177,205,215,160,151.85714285714286,58.27357483293357,3,5,0
2023-05-18,Tablet,115,27645.87,169,189,142,211,163.42857142857142,51.07790501726133,3,5,0
2023-05-18,Television,176,42532.37,168,250,216,143,168.0,49.625262383857056,3,5,0
2023-05-18,Thriller,83,20005.26,66,112,94,84,161.42857142857142,60.19650361623202,3,5,0
2023-05-18,Tools,121,28279.13,63,79,96,113,135.71428571428572,57.94743102075135,3,5,0
2023-05-18,Water,327,99590.11,339,286,326,369,169.71428571428572,93.2518351664178,3,5,0
2023-05-19,Bathroom,57,14248.07,82,66,48,80,152.0,96.91577099041542,4,5,0
2023-05-19,Bedding,56,15751.72,144,93,57,104,147.28571428571428,96.29765363308742,4,5,0
2023-05-19,BlueStar AC,26,10285.28,40,39,44,27,128.85714285714286,103.52202434172882,4,5,0
2023-05-19,Children's,77,16493.99,107,48,107,76,120.14285714285714,102.2373522274328,4,5,0
2023-05-19,Chocolate,113,29160.24,102,93,58,111,125.28571428571428,99.93950551160802,4,5,0
2023-05-19,Coffee,120,30691.06,85,48,55,96,128.42857142857142,97.9810477300875,4,5,0
2023-05-19,Decorations,185,57209.43,197,176,153,201,108.14285714285714,50.137905060038975,4,5,0
2023-05-19,Dress,108,27342.72,78,149,111,39,107.57142857142856,50.50695378809079,4,5,0
2023-05-19,Fiction,279,80040.8,285,295,213,293,127.71428571428572,84.28071010164818,4,5,0
2023-05-19,Fridge,80,18394.43,82,94,112,151,133.71428571428572,78.27667657251466,4,5,0
2023-05-19,Furniture,166,44138.9,120,172,100,157,135.57142857142858,77.6892466665691,4,5,0
2023-05-19,Headphones,92,24542.19,62,82,87,36,129.85714285714286,81.92563410685018,4,5,0
2023-05-19,Jacket,89,23968.31,61,78,129,95,126.42857142857144,84.57512861918892,4,5,0
2023-05-19,Jeans,117,25276.85,85,66,130,120,110.42857142857144,79.43730681666942,4,5,0
2023-05-19,Juice,148,32807.68,146,159,136,159,120.14285714285714,78.96714205167544,4,5,0
2023-05-19,Kitchen,42,11366.36,70,56,117,74,89.42857142857143,32.00967115762036,4,5,0
2023-05-19,Laptop,112,26952.97,46,81,58,78,84.28571428571429,36.04032133464828,4,5,0
2023-05-19,Lighting,117,28946.46,71,74,137,59,77.28571428571429,32.53569468401383,4,5,0
2023-05-19,Literature,87,19655.9,77,164,116,115,79.42857142857143,31.84785258515326,4,5,0
2023-05-19,Mitsubishi 1.5 Ton 3 Star Split AC,55,13491.24,126,35,92,142,88.71428571428571,34.908042462609856,4,5,0
2023-05-19,Non-Fiction,230,67886.99,266,286,278,296,114.57142857142856,75.33006735440375,4,5,0
2023-05-19,Shirt,103,25347.18,87,119,96,104,106.14285714285714,74.52388559253656,4,5,0
2023-05-19,Shoes,130,38228.76,190,195,182,196,123.28571428571428,78.51903014708002,4,5,0
2023-05-19,Shorts,79,21878.97,87,52,114,59,129.14285714285714,73.1378346489888,4,5,0
2023-05-19,Smartphone,223,59571.0,243,337,260,303,153.71428571428572,79.00572613364646,4,5,0
2023-05-19,Snacks,65,12098.84,80,84,19,56,154.14285714285714,78.5269137969663,4,5,0
2023-05-19,Soft Drink,190,50900.92,125,204,197,142,154.0,78.58753081755391,4,5,0
2023-05-19,T-shirt,147,36076.71,130,150,181,226,134.57142857142858,61.16332545694646,4,5,0
2023-05-19,Tablet,147,36812.06,115,166,133,208,138.57142857142858,58.38623451595725,4,5,0
2023-05-19,Television,189,44683.3,176,250,242,192,136.57142857142858,56.54159867701263,4,5,0
2023-05-19,Thriller,83,20076.04,83,121,101,53,136.0,57.14309523759899,4,5,0
2023-05-19,Tools,66,20090.5,121,75,94,49,118.57142857142856,32.25346050093973,4,5,0
2023-05-19,Water,349,92292.27,327,343,306,385,153.85714285714286,81.11807971804339,4,5,0
2023-05-20,Bathroom,45,12557.77,57,76,83,85,144.14285714285714,88.85274066571893,5,5,1
2023-05-20,Bedding,75,20678.75,56,128,128,99,133.57142857142858,95.00501239909585,5,5,1
2023-05-20,BlueStar AC,46,8549.05,26,32,35,50,120.85714285714286,103.48176743019108,5,5,1
2023-05-20,Children's,81,21303.91,77,112,113,84,106.71428571428572,101.43423860760583,5,5,1
2023-05-20,Chocolate,147,33256.48,113,137,75,86,111.0,100.89763789768962,5,5,1
2023-05-20,Coffee,108,23542.02,120,87,39,88,110.85714285714286,100.88182619849236,5,5,1
2023-05-20,Decorations,149,35195.69,185,187,104,175,90.57142857142856,53.16909234651583,5,5,1
2023-05-20,Dress,69,15686.66,108,89,75,103,97.85714285714286,51.2621646422532,5,5,1
2023-05-20,Fiction,191,42876.3,279,325,262,247,129.71428571428572,81.36689393464272,5,5,1
2023-05-20,Fridge,94,20227.26,80,120,126,90,137.42857142857142,71.90469883314782,5,5,1
2023-05-20,Furniture,157,43946.9,166,203,127,204,150.14285714285714,67.15015157944796,5,5,1
2023-05-20,Headphones,81,19889.19,92,56,110,53,147.14285714285714,69.51361634343904,5,5,1
2023-05-20,Jacket,105,24899.75,89,81,73,89,142.71428571428572,72.45622652267187,5,5,1
2023-05-20,Jeans,81,20518.59,117,97,60,101,133.0,70.37044834303653,5,5,1
2023-05-20,Juice,156,41027.31,148,196,185,139,138.71428571428572,69.62210924151947,5,5,1
2023-05-20,Kitchen,39,10471.38,42,123,94,90,104.85714285714286,42.29432023108401,5,5,1
2023-05-20,Laptop,74,20954.55,112,154,86,135,109.42857142857144,40.86505084974618,5,5,1
2023-05-20,Lighting,71,13038.42,117,145,125,82,102.42857142857144,32.99927849139034,5,5,1
2023-05-20,Literature,98,22565.87,87,60,48,57,101.71428571428572,33.31523318100472,5,5,1
2023-05-20,Mitsubishi 1.5 Ton 3 Star Split AC,86,19368.31,55,85,137,122,96.85714285714286,37.67151254121356,5,5,1
2023-05-20,Non-Fiction,205,52615.36,230,265,211,189,113.0,63.26136261573854,5,5,1
2023-05-20,Shirt,95,29924.55,103,86,106,86,106.57142857142856,61.37007181261623,5,5,1
2023-05-20,Shoes,207,46672.24,130,206,142,187,119.14285714285714,54.57541745581207,5,5,1
2023-05-20,Shorts,125,25413.32,79,102,113,106,114.42857142857144,56.67997042711836,5,5,1
2023-05-20,Smartphone,321,84565.54,223,182,253,267,129.57142857142858,70.06153757675477,5,5,1
2023-05-20,Snacks,62,17996.6,65,59,67,80,126.42857142857144,72.73205882519999,5,5,1
2023-05-20,Soft Drink,174,39724.7,190,167,129,139,145.71428571428572,68.40495665694174,5,5,1
2023-05-20,T-shirt,124,28203.72,147,210,202,131,133.85714285714286,57.71894134923271,5,5,1
2023-05-20,Tablet,174,46666.55,147,176,145,164,140.14285714285714,56.17362539908003,5,5,1
2023-05-20,Television,186,42600.09,189,126,126,157,148.57142857142858,58.76466382347216,5,5,1
2023-05-20,Thriller,111,30376.38,83,135,48,79,149.14285714285714,57.98973636609764,5,5,1
2023-05-20,Tools,100,24870.67,66,53,83,108,126.71428571428572,54.94456080363853,5,5,1
2023-05-20,Water,304,76411.62,349,425,329,370,167.28571428571428,93.26791925364668,5,5,1
2023-05-21,Bathroom,117,36951.19,45,74,82,95,146.57142857142858,102.97873104490571,6,5,1
2023-05-21,Bedding,113,22850.68,75,131,125,70,136.28571428571428,106.46550972922984,6,5,1
2023-05-21,BlueStar AC,11,4251.45,46,37,24,32,121.85714285714286,111.49652994813854,6,5,1
2023-05-21,Children's,123,26933.6,81,80,76,70,106.42857142857144,108.0769126484422,6,5,1
2023-05-21,Chocolate,206,57918.54,147,49,25,60,115.57142857142856,108.47097483176016,6,5,1
2023-05-21,Coffee,86,20419.46,108,50,79,43,121.57142857142856,106.4140610114676,6,5,1
2023-05-21,Decorations,236,57139.95,149,167,165,189,93.0,43.31666346030456,6,5,1
2023-05-21,Dress,70,18641.87,69,111,41,43,96.42857142857144,39.6814698268474,6,5,1
2023-05-21,Fiction,292,74656.45,191,228,226,303,113.0,51.65591285935519,6,5,1
2023-05-21,Fridge,80,17230.78,94,78,106,202,119.85714285714286,43.88024829551627,6,5,1
2023-05-21,Furniture,189,40517.73,157,170,154,206,130.71428571428572,42.02663554506916,6,5,1
2023-05-21,Headphones,52,15362.15,81,100,130,108,121.28571428571428,45.05816346943208,6,5,1
2023-05-21,Jacket,74,22388.78,105,86,68,64,120.85714285714286,45.21957014180356,6,5,1
2023-05-21,Jeans,170,39253.36,81,39,49,62,111.14285714285714,45.46950835973656,6,5,1
2023-05-21,Juice,200,46036.24,156,178,201,185,123.57142857142856,43.89326881902301,6,5,1
2023-05-21,Kitchen,77,19664.75,39,98,95,101,101.85714285714286,42.55360764740729,6,5,1
2023-05-21,Laptop,92,19552.09,74,31,43,73,99.0,43.82160806421061,6,5,1
2023-05-21,Lighting,72,14799.66,71,127,108,94,86.71428571428571,36.25242192237703,6,5,1
2023-05-21,Literature,60,16676.88,98,52,97,74,89.14285714285714,36.3750306823624,6,5,1
2023-05-21,Mitsubishi 1.5 Ton 3 Star Split AC,80,19988.56,86,122,102,102,86.42857142857143,35.697138740880355,6,5,1
2023-05-21,Non-Fiction,209,53923.08,205,264,209,224,104.14285714285714,56.9778570189872,6,5,1
2023-05-21,Shirt,81,22317.8,95,110,108,97,95.42857142857144,52.188303743453865,6,5,1
2023-05-21,Shoes,188,53459.79,207,130,182,208,119.42857142857144,59.96348094981658,6,5,1
2023-05-21,Shorts,82,24054.34,125,103,106,73,126.71428571428572,56.52348858576171,6,5,1
2023-05-21,Smartphone,220,55340.51,321,278,258,248,162.42857142857142,86.49057201579281,6,5,1
2023-05-21,Snacks,119,28953.29,62,130,131,106,157.28571428571428,91.863511591408,6,5,1
2023-05-21,Soft Drink,137,29835.16,174,155,243,179,169.85714285714286,86.33737809977123,6,5,1
2023-05-21,T-shirt,154,34098.0,124,228,132,190,158.28571428571428,86.27033921674018,6,5,1
2023-05-21,Tablet,177,43964.77,174,177,260,176,169.57142857142858,81.65549000293272,6,5,1
2023-05-21,Television,200,54915.6,186,239,127,197,166.57142857142858,80.42772561510766,6,5,1
2023-05-21,Thriller,100,29636.2,111,93,71,85,164.57142857142858,81.7962043594875,6,5,1
2023-05-21,Tools,91,26382.83,100,45,112,67,133.0,46.30694692304071,6,5,1
2023-05-21,Water,372,98804.64,304,304,343,400,167.57142857142858,69.16130214423173,6,5,1
2023-05-22,Bathroom,50,9991.94,117,104,86,92,159.42857142857142,71.5911008037012,0,5,0
2023-05-22,Bedding,98,27092.6,113,95,78,92,157.85714285714286,72.61181853167005,0,5,0
2023-05-22,BlueStar AC,42,11102.06,11,29,57,34,134.57142857142858,90.503880474554,0,5,0
2023-05-22,Children's,39,8826.08,123,99,74,85,125.57142857142856,87.62392584763795,0,5,0
2023-05-22,Chocolate,99,29231.32,206,86,69,82,139.14285714285714,92.22694575778549,0,5,0
2023-05-22,Coffee,70,15736.45,86,38,62,69,137.14285714285714,93.36207040589969,0,5,0
2023-05-22,Decorations,172,34472.13,236,216,228,219,127.42857142857144,74.79941430888584,0,5,0
2023-05-22,Dress,107,32824.2,70,107,75,95,120.71428571428572,77.93526006824338,0,5,0
2023-05-22,Fiction,340,83064.02,292,275,239,244,146.28571428571428,100.95001120309372,0,5,0
2023-05-22,Fridge,68,12885.78,80,91,94,146,156.14285714285714,88.08788901135149,0,5,0
2023-05-22,Furniture,149,40851.64,189,151,229,173,165.57142857142858,87.47924924014289,0,5,0
2023-05-22,Headphones,86,23883.33,52,84,82,102,143.57142857142858,94.68519268758814,0,5,0
2023-05-22,Jacket,76,17854.98,74,124,110,89,141.85714285714286,96.0007440447356,0,5,0
2023-05-22,Jeans,68,14532.68,170,113,73,76,132.42857142857142,88.1322058857356,0,5,0
2023-05-22,Juice,165,37265.81,200,178,185,216,151.0,86.46579285089173,0,5,0
2023-05-22,Kitchen,87,19416.77,77,78,53,92,120.28571428571428,63.04684577284363,0,5,0
2023-05-22,Laptop,110,36374.95,92,73,67,111,122.0,61.9219939386104,0,5,0
2023-05-22,Lighting,92,24691.73,72,65,102,133,105.28571428571428,56.36403784244634,0,5,0
2023-05-22,Literature,76,21590.63,60,62,74,120,106.42857142857144,55.17202534756489,0,5,0
2023-05-22,Mitsubishi 1.5 Ton 3 Star Split AC,158,43830.5,80,98,88,97,107.28571428571428,54.628180413025454,0,5,0
2023-05-22,Non-Fiction,335,95151.34,209,325,313,358,112.85714285714286,63.37830483540476,0,5,0
2023-05-22,Shirt,112,30209.78,81,110,97,82,95.85714285714286,50.82462845061254,0,5,0
2023-05-22,Shoes,217,37818.21,188,235,216,138,111.71428571428572,60.37856762603261,0,5,0
2023-05-22,Shorts,95,23433.42,82,111,145,123,110.28571428571428,61.03745922440901,0,5,0
2023-05-22,Smartphone,290,82683.48,220,263,255,194,131.42857142857142,70.46951384075497,0,5,0
2023-05-22,Snacks,51,13848.91,119,80,105,83,139.85714285714286,63.70617074095861,0,5,0
2023-05-22,Soft Drink,197,45455.52,137,158,206,209,148.0,58.18361739642283,0,5,0
2023-05-22,T-shirt,143,38075.65,154,160,160,204,140.14285714285714,51.95327571138164,0,5,0
2023-05-22,Tablet,184,53994.24,177,143,198,247,153.85714285714286,46.07757434091821,0,5,0
2023-05-22,Television,236,63874.06,200,182,180,138,155.57142857142858,47.75233726516119,0,5,0
2023-05-22,Thriller,82,23369.42,100,81,76,49,158.14285714285714,43.41823185187124,0,5,0
2023-05-22,Tools,61,16815.59,91,70,119,52,139.71428571428572,40.032129952969136,0,5,0
2023-05-22,Water,347,101981.6,372,292,336,374,175.85714285714286,94.8673259020698,0,5,0
2023-05-23,Bathroom,104,22064.42,50,109,65,99,163.42857142857142,105.86761724414303,1,5,0
2023-05-23,Bedding,68,18118.4,98,120,92,87,155.42857142857142,108.7747782390402,1,5,0
2023-05-23,BlueStar AC,12,3265.95,42,25,21,22,136.14285714285714,116.03796587242256,1,5,0
2023-05-23,Children's,63,11845.32,39,88,63,66,113.14285714285714,117.2211991228954,1,5,0
2023-05-23,Chocolate,111,24381.2,99,45,111,63,113.0,117.24049357339511,1,5,0
2023-05-23,Coffee,89,23678.33,70,85,52,169,110.0,118.16231773849606,1,5,0
2023-05-23,Decorations,97,24565.98,172,116,169,212,81.42857142857143,47.01013062045597,1,5,0
2023-05-23,Dress,162,44147.31,107,70,110,109,89.57142857142857,45.57359302219144,1,5,0
2023-05-23,Fiction,276,59420.44,340,177,285,215,124.14285714285714,105.46631147974614,1,5,0
2023-05-23,Fridge,65,17946.02,68,92,134,125,127.85714285714286,102.50760715093053,1,5,0
2023-05-23,Furniture,126,37644.06,149,178,197,156,143.57142857142858,94.75381635736736,1,5,0
2023-05-23,Headphones,63,14522.68,86,47,97,122,141.71428571428572,95.8935421630227,1,5,0
2023-05-23,Jacket,133,31564.71,76,56,52,94,142.57142857142858,95.1697731125051,1,5,0
2023-05-23,Jeans,111,26036.94,68,97,56,83,127.71428571428572,97.88890690593122,1,5,0
2023-05-23,Juice,213,48270.95,165,201,154,193,136.0,98.29716849092507,1,5,0
2023-05-23,Kitchen,102,25224.23,87,48,93,122,99.85714285714286,40.03094041458618,1,5,0
2023-05-23,Laptop,133,28887.09,110,109,132,69,105.85714285714286,37.5296708015958,1,5,0
2023-05-23,Lighting,95,30149.47,92,65,64,79,97.71428571428572,32.44849398515622,1,5,0
2023-05-23,Literature,97,26791.36,76,129,145,107,96.28571428571428,33.26015777530305,1,5,0
2023-05-23,Mitsubishi 1.5 Ton 3 Star Split AC,109,30855.91,158,117,118,111,108.0,38.88873015840574,1,5,0
2023-05-23,Non-Fiction,309,69555.69,335,347,274,277,146.14285714285714,90.20241787488943,1,5,0
2023-05-23,Shirt,85,25209.33,112,82,81,110,138.57142857142858,90.5793522146136,1,5,0
2023-05-23,Shoes,197,45344.73,217,191,193,169,157.14285714285714,91.56496522766145,1,5,0
2023-05-23,Shorts,40,7813.16,95,76,93,84,155.0,93.0161276338678,1,5,0
2023-05-23,Smartphone,239,56722.99,290,323,249,311,183.28571428571428,100.47174442882653,1,5,0
2023-05-23,Snacks,84,24133.15,51,90,73,79,179.71428571428572,105.25162593473206,1,5,0
2023-05-23,Soft Drink,191,56687.78,197,148,160,164,185.28571428571428,104.94238782257987,1,5,0
2023-05-23,T-shirt,213,54891.11,143,222,162,168,157.85714285714286,81.83810964627776,1,5,0
2023-05-23,Tablet,172,49407.22,184,196,165,256,168.14285714285714,79.60826709881448,1,5,0
2023-05-23,Television,161,38801.63,236,188,228,220,170.85714285714286,81.84421904127493,1,5,0
2023-05-23,Thriller,83,21845.57,82,96,80,116,169.0,83.97221762781624,1,5,0
2023-05-23,Tools,110,24551.55,61,62,78,56,136.28571428571428,72.84621766825926,1,5,0
2023-05-23,Water,342,95045.59,347,323,336,291,178.57142857142858,96.99631804499448,1,5,0
2023-05-24,Bathroom,49,18437.1,104,76,77,50,165.28571428571428,100.36220119433123,2,5,0
2023-05-24,Bedding,74,21804.06,68,129,92,101,154.57142857142858,106.9265435440878,2,5,0
2023-05-24,BlueStar AC,12,3056.23,12,29,23,28,130.0,118.20462483901932,2,5,0
2023-05-24,Children's,97,26769.14,63,55,81,71,105.28571428571428,110.16005671402884,2,5,0
2023-05-24,Chocolate,145,31147.44,111,71,68,92,109.42857142857144,109.6826591320874,2,5,0
2023-05-24,Coffee,114,26967.88,89,116,76,70,113.42857142857144,108.12162463765368,2,5,0
2023-05-24,Decorations,181,46044.81,97,174,162,200,77.71428571428571,33.97898510213876,2,5,0
2023-05-24,Dress,116,25283.97,162,82,89,54,86.0,46.29614814791051,2,5,0
2023-05-24,Fiction,228,51102.91,276,293,280,244,115.71428571428572,84.11839728563974,2,5,0
2023-05-24,Fridge,86,25522.09,65,95,136,96,123.28571428571428,75.13258122748566,2,5,0
2023-05-24,Furniture,123,33946.46,126,189,199,179,132.28571428571428,70.3271267855067,2,5,0
2023-05-24,Headphones,71,16212.79,63,68,88,44,125.42857142857144,74.93743422094872,2,5,0
2023-05-24,Jacket,87,24591.78,133,83,126,89,131.71428571428572,73.19771008648246,2,5,0
2023-05-24,Jeans,94,27513.0,111,91,82,78,133.71428571428572,72.27658515663794,2,5,0
2023-05-24,Juice,200,48242.02,213,198,184,175,141.0,77.95083920865324,2,5,0
2023-05-24,Kitchen,122,33522.61,102,58,99,68,116.14285714285714,50.70972481167842,2,5,0
2023-05-24,Laptop,117,29146.69,133,66,93,131,125.85714285714286,45.52811794714881,2,5,0
2023-05-24,Lighting,62,10362.43,95,93,131,75,121.42857142857144,46.99594714035472,2,5,0
2023-05-24,Literature,38,11771.37,97,68,111,86,126.28571428571428,41.37114246152018,2,5,0
2023-05-24,Mitsubishi 1.5 Ton 3 Star Split AC,88,19800.77,109,85,119,124,122.85714285714286,41.715019563016206,2,5,0
2023-05-24,Non-Fiction,283,78881.72,309,228,308,236,151.14285714285714,80.98236139520039,2,5,0
2023-05-24,Shirt,35,9924.37,85,88,110,72,132.85714285714286,79.11685149496385,2,5,0
2023-05-24,Shoes,192,61453.78,197,136,232,150,146.42857142857142,81.06552317489248,2,5,0
2023-05-24,Shorts,71,19895.11,40,112,78,101,133.14285714285714,90.68338431309324,2,5,0
2023-05-24,Smartphone,216,44627.98,239,243,357,302,153.71428571428572,96.7207566239261,2,5,0
2023-05-24,Snacks,72,15841.18,84,101,111,65,151.85714285714286,98.10611359038492,2,5,0
2023-05-24,Soft Drink,198,48386.81,191,206,133,134,163.57142857142858,97.0255243786519,2,5,0
2023-05-24,T-shirt,187,45523.9,213,177,182,125,149.85714285714286,77.95389357696963,2,5,0
2023-05-24,Tablet,134,38037.78,172,169,229,219,162.28571428571428,72.6446012807427,2,5,0
2023-05-24,Television,107,19500.92,161,168,200,215,157.14285714285714,71.03386181117786,2,5,0
2023-05-24,Thriller,54,16979.92,83,66,87,87,163.28571428571428,60.25698931995153,2,5,0
2023-05-24,Tools,76,20052.66,110,63,128,115,144.85714285714286,52.464046646023895,2,5,0
2023-05-24,Water,305,78749.87,342,339,366,402,181.7142857142857,83.8325996370431,2,5,0
2023-05-25,Bathroom,110,28156.8,49,82,98,38,161.42857142857142,97.30854217874383,3,5,0
2023-05-25,Bedding,102,23987.93,74,144,63,71,141.57142857142858,99.19485393718276,3,5,0
2023-05-25,BlueStar AC,54,12921.11,12,40,49,29,118.71428571428572,108.96744817561218,3,5,0
2023-05-25,Children's,82,22960.01,97,107,116,81,109.57142857142856,107.50326683851212,3,5,0
2023-05-25,Chocolate,93,27264.99,145,102,71,105,118.42857142857144,107.50326683851212,3,5,0
2023-05-25,Coffee,46,11481.7,114,85,94,139,119.0,107.46162105607732,3,5,0
2023-05-25,Decorations,248,58315.06,181,197,134,164,96.0,57.30037812556981,3,5,0
2023-05-25,Dress,133,28681.66,116,78,93,44,105.57142857142856,53.618582422070176,3,5,0
2023-05-25,Fiction,295,80693.95,228,285,294,230,127.57142857142856,68.13432111854993,3,5,0
2023-05-25,Fridge,72,13310.87,86,82,112,131,138.14285714285714,50.73272635892433,3,5,0
2023-05-25,Furniture,108,25986.06,123,120,151,141,141.85714285714286,48.102074007359576,3,5,0
2023-05-25,Headphones,111,29112.84,71,62,89,109,131.28571428571428,54.94152735928803,3,5,0
2023-05-25,Jacket,108,27473.12,87,61,79,74,127.42857142857144,57.25631593357783,3,5,0
2023-05-25,Jeans,103,23537.15,94,85,92,93,115.0,52.971690552595696,3,5,0
2023-05-25,Juice,168,50837.17,200,146,231,165,127.0,61.98386886924665,3,5,0
2023-05-25,Kitchen,98,24356.66,122,70,93,73,111.85714285714286,43.3413911922096,3,5,0
2023-05-25,Laptop,100,36147.32,117,46,83,132,116.28571428571428,41.81592314622965,3,5,0
2023-05-25,Lighting,47,9108.01,62,71,71,78,107.57142857142856,46.29923376924286,3,5,0
2023-05-25,Literature,96,30959.74,38,77,91,93,102.85714285714286,51.97572693552383,3,5,0
2023-05-25,Mitsubishi 1.5 Ton 3 Star Split AC,51,16674.23,88,126,141,121,103.0,51.92622972384265,3,5,0
2023-05-25,Non-Fiction,246,64604.69,283,266,225,259,130.0,85.04312631443707,3,5,0
2023-05-25,Shirt,95,24099.23,35,87,90,108,106.42857142857144,85.27378874905814,3,5,0
2023-05-25,Shoes,285,76233.56,192,190,154,191,116.42857142857144,91.29596037586953,3,5,0
2023-05-25,Shorts,66,15866.4,71,87,54,108,109.85714285714286,92.88959140009251,3,5,0
2023-05-25,Smartphone,243,58877.67,216,243,273,300,131.85714285714286,97.77427843665988,3,5,0
2023-05-25,Snacks,115,43529.83,72,80,55,75,136.71428571428572,93.06577295245586,3,5,0
2023-05-25,Soft Drink,194,47135.29,198,125,198,188,152.42857142857142,92.75569549962434,3,5,0
2023-05-25,T-shirt,171,38706.54,187,130,205,188,138.71428571428572,75.77535722056831,3,5,0
2023-05-25,Tablet,123,27147.54,134,115,189,155,152.85714285714286,60.98750847900061,3,5,0
2023-05-25,Television,232,62940.3,107,176,250,149,140.71428571428572,60.35371926046813,3,5,0
2023-05-25,Thriller,125,35387.12,54,83,112,73,138.28571428571428,63.86630380650451,3,5,0
2023-05-25,Tools,99,25708.88,76,121,79,62,118.28571428571428,57.02839727046563,3,5,0
2023-05-25,Water,357,85013.71,305,327,286,316,151.57142857142858,86.09850394142956,3,5,0
2023-05-26,Bathroom,90,24642.61,110,57,66,84,139.0,84.60102442248146,4,5,0
2023-05-26,Bedding,109,28773.68,102,56,93,101,126.85714285714286,82.64064490597923,4,5,0
2023-05-26,BlueStar AC,33,7447.08,54,26,39,26,115.42857142857144,86.9096410893847,4,5,0
2023-05-26,Children's,67,20208.45,82,77,48,64,111.85714285714286,87.82260257934442,4,5,0
2023-05-26,Chocolate,124,33847.81,93,113,93,76,117.42857142857144,84.72279729182893,4,5,0
2023-05-26,Coffee,166,42430.37,46,120,48,98,113.14285714285714,87.86813713633329,4,5,0
2023-05-26,Decorations,177,49189.14,248,185,176,110,105.0,67.37704851554874,4,5,0
2023-05-26,Dress,92,27630.89,133,108,149,65,108.28571428571428,68.21709044346126,4,5,0
2023-05-26,Fiction,293,67190.75,295,279,295,227,135.85714285714286,97.82881063611146,4,5,0
2023-05-26,Fridge,127,41125.33,72,80,94,138,138.42857142857142,95.5281060610908,4,5,0
2023-05-26,Furniture,143,31357.56,108,166,172,220,142.14285714285714,93.4512860111771,4,5,0
2023-05-26,Headphones,105,25312.98,111,92,82,100,144.71428571428572,92.11173339250216,4,5,0
2023-05-26,Jacket,83,20276.53,108,89,78,50,153.57142857142858,83.6278604749579,4,5,0
2023-05-26,Jeans,107,28941.88,103,117,66,63,132.85714285714286,73.70985590233381,4,5,0
2023-05-26,Juice,141,39003.26,168,148,159,159,137.85714285714286,74.89866169571715,4,5,0
2023-05-26,Kitchen,76,20714.88,98,42,56,74,109.71428571428572,28.894718581510705,4,5,0
2023-05-26,Laptop,104,24662.95,100,112,81,75,113.71428571428572,24.39066956655154,4,5,0
2023-05-26,Lighting,70,21803.08,47,117,74,72,105.0,35.25147751040515,4,5,0
2023-05-26,Literature,107,20090.7,96,87,164,88,102.85714285714286,35.281858281692806,4,5,0
2023-05-26,Mitsubishi 1.5 Ton 3 Star Split AC,80,21588.5,51,55,35,143,94.71428571428572,40.14023038346964,4,5,0
2023-05-26,Non-Fiction,221,52940.11,246,230,286,292,115.14285714285714,70.19598414778535,4,5,0
2023-05-26,Shirt,93,29081.58,95,103,119,94,104.71428571428572,66.351875848173,4,5,0
2023-05-26,Shoes,247,62437.1,285,130,195,198,131.42857142857142,94.76085187259034,4,5,0
2023-05-26,Shorts,86,26757.77,66,79,52,38,126.57142857142856,97.47282893684957,4,5,0
2023-05-26,Smartphone,297,77650.99,243,223,337,267,154.57142857142858,98.94587264906858,4,5,0
2023-05-26,Snacks,99,21217.72,115,65,84,124,157.28571428571428,97.3185735710545,4,5,0
2023-05-26,Soft Drink,207,51532.69,194,190,204,222,177.71428571428572,85.5914993553961,4,5,0
2023-05-26,T-shirt,123,31494.44,171,147,150,111,167.0,80.13946177341927,4,5,0
2023-05-26,Tablet,151,41365.56,123,147,166,131,171.0,76.56587577591817,4,5,0
2023-05-26,Television,142,38135.74,232,189,250,275,163.42857142857142,65.18910221516353,4,5,0
2023-05-26,Thriller,125,30927.26,125,83,121,128,171.85714285714286,53.205352398133066,4,5,0
2023-05-26,Tools,67,16491.57,99,66,75,75,151.28571428571428,48.767182564077565,4,5,0
2023-05-26,Water,474,115293.45,357,349,343,344,185.8571428571429,88.41649275150088,4,5,0
2023-05-27,Bathroom,65,14225.45,90,45,76,63,171.0,95.2907830450214,5,5,1
2023-05-27,Bedding,104,24011.52,109,75,128,45,162.14285714285714,98.12989447908409,5,5,1
2023-05-27,BlueStar AC,14,2219.97,33,46,32,40,149.28571428571428,109.36592139192508,5,5,1
2023-05-27,Children's,103,17945.05,67,81,112,113,125.71428571428572,106.3057136841887,5,5,1
2023-05-27,Chocolate,48,11323.25,124,147,137,45,125.57142857142856,106.30750544663184,5,5,1
2023-05-27,Coffee,32,6450.27,166,108,87,67,135.14285714285714,106.53235591660786,5,5,1
2023-05-27,Decorations,152,38358.5,177,149,187,234,109.42857142857144,51.636089262120144,5,5,1
2023-05-27,Dress,62,13804.38,92,69,89,52,109.71428571428572,51.51606314446676,5,5,1
2023-05-27,Fiction,315,86190.79,293,191,325,250,136.0,86.29407086623405,5,5,1
2023-05-27,Fridge,110,19308.83,127,94,120,133,149.42857142857142,74.03795680337906,5,5,1
2023-05-27,Furniture,165,43844.94,143,157,203,198,160.28571428571428,64.95053062578795,5,5,1
2023-05-27,Headphones,82,24780.53,105,81,56,94,157.57142857142858,67.0816843926296,5,5,1
2023-05-27,Jacket,115,23644.87,83,105,81,78,145.71428571428572,72.46312691227678,5,5,1
2023-05-27,Jeans,64,19880.86,107,81,97,84,135.71428571428572,72.2558285670071,5,5,1
2023-05-27,Juice,190,53484.67,141,156,196,189,142.71428571428572,69.6412576128887,5,5,1
2023-05-27,Kitchen,83,17851.75,76,39,123,106,111.71428571428572,26.575140549732183,5,5,1
2023-05-27,Laptop,97,22831.96,104,74,154,88,108.42857142857144,25.780206508462417,5,5,1
2023-05-27,Lighting,88,26507.37,70,71,145,95,98.0,24.17988144442759,5,5,1
2023-05-27,Literature,113,26566.94,107,98,60,80,98.28571428571428,24.28795507869424,5,5,1
2023-05-27,Mitsubishi 1.5 Ton 3 Star Split AC,124,25092.09,80,86,85,125,97.85714285714286,24.626737308788943,5,5,1
2023-05-27,Non-Fiction,203,52584.33,221,205,265,277,114.14285714285714,53.01392449608044,5,5,1
2023-05-27,Shirt,97,26197.3,93,95,86,115,107.28571428571428,52.056745594636254,5,5,1
2023-05-27,Shoes,198,47929.86,247,207,206,119,131.71428571428572,71.4416178561538,5,5,1
2023-05-27,Shorts,110,22850.19,86,125,102,65,129.14285714285714,72.91417002528479,5,5,1
2023-05-27,Smartphone,191,48948.65,297,321,182,286,161.57142857142858,90.56831149811195,5,5,1
2023-05-27,Snacks,92,27933.04,99,62,59,105,160.42857142857142,91.41819137505236,5,5,1
2023-05-27,Soft Drink,183,44816.34,207,174,167,225,178.57142857142858,85.18579134819994,5,5,1
2023-05-27,T-shirt,132,34729.6,123,124,210,160,164.57142857142858,85.10357834791107,5,5,1
2023-05-27,Tablet,159,40082.11,151,174,176,167,172.85714285714286,79.6208276173778,5,5,1
2023-05-27,Television,200,57799.37,142,186,126,189,157.85714285714286,72.93473925692868,5,5,1
2023-05-27,Thriller,78,17788.9,125,111,135,100,163.42857142857142,67.84260495897131,5,5,1
2023-05-27,Tools,80,19714.13,67,100,53,78,130.57142857142858,43.809653208918064,5,5,1
2023-05-27,Water,333,85960.97,474,304,425,350,184.14285714285717,134.3954718624957,5,5,1
2023-05-28,Bathroom,104,21870.46,65,117,74,73,163.85714285714286,140.92838437947665,6,5,1
2023-05-28,Bedding,48,15923.73,104,113,131,47,161.14285714285714,142.02514867847472,6,5,1
2023-05-28,BlueStar AC,31,6167.34,14,11,37,40,141.57142857142858,152.69452854512835,6,5,1
2023-05-28,Children's,143,40212.93,103,123,80,79,136.0,153.38622276245442,6,5,1
2023-05-28,Chocolate,83,24646.29,48,206,49,101,125.0,157.0244142376166,6,5,1
2023-05-28,Coffee,74,20158.41,32,86,50,103,120.0,159.7132847741016,6,5,1
2023-05-28,Decorations,192,47113.86,152,236,167,110,74.0,48.21134029803803,6,5,1
2023-05-28,Dress,110,25477.82,62,70,111,100,73.57142857142857,48.3178957283835,6,5,1
2023-05-28,Fiction,246,69467.22,315,292,228,298,103.71428571428572,104.09084859825424,6,5,1
2023-05-28,Fridge,100,22116.04,110,80,78,113,117.42857142857144,96.3359696459167,6,5,1
2023-05-28,Furniture,216,55503.59,165,189,170,192,126.28571428571428,97.62976712341056,6,5,1
2023-05-28,Headphones,72,15565.15,82,52,100,141,131.14285714285714,93.85880987140284,6,5,1
2023-05-28,Jacket,107,31198.67,115,74,86,81,143.0,83.96824796711333,6,5,1
2023-05-28,Jeans,108,23624.43,64,170,39,78,130.42857142857142,88.84228937252986,6,5,1
2023-05-28,Juice,219,53173.87,190,200,178,146,148.71428571428572,85.52137020595926,6,5,1
2023-05-28,Kitchen,93,23749.04,83,77,98,129,115.57142857142856,46.29923376924269,6,5,1
2023-05-28,Laptop,111,27055.97,97,92,31,73,113.71428571428572,46.81778253938021,6,5,1
2023-05-28,Lighting,104,22864.11,88,72,127,81,102.71428571428572,41.503872452716365,6,5,1
2023-05-28,Literature,60,15968.68,113,60,52,89,107.14285714285714,40.568578035339726,6,5,1
2023-05-28,Mitsubishi 1.5 Ton 3 Star Split AC,98,24542.45,124,80,122,100,108.42857142857144,40.9994192757935,6,5,1
2023-05-28,Non-Fiction,247,59681.23,203,209,264,313,128.28571428571428,48.81159112927357,6,5,1
2023-05-28,Shirt,78,15953.04,97,81,110,104,115.0,41.291645644124365,6,5,1
2023-05-28,Shoes,181,40586.25,198,188,130,138,131.42857142857142,48.65818582334323,6,5,1
2023-05-28,Shorts,58,15540.52,110,82,103,72,133.28571428571428,47.35579614547076,6,5,1
2023-05-28,Smartphone,311,95245.97,191,220,278,314,148.0,46.93967760150579,6,5,1
2023-05-28,Snacks,90,20971.0,92,119,130,67,145.0,50.11320517920702,6,5,1
2023-05-28,Soft Drink,164,41888.39,183,137,155,193,153.42857142857142,50.94721825202063,6,5,1
2023-05-28,T-shirt,140,26537.62,132,154,228,189,143.28571428571428,46.2879188187522,6,5,1
2023-05-28,Tablet,224,58480.85,159,177,177,212,152.14285714285714,41.6550459985682,6,5,1
2023-05-28,Television,190,49221.68,200,200,239,192,152.42857142857142,42.02720207539029,6,5,1
2023-05-28,Thriller,112,26384.53,78,100,93,55,147.85714285714286,48.63273441975917,6,5,1
2023-05-28,Tools,86,21252.36,80,91,45,40,132.0,50.28916384272017,6,5,1
2023-05-28,Water,341,91495.24,333,372,304,418,166.42857142857142,87.25223424619206,6,5,1
2023-05-29,Bathroom,54,14014.29,104,50,104,79,155.14285714285714,89.82284151118154,0,5,0
2023-05-29,Bedding,62,18331.59,48,98,95,128,143.14285714285714,98.61106863401706,0,5,0
2023-05-29,BlueStar AC,25,5090.09,31,42,29,46,124.85714285714286,106.715241915777,0,5,0
2023-05-29,Children's,99,30235.44,143,39,99,89,116.71428571428572,102.10079053842516,0,5,0
2023-05-29,Chocolate,147,33070.19,83,99,86,108,117.42857142857144,101.80186170998536,0,5,0
2023-05-29,Coffee,134,34109.89,74,70,38,123,116.57142857142856,102.19402647718206,0,5,0
2023-05-29,Decorations,133,29237.66,192,172,216,163,96.42857142857144,55.78188816828422,0,5,0
2023-05-29,Dress,95,29543.92,110,107,107,95,97.28571428571428,55.96342342909949,0,5,0
2023-05-29,Fiction,360,97319.81,246,340,275,283,125.57142857142856,74.02444898558177,0,5,0
2023-05-29,Fridge,96,17312.72,100,68,91,166,135.42857142857142,63.12383898036468,0,5,0
2023-05-29,Furniture,199,62326.72,216,149,151,211,145.85714285714286,70.21497601753367,0,5,0
2023-05-29,Headphones,136,41645.38,72,86,84,111,144.28571428571428,71.95765950824645,0,5,0
2023-05-29,Jacket,83,24374.99,107,76,124,71,149.0,67.53024013975744,0,5,0
2023-05-29,Jeans,98,21202.72,108,68,113,84,137.0,66.06310114832102,0,5,0
2023-05-29,Juice,144,42457.4,219,165,178,170,152.57142857142858,71.27846131629825,0,5,0
2023-05-29,Kitchen,85,27471.29,93,87,78,103,130.71428571428572,60.49714672531851,0,5,0
2023-05-29,Laptop,128,27073.38,111,110,73,163,132.28571428571428,59.70403192893579,0,5,0
2023-05-29,Lighting,129,38569.9,104,92,65,106,116.28571428571428,47.23598305569635,0,5,0
2023-05-29,Literature,28,7657.55,60,76,62,93,114.57142857142856,49.2844030191329,0,5,0
2023-05-29,Mitsubishi 1.5 Ton 3 Star Split AC,108,28864.45,98,158,98,85,113.28571428571428,49.631019486184535,0,5,0
2023-05-29,Non-Fiction,302,80735.81,247,335,325,317,133.14285714285714,70.55831765622072,0,5,0
2023-05-29,Shirt,120,27884.24,78,112,110,113,113.0,61.50880695748591,0,5,0
2023-05-29,Shoes,148,42947.86,181,217,235,149,125.57142857142856,65.5968930739279,0,5,0
2023-05-29,Shorts,95,24306.45,58,95,111,76,118.0,70.43909899101924,0,5,0
2023-05-29,Smartphone,359,106931.2,311,290,263,272,147.57142857142858,100.58306209771284,0,5,0
2023-05-29,Snacks,121,37470.88,90,51,80,114,151.85714285714286,96.79777644041988,0,5,0
2023-05-29,Soft Drink,155,44201.83,164,197,158,162,161.28571428571428,93.84688644402696,0,5,0
2023-05-29,T-shirt,194,44404.92,140,143,160,149,146.0,85.93990148159726,0,5,0
2023-05-29,Tablet,128,29147.54,224,184,143,142,166.85714285714286,84.38883925304454,0,5,0
2023-05-29,Television,117,30916.58,190,236,182,148,168.14285714285714,84.70818254735602,0,5,0
2023-05-29,Thriller,103,25225.29,112,82,81,86,175.85714285714286,74.89643643375966,0,5,0
2023-05-29,Tools,77,19497.41,86,61,70,79,143.71428571428572,52.01831179406668,0,5,0
2023-05-29,Water,339,83694.99,341,347,292,430,179.57142857142858,84.92321461739654,0,5,0
2023-05-30,Bathroom,64,18899.7,54,104,109,106,163.85714285714286,97.5267972942626,1,5,0
2023-05-30,Bedding,65,16768.23,62,68,120,127,152.71428571428572,104.88519801146752,1,5,0
2023-05-30,BlueStar AC,30,10557.45,25,12,25,25,124.28571428571428,109.2225774671674,1,5,0
2023-05-30,Children's,80,20842.39,99,63,88,100,111.28571428571428,105.4477979629638,1,5,0
2023-05-30,Chocolate,110,35099.08,147,111,45,141,116.28571428571428,106.31355242193428,1,5,0
2023-05-30,Coffee,109,29031.85,134,89,85,68,123.14285714285714,105.58003057937997,1,5,0
2023-05-30,Decorations,141,39379.89,133,97,116,185,93.42857142857144,47.14819594589274,1,5,0
2023-05-30,Dress,100,32965.41,95,162,70,118,99.28571428571428,43.86613836705959,1,5,0
2023-05-30,Fiction,279,72950.09,360,276,177,227,141.85714285714286,104.43567170181602,1,5,0
2023-05-30,Fridge,146,34848.31,96,65,92,108,152.0,94.1346553259389,1,5,0
2023-05-30,Furniture,139,33614.81,199,126,178,122,166.28571428571428,92.32138482084252,1,5,0
2023-05-30,Headphones,95,19480.39,136,63,47,84,164.71428571428572,92.79675692198563,1,5,0
2023-05-30,Jacket,93,23200.46,83,133,56,62,157.42857142857142,97.49334531624386,1,5,0
2023-05-30,Jeans,109,28406.16,98,111,97,139,152.42857142857142,99.82460809315688,1,5,0
2023-05-30,Juice,185,47867.32,144,213,201,239,159.42857142857142,96.79851435302284,1,5,0
2023-05-30,Kitchen,81,23043.63,85,102,48,60,120.14285714285714,42.28249666007758,1,5,0
2023-05-30,Laptop,74,23284.04,128,133,109,85,124.71428571428572,40.94595741427206,1,5,0
2023-05-30,Lighting,50,12436.6,129,95,65,87,114.71428571428572,25.362139011487912,1,5,0
2023-05-30,Literature,131,38672.36,28,97,129,96,99.28571428571428,39.28406922962565,1,5,0
2023-05-30,Mitsubishi 1.5 Ton 3 Star Split AC,92,26809.58,108,109,117,122,102.85714285714286,38.68862266622389,1,5,0
2023-05-30,Non-Fiction,244,56733.81,302,309,347,260,132.0,84.33069824605171,1,5,0
2023-05-30,Shirt,81,19293.78,120,85,82,57,128.57142857142858,84.24934647195988,1,5,0
2023-05-30,Shoes,186,46442.21,148,197,191,143,137.57142857142858,82.15809382496863,1,5,0
2023-05-30,Shorts,68,18543.24,95,40,76,90,132.85714285714286,83.7305769943662,1,5,0
2023-05-30,Smartphone,213,54749.44,359,239,323,252,165.71428571428572,119.46647268266564,1,5,0
2023-05-30,Snacks,77,20466.12,121,84,90,96,179.0,106.01257787011258,1,5,0
2023-05-30,Soft Drink,113,30106.63,155,191,148,165,185.7142857142857,102.18563872631412,1,5,0
2023-05-30,T-shirt,130,37223.18,194,213,222,223,170.28571428571428,89.00508278691038,1,5,0
2023-05-30,Tablet,145,39112.57,128,172,196,177,171.42857142857142,88.30035323231947,1,5,0
2023-05-30,Television,190,46909.43,117,161,188,137,167.0,90.42307964968532,1,5,0
2023-05-30,Thriller,29,8189.219999999999,103,83,96,87,168.14285714285714,89.40624245809795,1,5,0
2023-05-30,Tools,96,27706.03,77,110,62,84,127.85714285714286,37.59622574775491,1,5,0
2023-05-30,Water,344,96002.23,339,342,323,396,159.0,87.77433185922482,1,5,0
2023-05-31,Bathroom,106,33269.69,64,49,76,66,146.0,94.91399615792524,2,5,0
2023-05-31,Bedding,116,26124.97,65,74,129,82,127.57142857142856,96.55025831634184,2,5,0
2023-05-31,BlueStar AC,43,12001.82,30,12,29,56,113.57142857142856,103.34385507107967,2,5,0
2023-05-31,Children's,72,24124.69,80,97,55,80,108.28571428571428,104.08284246328994,2,5,0
2023-05-31,Chocolate,136,28319.69,110,145,71,115,109.28571428571428,104.05721869195187,2,5,0
2023-05-31,Coffee,74,21748.88,109,114,116,127,113.85714285714286,103.10096761820164,2,5,0
2023-05-31,Decorations,169,41896.15,141,181,174,148,85.57142857142857,37.026374126455984,2,5,0
2023-05-31,Dress,95,22063.28,100,116,82,103,90.71428571428572,36.01719166228829,2,5,0
2023-05-31,Fiction,195,53716.87,279,228,293,259,121.28571428571428,77.49347130718849,2,5,0
2023-05-31,Fridge,83,22731.01,146,86,95,84,137.85714285714286,66.31598241607743,2,5,0
2023-05-31,Furniture,272,60935.82,139,123,189,183,146.28571428571428,61.296313879694864,2,5,0
2023-05-31,Headphones,82,21911.3,95,71,68,101,144.14285714285714,63.01435966356794,2,5,0
2023-05-31,Jacket,68,18273.84,93,87,83,101,141.85714285714286,64.76734921092184,2,5,0
2023-05-31,Jeans,86,28340.68,109,94,91,93,137.28571428571428,65.95633476200797,2,5,0
2023-05-31,Juice,158,41540.44,185,200,198,185,149.42857142857142,65.77197260955735,2,5,0
2023-05-31,Kitchen,127,26938.35,81,122,58,78,121.14285714285714,37.07842396609477,2,5,0
2023-05-31,Laptop,83,24092.06,74,117,66,66,110.85714285714286,38.97190685364854,2,5,0
2023-05-31,Lighting,46,11718.79,50,62,93,56,98.14285714285714,42.60840516231638,2,5,0
2023-05-31,Literature,55,14514.56,131,38,68,56,103.28571428571428,44.30468103829083,2,5,0
2023-05-31,Mitsubishi 1.5 Ton 3 Star Split AC,77,20074.53,92,88,85,92,103.14285714285714,44.344968040084495,2,5,0
2023-05-31,Non-Fiction,283,71400.34,244,283,228,262,122.42857142857144,69.52423352773475,2,5,0
2023-05-31,Shirt,43,5938.5,81,35,88,121,107.57142857142856,64.88157710489918,2,5,0
2023-05-31,Shoes,219,55838.05,186,192,136,168,122.57142857142856,69.67509632299762,2,5,0
2023-05-31,Shorts,89,25302.77,68,71,112,96,121.71428571428572,70.40528930346575,2,5,0
2023-05-31,Smartphone,255,60224.12,213,216,243,222,145.0,69.68500556073722,2,5,0
2023-05-31,Snacks,111,32372.66,77,72,101,121,137.28571428571428,74.32746079728135,2,5,0
2023-05-31,Soft Drink,203,46012.67,113,198,206,141,140.28571428571428,72.59870128708502,2,5,0
2023-05-31,T-shirt,181,41744.96,130,187,177,209,124.0,56.4446631666799,2,5,0
2023-05-31,Tablet,204,55858.37,145,134,169,150,133.14285714285714,53.42105880464638,2,5,0
2023-05-31,Television,93,20793.01,190,107,168,154,133.71428571428572,54.09779504352642,2,5,0
2023-05-31,Thriller,79,20038.24,29,54,66,70,128.14285714285714,63.2308694953882,2,5,0
2023-05-31,Tools,57,12004.2,96,76,63,116,111.42857142857144,51.42261870311207,2,5,0
2023-05-31,Water,447,125488.57,344,305,339,357,149.57142857142858,98.81440033864344,2,5,0
2023-06-01,Bathroom,58,11726.41,106,110,82,67,148.57142857142858,99.2805068863925,3,6,0
2023-06-01,Bedding,44,8183.87,116,102,144,61,146.57142857142858,99.85632535941672,3,6,0
2023-06-01,BlueStar AC,39,8599.2,43,54,40,25,132.0,107.28932845348582,3,6,0
2023-06-01,Children's,108,21347.36,72,82,107,68,115.14285714285714,105.91888180966347,3,6,0
2023-06-01,Chocolate,89,20489.86,136,93,102,91,130.42857142857142,98.9037531186372,3,6,0
2023-06-01,Coffee,99,21076.5,74,46,85,90,127.28571428571428,100.51652316197264,3,6,0
2023-06-01,Decorations,146,24110.42,169,248,197,156,102.28571428571428,42.85912693819935,3,6,0
2023-06-01,Dress,74,15722.39,95,133,78,67,100.71428571428572,42.901881410625215,3,6,0
2023-06-01,Fiction,274,69150.87,195,295,285,248,112.0,55.98809397243847,3,6,0
2023-06-01,Fridge,137,27691.51,83,72,82,121,117.71428571428572,49.42912193472626,3,6,0
2023-06-01,Furniture,142,39399.47,272,108,120,175,146.28571428571428,71.48359785226775,3,6,0
2023-06-01,Headphones,108,42294.86,82,111,62,71,138.57142857142858,75.57525420148458,3,6,0
2023-06-01,Jacket,88,22435.22,68,108,61,119,137.71428571428572,76.4585166080583,3,6,0
2023-06-01,Jeans,148,33837.45,86,103,85,79,125.85714285714286,77.23002130309263,3,6,0
2023-06-01,Juice,206,58661.37,158,168,146,156,134.85714285714286,76.7038212247353,3,6,0
2023-06-01,Kitchen,95,34030.65,127,98,70,83,125.14285714285714,71.97784050532131,3,6,0
2023-06-01,Laptop,99,22789.4,83,100,46,96,125.14285714285714,71.97784050532131,3,6,0
2023-06-01,Lighting,77,23727.33,46,47,71,124,92.85714285714286,37.605090840772746,3,6,0
2023-06-01,Literature,86,24672.62,55,96,77,121,89.0,40.19950248448243,3,6,0
2023-06-01,Mitsubishi 1.5 Ton 3 Star Split AC,115,21476.69,77,51,126,105,90.28571428571428,39.55466380303767,3,6,0
2023-06-01,Non-Fiction,337,85432.38,283,246,266,253,118.42857142857144,82.62739082341676,3,6,0
2023-06-01,Shirt,80,18325.5,43,95,87,66,102.0,84.8508495341478,3,6,0
2023-06-01,Shoes,184,48113.29,219,285,190,236,115.14285714285714,95.78870596514044,3,6,0
2023-06-01,Shorts,103,20799.35,89,66,87,53,116.0,95.47949168975124,3,6,0
2023-06-01,Smartphone,234,71782.36,255,243,243,273,145.85714285714286,102.37094081725292,3,6,0
2023-06-01,Snacks,74,22533.69,111,115,80,55,153.85714285714286,96.0823059871562,3,6,0
2023-06-01,Soft Drink,308,72617.97,203,194,125,114,171.85714285714286,90.94948885952869,3,6,0
2023-06-01,T-shirt,157,45329.67,181,171,130,196,157.28571428571428,77.32553326837187,3,6,0
2023-06-01,Tablet,168,44180.77,204,123,115,155,180.28571428571428,59.57268469613216,3,6,0
2023-06-01,Television,229,68924.63,93,232,176,234,162.28571428571428,64.73719766799269,3,6,0
2023-06-01,Thriller,65,11478.32,79,125,83,86,160.85714285714286,66.70439408671804,3,6,0
2023-06-01,Tools,63,12678.76,57,99,121,108,132.57142857142858,61.94044758975359,3,6,0
2023-06-01,Water,498,135692.91,447,357,327,412,180.57142857142856,132.47120082349622,3,6,0
2023-06-02,Bathroom,101,25234.35,58,90,57,102,159.85714285714286,139.52828694262269,4,6,0
2023-06-02,Bedding,86,21150.53,44,109,56,63,140.28571428571428,145.54691601646783,4,6,0
2023-06-02,BlueStar AC,39,6541.3,39,33,26,42,116.71428571428572,146.86355831827277,4,6,0
2023-06-02,Children's,68,10888.25,108,67,77,72,118.85714285714286,146.56901511054832,4,6,0
2023-06-02,Chocolate,120,27437.48,89,124,113,140,120.28571428571428,146.163965333131,4,6,0
2023-06-02,Coffee,94,22564.49,99,166,120,120,126.28571428571428,143.97883442334407,4,6,0
2023-06-02,Decorations,161,47336.52,146,177,185,180,83.28571428571429,38.6596873832593,4,6,0
2023-06-02,Dress,121,26523.75,74,92,108,88,85.57142857142857,37.36690667269137,4,6,0
2023-06-02,Fiction,228,69574.67,274,293,279,268,118.42857142857144,75.93606333150058,4,6,0
2023-06-02,Fridge,103,19321.01,137,127,80,110,132.42857142857142,67.40637245556992,4,6,0
2023-06-02,Furniture,197,51234.92,142,143,166,141,137.28571428571428,66.57255261671085,4,6,0
2023-06-02,Headphones,120,39254.76,108,105,92,68,140.0,64.63487190879736,4,6,0
2023-06-02,Jacket,98,23797.5,88,83,89,38,138.42857142857142,65.9187811953899,4,6,0
2023-06-02,Jeans,62,9748.33,148,107,117,98,138.71428571428572,65.96138841704848,4,6,0
2023-06-02,Juice,135,32959.95,206,141,148,151,157.57142857142858,63.1871747083144,4,6,0
2023-06-02,Kitchen,64,20908.9,95,76,42,47,132.0,40.286474156966975,4,6,0
2023-06-02,Laptop,86,21788.41,99,104,112,75,126.57142857142856,42.02323620275266,4,6,0
2023-06-02,Lighting,93,24988.88,77,70,117,68,117.28571428571428,45.11361319200719,4,6,0
2023-06-02,Literature,69,17514.57,86,107,87,117,114.14285714285714,46.609829333265495,4,6,0
2023-06-02,Mitsubishi 1.5 Ton 3 Star Split AC,70,21212.29,115,80,55,134,118.0,45.181116999619256,4,6,0
2023-06-02,Non-Fiction,314,70681.21,337,221,230,264,145.0,95.04911011331625,4,6,0
2023-06-02,Shirt,81,15926.53,80,93,103,84,127.0,93.4897498837883,4,6,0
2023-06-02,Shoes,174,47981.72,184,247,130,174,139.71428571428572,94.45936390094634,4,6,0
2023-06-02,Shorts,62,16635.34,103,86,79,95,140.28571428571428,94.1837110575465,4,6,0
2023-06-02,Smartphone,305,67363.25,234,297,223,249,162.71428571428572,95.28853426254793,4,6,0
2023-06-02,Snacks,79,14711.09,74,99,65,61,161.0,96.99140855422884,4,6,0
2023-06-02,Soft Drink,130,38100.47,308,207,190,97,188.57142857142856,108.4863388371354,4,6,0
2023-06-02,T-shirt,159,37106.45,157,123,147,157,162.85714285714286,86.55716525593282,4,6,0
2023-06-02,Tablet,139,36415.59,168,151,147,126,175.42857142857142,78.53631249907525,4,6,0
2023-06-02,Television,160,49319.63,229,142,189,166,181.8571428571429,81.15300070736482,4,6,0
2023-06-02,Thriller,103,26018.45,65,125,83,94,176.42857142857142,88.26637174458008,4,6,0
2023-06-02,Tools,80,30028.41,63,67,66,53,152.0,93.20228895615524,4,6,0
2023-06-02,Water,368,89186.29,498,474,349,391,212.57142857142856,152.7905506926147,4,6,0
2023-06-03,Bathroom,99,23530.23,101,65,45,99,183.0,151.26687233716012,5,6,1
2023-06-03,Bedding,98,28616.75,86,104,75,60,172.85714285714286,155.6185813363651,5,6,1
2023-06-03,BlueStar AC,33,11262.16,39,14,46,33,154.42857142857142,163.71709047709624,5,6,1
2023-06-03,Children's,127,26541.92,68,103,81,126,131.42857142857142,162.80136889561365,5,6,1
2023-06-03,Chocolate,78,21866.97,120,48,147,74,139.28571428571428,160.37010765280232,5,6,1
2023-06-03,Coffee,74,16630.260000000002,94,32,108,79,143.71428571428572,158.32741843588371,5,6,1
2023-06-03,Decorations,231,66327.7,161,152,149,205,95.57142857142856,38.64736792614677,5,6,1
2023-06-03,Dress,99,26948.36,121,62,69,123,98.42857142857144,39.83657089851353,5,6,1
2023-06-03,Fiction,320,83606.75,228,315,191,294,118.71428571428572,62.2835298874272,5,6,1
2023-06-03,Fridge,82,21745.62,103,110,94,59,127.85714285714286,52.57194616722381,5,6,1
2023-06-03,Furniture,171,52736.18,197,165,157,111,146.28571428571428,50.66791978400212,5,6,1
2023-06-03,Headphones,99,24632.85,120,82,81,128,146.28571428571428,50.66791978400212,5,6,1
2023-06-03,Jacket,76,15857.02,98,115,105,65,146.85714285714286,49.99809520181248,5,6,1
2023-06-03,Jeans,95,22151.49,62,64,81,58,132.71428571428572,58.5938400792955,5,6,1
2023-06-03,Juice,115,29045.92,135,190,156,152,134.71428571428572,58.36584128213514,5,6,1
2023-06-03,Kitchen,85,28893.24,64,83,39,101,111.28571428571428,46.35987591913967,5,6,1
2023-06-03,Laptop,128,34209.17,86,97,74,103,108.85714285714286,47.30196814590401,5,6,1
2023-06-03,Lighting,93,21168.2,93,88,71,71,94.0,26.9629375254238,5,6,1
2023-06-03,Literature,101,27638.26,69,113,98,93,86.71428571428571,25.623649790209928,5,6,1
2023-06-03,Mitsubishi 1.5 Ton 3 Star Split AC,99,21360.27,70,124,86,80,82.71428571428571,25.75340939056393,5,6,1
2023-06-03,Non-Fiction,224,60163.86,314,203,205,293,118.71428571428572,89.41609528064865,5,6,1
2023-06-03,Shirt,60,17040.46,81,97,95,77,111.0,90.1036440254588,5,6,1
2023-06-03,Shoes,181,47815.7,174,198,207,213,126.71428571428572,90.13270639398726,5,6,1
2023-06-03,Shorts,82,20048.91,62,110,125,104,123.28571428571428,92.3683103770157,5,6,1
2023-06-03,Smartphone,231,63998.68,305,191,321,400,153.57142857142858,113.19136766682212,5,6,1
2023-06-03,Snacks,91,19901.5,79,92,62,104,155.0,112.00297615093385,5,6,1
2023-06-03,Soft Drink,149,35763.49,130,183,174,177,163.57142857142858,106.57838608720054,5,6,1
2023-06-03,T-shirt,168,44969.29,159,132,124,215,141.42857142857142,83.77918823283234,5,6,1
2023-06-03,Tablet,237,48033.3,139,159,174,142,149.71428571428572,79.5690775065168,5,6,1
2023-06-03,Television,222,61511.8,160,200,186,216,147.71428571428572,79.03103670017711,5,6,1
2023-06-03,Thriller,91,22763.45,103,78,111,94,153.57142857142858,72.90143378301305,5,6,1
2023-06-03,Tools,29,9145.72,80,80,100,96,121.42857142857144,34.49085455043107,5,6,1
2023-06-03,Water,301,74998.04,368,333,304,326,162.71428571428572,95.04685561292789,5,6,1
2023-06-04,Bathroom,81,18496.89,99,104,117,48,158.28571428571428,97.51532236135044,6,6,1
2023-06-04,Bedding,90,26835.15,98,48,113,57,149.57142857142858,100.13134231740678,6,6,1
2023-06-04,BlueStar AC,40,8498.4,33,31,11,44,134.42857142857142,109.56711359231996,6,6,1
2023-06-04,Children's,77,19936.31,127,143,123,107,129.71428571428572,108.99191756840528,6,6,1
2023-06-04,Chocolate,128,37912.71,78,83,206,58,126.14285714285714,110.41350849032382,6,6,1
2023-06-04,Coffee,107,25032.06,74,74,86,55,125.28571428571428,110.85382911100264,6,6,1
2023-06-04,Decorations,150,36231.49,231,192,236,153,105.71428571428572,62.33702561002315,6,6,1
2023-06-04,Dress,101,26071.92,99,110,70,111,105.71428571428572,62.33702561002315,6,6,1
2023-06-04,Fiction,233,60385.86,320,246,292,213,137.42857142857142,101.76256211210004,6,6,1
2023-06-04,Fridge,140,35982.99,82,100,80,112,144.42857142857142,94.8311783167981,6,6,1
2023-06-04,Furniture,120,33600.39,171,216,189,100,150.71428571428572,94.9415860511333,6,6,1
2023-06-04,Headphones,83,24052.25,99,72,52,87,153.71428571428572,92.5629772744198,6,6,1
2023-06-04,Jacket,79,18673.81,76,107,74,129,154.0,92.27856378018312,6,6,1
2023-06-04,Jeans,88,24379.62,95,108,170,130,134.57142857142858,87.5611351054356,6,6,1
2023-06-04,Juice,164,34606.63,115,219,200,136,136.85714285714286,86.68223303428155,6,6,1
2023-06-04,Kitchen,103,21608.13,85,93,77,117,103.28571428571428,32.510071699470046,6,6,1
2023-06-04,Laptop,100,23083.03,128,111,92,58,109.85714285714286,32.13735402626442,6,6,1
2023-06-04,Lighting,76,15241.15,93,104,72,137,98.71428571428572,17.67026019157641,6,6,1
2023-06-04,Literature,91,21761.37,101,60,60,116,99.0,17.691806012951737,6,6,1
2023-06-04,Mitsubishi 1.5 Ton 3 Star Split AC,91,30140.57,99,98,80,92,102.28571428571428,14.568393708230673,6,6,1
2023-06-04,Non-Fiction,242,63222.93,224,247,209,278,120.71428571428572,47.709937070153856,6,6,1
2023-06-04,Shirt,105,29393.03,60,78,81,96,112.85714285714286,53.039069157959325,6,6,1
2023-06-04,Shoes,184,54898.25,181,181,188,182,126.57142857142856,56.90593742559443,6,6,1
2023-06-04,Shorts,56,15070.87,82,58,82,114,120.0,59.31835016811081,6,6,1
2023-06-04,Smartphone,228,49965.54,231,311,220,260,139.71428571428572,70.69114580510114,6,6,1
2023-06-04,Snacks,93,22497.43,91,90,119,19,138.28571428571428,71.69777840750298,6,6,1
2023-06-04,Soft Drink,186,50315.51,149,164,137,197,145.42857142857142,69.59132403505744,6,6,1
2023-06-04,T-shirt,119,29363.28,168,140,154,181,137.42857142857142,61.840809456908666,6,6,1
2023-06-04,Tablet,225,57928.44,237,224,177,133,162.71428571428572,61.08658959682914,6,6,1
2023-06-04,Television,200,50226.51,222,190,200,242,168.57142857142858,64.97398746897916,6,6,1
2023-06-04,Thriller,101,17761.06,91,112,100,101,169.85714285714286,63.03551531062633,6,6,1
2023-06-04,Tools,117,25922.62,29,86,91,94,141.0,75.40335978367703,6,6,1
2023-06-04,Water,362,92399.43,301,341,372,306,171.0,92.11767836124989,6,6,1
2023-06-05,Bathroom,117,34752.840000000004,81,54,50,83,161.28571428571428,98.20847601864496,0,6,0
2023-06-05,Bedding,76,17761.13,90,62,98,128,150.14285714285714,101.68321489054216,0,6,0
2023-06-05,BlueStar AC,50,15051.79,40,25,42,35,122.0,100.89598604503524,0,6,0
2023-06-05,Children's,160,41206.61,77,99,39,113,101.28571428571428,91.37963720237684,0,6,0
2023-06-05,Chocolate,91,28091.85,128,147,99,75,106.57142857142856,91.75484935932435,0,6,0
2023-06-05,Coffee,143,36224.91,107,134,70,39,117.71428571428572,85.27155501829455,0,6,0
2023-06-05,Decorations,189,40981.94,150,133,172,104,96.14285714285714,36.09907003155021,0,6,0
2023-06-05,Dress,133,32416.42,101,95,107,75,99.0,35.48708685329421,0,6,0
2023-06-05,Fiction,304,73040.06,233,360,340,262,119.42857142857144,61.25046161147679,0,6,0
2023-06-05,Fridge,141,36197.02,140,96,68,126,133.71428571428572,50.32466024298021,0,6,0
2023-06-05,Furniture,156,37360.23,120,199,149,127,139.85714285714286,44.53997669296086,0,6,0
2023-06-05,Headphones,129,40641.77,83,136,86,110,133.42857142857142,49.50709424872706,0,6,0
2023-06-05,Jacket,104,31245.65,79,83,76,73,129.42857142857142,53.005839750154,0,6,0
2023-06-05,Jeans,95,22880.11,88,98,68,60,120.57142857142856,54.16289364148663,0,6,0
2023-06-05,Juice,182,47063.65,164,144,165,185,129.57142857142858,55.58434174854467,0,6,0
2023-06-05,Kitchen,67,19560.78,103,85,87,94,111.0,31.968734726290485,0,6,0
2023-06-05,Laptop,108,21412.83,100,128,110,86,105.28571428571428,29.39225683585194,0,6,0
2023-06-05,Lighting,52,17487.29,76,129,92,125,99.0,30.408332191466545,0,6,0
2023-06-05,Literature,51,15346.05,91,28,76,48,100.14285714285714,29.852015964466663,0,6,0
2023-06-05,Mitsubishi 1.5 Ton 3 Star Split AC,84,18654.47,91,108,158,137,101.85714285714286,28.7600913966346,0,6,0
2023-06-05,Non-Fiction,303,66039.55,242,302,335,211,123.85714285714286,59.19298542740918,0,6,0
2023-06-05,Shirt,80,20634.44,105,120,112,106,115.42857142857144,56.6711482821637,0,6,0
2023-06-05,Shoes,147,36064.44,184,148,217,142,127.0,61.7521929435165,0,6,0
2023-06-05,Shorts,137,32515.24,56,95,95,113,120.71428571428572,66.97689722512314,0,6,0
2023-06-05,Smartphone,265,69446.65000000001,228,359,290,253,142.42857142857142,74.30311151595443,0,6,0
2023-06-05,Snacks,52,13268.69,93,121,51,67,142.71428571428572,74.07589415753328,0,6,0
2023-06-05,Soft Drink,156,42501.37,186,155,197,129,156.28571428571428,71.6861546039733,0,6,0
2023-06-05,T-shirt,233,63056.2,119,194,143,202,138.71428571428572,61.52970633689661,0,6,0
2023-06-05,Tablet,121,25277.34,225,128,184,145,155.85714285714286,67.04085463712549,0,6,0
2023-06-05,Television,202,48567.94,200,117,236,126,158.14285714285714,68.41887792958066,0,6,0
2023-06-05,Thriller,72,18172.7,101,103,82,48,164.57142857142858,58.63689720888824,0,6,0
2023-06-05,Tools,58,13868.52,117,77,61,83,148.71428571428572,53.40010700898845,0,6,0
2023-06-05,Water,333,74732.38,362,339,347,329,187.14285714285717,90.51598122510136,0,6,0
2023-06-06,Bathroom,83,21728.21,117,64,104,82,177.28571428571428,94.33753986919236,1,6,0
2023-06-06,Bedding,137,39656.76,76,65,68,125,171.14285714285714,99.99571419387372,1,6,0
2023-06-06,BlueStar AC,35,11414.86,50,30,12,24,146.14285714285714,105.9833769535401,1,6,0
2023-06-06,Children's,75,15274.06,160,80,63,76,140.42857142857142,103.64821455747492,1,6,0
2023-06-06,Chocolate,48,14880.76,91,110,111,25,139.0,104.3487741502824,1,6,0
2023-06-06,Coffee,109,31911.91,143,109,89,79,142.71428571428572,103.89692694479184,1,6,0
2023-06-06,Decorations,192,45494.08,189,141,97,165,118.0,49.24090440544947,1,6,0
2023-06-06,Dress,44,11520.07,133,100,162,41,120.28571428571428,49.55708588995837,1,6,0
2023-06-06,Fiction,278,79095.07,304,279,276,226,152.85714285714286,80.72469380850067,1,6,0
2023-06-06,Fridge,154,32640.59,141,146,65,106,165.85714285714286,67.6718271548523,1,6,0
2023-06-06,Furniture,195,63104.35,156,139,126,154,165.28571428571428,67.74637575967766,1,6,0
2023-06-06,Headphones,86,23854.93,129,95,63,130,170.71428571428572,62.08787934778239,1,6,0
2023-06-06,Jacket,78,22072.81,104,93,133,68,165.14285714285714,66.57684425140773,1,6,0
2023-06-06,Jeans,76,12460.26,95,109,111,49,151.71428571428572,70.33660565621636,1,6,0
2023-06-06,Juice,165,45032.03,182,185,213,201,158.71428571428572,70.6014973536074,1,6,0
2023-06-06,Kitchen,72,23047.63,67,81,102,95,124.85714285714286,39.1298205610863,1,6,0
2023-06-06,Laptop,53,14473.53,108,74,133,43,120.14285714285714,38.847687925316805,1,6,0
2023-06-06,Lighting,65,12271.69,52,50,95,108,105.28571428571428,42.55864301452788,1,6,0
2023-06-06,Literature,84,23201.23,51,131,97,97,94.14285714285714,45.42917040635274,1,6,0
2023-06-06,Mitsubishi 1.5 Ton 3 Star Split AC,134,40942.740000000005,84,92,109,102,91.28571428571428,45.334733871922126,1,6,0
2023-06-06,Non-Fiction,307,71797.46,303,244,309,209,121.0,92.1592824046134,1,6,0
2023-06-06,Shirt,117,21652.58,80,81,85,108,106.42857142857144,88.91354816685124,1,6,0
2023-06-06,Shoes,190,50544.04,147,186,197,182,117.85714285714286,88.1389595495439,1,6,0
2023-06-06,Shorts,57,19081.57,137,68,40,106,122.0,88.27985802737385,1,6,0
2023-06-06,Smartphone,266,71838.0,265,213,239,258,152.42857142857142,96.46045328329656,1,6,0
2023-06-06,Snacks,96,22776.66,52,77,84,131,152.57142857142858,96.28578493709428,1,6,0
2023-06-06,Soft Drink,231,56382.05,156,113,191,243,162.85714285714286,91.46479937008296,1,6,0
2023-06-06,T-shirt,179,38896.18,233,130,213,132,152.85714285714286,76.13021426352034,1,6,0
2023-06-06,Tablet,192,43623.04,121,145,172,260,158.71428571428572,70.99463427075383,1,6,0
2023-06-06,Television,174,49090.08,202,190,161,127,166.57142857142858,72.50944109299877,1,6,0
2023-06-06,Thriller,58,15635.92,72,29,83,71,157.28571428571428,80.63438944956897,1,6,0
2023-06-06,Tools,98,32355.41,58,96,110,112,127.71428571428572,72.04793377956595,1,6,0
2023-06-06,Water,327,88519.13,333,344,342,343,167.85714285714286,96.845974914515,1,6,0
2023-06-07,Bathroom,70,21166.33,83,106,49,86,157.42857142857142,102.1222423419716,2,6,0
2023-06-07,Bedding,71,9072.21,137,116,74,78,143.71428571428572,96.57762730176216,2,6,0
2023-06-07,BlueStar AC,34,9471.39,35,43,12,57,131.42857142857142,105.04738159969692,2,6,0
2023-06-07,Children's,102,29412.34,75,72,97,74,113.28571428571428,101.74267260383606,2,6,0
2023-06-07,Chocolate,90,19377.52,48,136,145,69,109.85714285714286,103.75038726261602,2,6,0
2023-06-07,Coffee,90,25677.45,109,74,114,62,117.14285714285714,101.26274170267564,2,6,0
2023-06-07,Decorations,206,56405.26,192,169,181,228,97.0,54.30469592954113,2,6,0
2023-06-07,Dress,97,21797.77,44,95,116,75,91.42857142857144,57.8643734458918,2,6,0
2023-06-07,Fiction,296,73094.73,278,195,228,239,111.57142857142856,91.27039889408644,2,6,0
2023-06-07,Fridge,201,50489.86,154,83,86,94,128.57142857142858,85.53334075641114,2,6,0
2023-06-07,Furniture,148,40228.26,195,272,123,229,145.71428571428572,85.03080674225124,2,6,0
2023-06-07,Headphones,93,24941.45,86,82,71,82,151.14285714285714,78.73251884583343,2,6,0
2023-06-07,Jacket,67,17884.43,78,68,87,110,146.71428571428572,82.2895584419519,2,6,0
2023-06-07,Jeans,75,19551.06,76,86,94,73,130.14285714285714,83.32352323209508,2,6,0
2023-06-07,Juice,234,57686.43,165,158,200,185,147.42857142857142,74.56508821796143,2,6,0
2023-06-07,Kitchen,71,17385.309999999998,72,127,122,53,118.0,51.539628765963016,2,6,0
2023-06-07,Laptop,45,12400.3,53,83,117,67,103.57142857142856,53.8666784535577,2,6,0
2023-06-07,Lighting,104,22472.56,65,46,62,102,85.0,36.79673898594689,2,6,0
2023-06-07,Literature,102,28835.51,84,55,38,74,84.71428571428571,36.7954448526535,2,6,0
2023-06-07,Mitsubishi 1.5 Ton 3 Star Split AC,73,22818.48,134,77,88,88,92.71428571428572,40.94595741427159,2,6,0
2023-06-07,Non-Fiction,203,49626.05,307,283,283,313,125.71428571428572,89.51296793521811,2,6,0
2023-06-07,Shirt,106,28358.3,117,43,35,97,118.85714285714286,87.82450032390055,2,6,0
2023-06-07,Shoes,175,49105.01,190,219,192,216,135.71428571428572,88.65234399178662,2,6,0
2023-06-07,Shorts,89,27544.73,57,89,71,145,136.28571428571428,88.04111593589705,2,6,0
2023-06-07,Smartphone,206,50238.3,266,255,216,255,165.0,93.52361555600102,2,6,0
2023-06-07,Snacks,94,21998.58,96,111,72,105,166.71428571428572,91.88709428008976,2,6,0
2023-06-07,Soft Drink,192,43895.91,231,203,198,206,180.57142857142856,93.4324303848459,2,6,0
2023-06-07,T-shirt,158,36882.12,179,181,187,160,162.28571428571428,75.3386007429443,2,6,0
2023-06-07,Tablet,212,60884.16,192,204,134,198,173.0,73.12546296149756,2,6,0
2023-06-07,Television,173,36518.64,174,93,107,180,170.71428571428572,72.75464311807262,2,6,0
2023-06-07,Thriller,100,32372.39,58,79,54,76,170.85714285714286,72.49466318616983,2,6,0
2023-06-07,Tools,93,21741.94,98,57,76,119,146.85714285714286,62.92436881269592,2,6,0
2023-06-07,Water,385,97844.4,327,447,305,336,179.85714285714286,87.5584158746389,2,6,0
2023-06-08,Bathroom,94,25541.81,70,58,110,65,156.85714285714286,92.86985261003446,3,6,0
2023-06-08,Bedding,95,22202.84,71,44,102,92,141.42857142857142,97.43691487805,3,6,0
2023-06-08,BlueStar AC,53,17453.99,34,39,54,21,118.85714285714286,101.96474647548278,3,6,0
2023-06-08,Children's,114,37962.0,102,108,82,63,108.57142857142856,99.0653944672524,3,6,0
2023-06-08,Chocolate,108,30886.61,90,89,93,111,113.14285714285714,97.0608547448943,3,6,0
2023-06-08,Coffee,77,20115.62,90,99,46,52,112.0,97.31563766082654,3,6,0
2023-06-08,Decorations,203,49592.7,206,146,248,169,94.71428571428572,53.760934657407326,3,6,0
2023-06-08,Dress,128,25223.56,97,74,133,110,98.57142857142856,52.64933409790015,3,6,0
2023-06-08,Fiction,268,64507.06,296,274,295,285,130.71428571428572,89.08556614423048,3,6,0
2023-06-08,Fridge,143,27447.34,201,137,72,134,154.57142857142858,80.84936021774722,3,6,0
2023-06-08,Furniture,174,49099.45,148,142,108,197,161.14285714285714,77.6711627556169,3,6,0
2023-06-08,Headphones,86,20744.03,93,108,111,97,161.57142857142858,77.22015527666588,3,6,0
2023-06-08,Jacket,54,10079.02,67,88,108,52,158.28571428571428,81.1618019467169,3,6,0
2023-06-08,Jeans,86,19517.21,75,148,103,56,139.57142857142858,83.39835558502155,3,6,0
2023-06-08,Juice,168,46546.87,234,206,168,154,159.14285714285714,87.70676251279713,3,6,0
2023-06-08,Kitchen,102,28581.94,71,95,98,93,127.0,68.26663411457533,3,6,0
2023-06-08,Laptop,116,36503.0,45,99,100,132,104.71428571428572,65.48973020180114,3,6,0
2023-06-08,Lighting,87,22790.25,104,77,47,64,98.42857142857144,62.69464927423219,3,6,0
2023-06-08,Literature,110,22885.59,102,86,96,145,99.71428571428572,62.65704080073283,3,6,0
2023-06-08,Mitsubishi 1.5 Ton 3 Star Split AC,95,25954.22,73,115,51,118,100.57142857142856,62.17410270859553,3,6,0
2023-06-08,Non-Fiction,269,65178.52,203,337,246,274,118.85714285714286,71.52022690919551,3,6,0
2023-06-08,Shirt,140,39877.46,106,80,95,81,100.57142857142856,50.42769458296025,3,6,0
2023-06-08,Shoes,133,36902.72,175,184,285,193,115.42857142857144,55.34394619967331,3,6,0
2023-06-08,Shorts,58,8803.18,89,103,66,93,121.71428571428572,48.02677824476038,3,6,0
2023-06-08,Smartphone,166,40568.26,206,234,243,249,136.28571428571428,56.48514343233454,3,6,0
2023-06-08,Snacks,53,14758.5,94,74,115,73,135.14285714285714,57.36848313440781,3,6,0
2023-06-08,Soft Drink,113,34530.24,192,308,194,160,152.14285714285714,53.37736277808087,3,6,0
2023-06-08,T-shirt,122,32542.53,158,157,171,162,145.71428571428572,48.73983410488199,3,6,0
2023-06-08,Tablet,181,45166.49,212,168,123,165,160.85714285714286,50.76885059242721,3,6,0
2023-06-08,Television,228,53552.51,173,229,232,228,160.57142857142858,50.68154543439904,3,6,0
2023-06-08,Thriller,76,16364.91,100,65,125,80,162.14285714285714,48.202450046405296,3,6,0
2023-06-08,Tools,143,33916.85,93,63,99,78,146.0,49.95664787259706,3,6,0
2023-06-08,Water,367,90222.19,385,498,357,336,187.57142857142856,97.71874119611046,3,6,0
2023-06-09,Bathroom,69,21510.42,94,101,90,77,173.57142857142858,103.8088903431962,4,6,0
2023-06-09,Bedding,72,13066.67,95,86,109,92,164.57142857142858,108.0290966095974,4,6,0
2023-06-09,BlueStar AC,28,6956.42,53,39,33,23,141.85714285714286,112.99620726884086,4,6,0
2023-06-09,Children's,69,15612.75,114,68,67,81,133.42857142857142,112.48534296054912,4,6,0
2023-06-09,Chocolate,58,17824.03,108,120,124,68,134.57142857142858,112.1291772062578,4,6,0
2023-06-09,Coffee,68,16467.79,77,94,166,76,132.28571428571428,113.27505504407434,4,6,0
2023-06-09,Decorations,221,58556.09,203,161,177,162,106.28571428571428,47.2430392958022,4,6,0
2023-06-09,Dress,87,25591.82,128,121,92,89,111.14285714285714,47.51641320438105,4,6,0
2023-06-09,Fiction,241,47994.83,268,228,293,280,135.85714285714286,74.84969065050417,4,6,0
2023-06-09,Fridge,94,27048.66,143,103,127,136,148.71428571428572,65.37510812155311,4,6,0
2023-06-09,Furniture,135,21959.79,174,197,143,199,157.28571428571428,63.983628858519495,4,6,0
2023-06-09,Headphones,94,24205.89,86,120,105,88,154.14285714285714,67.26422667715875,4,6,0
2023-06-09,Jacket,49,9347.7,54,98,83,126,150.85714285714286,72.05189928430887,4,6,0
2023-06-09,Jeans,102,20819.06,86,62,107,82,134.14285714285714,71.50857424446507,4,6,0
2023-06-09,Juice,213,48665.59,168,135,141,184,139.85714285714286,72.52684232160425,4,6,0
2023-06-09,Kitchen,145,29837.42,102,64,76,99,116.14285714285714,45.89273207320325,4,6,0
2023-06-09,Laptop,96,32733.66,116,86,104,93,112.28571428571428,44.36858605557975,4,6,0
2023-06-09,Lighting,116,26642.77,87,93,70,131,99.85714285714286,35.498490913598005,4,6,0
2023-06-09,Literature,72,18386.76,110,69,107,111,103.28571428571428,35.09375198765979,4,6,0
2023-06-09,Mitsubishi 1.5 Ton 3 Star Split AC,110,31934.23,95,70,80,119,109.14285714285714,28.251422214515333,4,6,0
2023-06-09,Non-Fiction,291,83361.53,269,314,221,308,135.28571428571428,64.57996150952252,4,6,0
2023-06-09,Shirt,92,27252.13,140,81,93,110,131.28571428571428,63.06534781667404,4,6,0
2023-06-09,Shoes,249,72648.23,133,174,247,232,135.71428571428572,61.74062489078601,4,6,0
2023-06-09,Shorts,103,36648.9,58,62,86,78,127.42857142857144,68.36387238607114,4,6,0
2023-06-09,Smartphone,249,66916.14,166,305,297,357,138.71428571428572,67.08629836689019,4,6,0
2023-06-09,Snacks,101,22760.53,53,79,99,111,130.57142857142858,74.23129875117161,4,6,0
2023-06-09,Soft Drink,157,46042.3,113,130,207,133,133.14285714285714,73.09680469858334,4,6,0
2023-06-09,T-shirt,138,39652.48,122,159,123,182,112.14285714285714,42.10870286701803,4,6,0
2023-06-09,Tablet,130,33103.26,181,139,151,229,118.0,48.92851929089988,4,6,0
2023-06-09,Television,187,48158.03,228,160,142,200,131.57142857142858,64.48477118115325,4,6,0
2023-06-09,Thriller,67,15555.36,76,103,125,87,134.14285714285714,61.3444606883363,4,6,0
2023-06-09,Tools,57,18572.52,143,80,67,128,130.85714285714286,59.9539505827278,4,6,0
2023-06-09,Water,516,137697.09,367,368,474,366,175.71428571428572,97.62464560023489,4,6,0
2023-06-10,Bathroom,87,19583.91,69,99,65,98,169.42857142857142,103.5710016411563,5,6,1
2023-06-10,Bedding,104,21519.03,72,98,104,63,162.28571428571428,108.9705071501984,5,6,1
2023-06-10,BlueStar AC,21,7161.01,28,33,14,49,140.42857142857142,119.43318514669907,5,6,1
2023-06-10,Children's,90,14455.37,69,127,103,116,117.71428571428572,115.04160737998836,5,6,1
2023-06-10,Chocolate,123,30464.38,58,78,48,71,115.14285714285714,116.3234407036811,5,6,1
2023-06-10,Coffee,68,17176.760000000002,68,74,32,94,104.42857142857144,116.78307118022568,5,6,1
2023-06-10,Decorations,190,52372.52,221,231,152,134,83.57142857142857,62.4896181853618,5,6,1
2023-06-10,Dress,59,14758.89,87,99,62,93,86.14285714285714,62.15954893505459,5,6,1
2023-06-10,Fiction,201,54216.25,241,320,315,294,110.28571428571428,84.54133956377818,5,6,1
2023-06-10,Fridge,149,42139.44,94,82,110,112,119.71428571428572,77.19610155466438,5,6,1
2023-06-10,Furniture,198,46705.69,135,171,165,151,129.14285714285714,73.93111336784735,5,6,1
2023-06-10,Headphones,110,31466.01,94,99,82,89,134.28571428571428,69.26209710395776,5,6,1
2023-06-10,Jacket,67,11897.03,49,76,115,79,131.57142857142858,72.58525365126874,5,6,1
2023-06-10,Jeans,95,25144.45,102,95,64,92,114.57142857142856,61.1905688344672,5,6,1
2023-06-10,Juice,231,72948.51000000001,213,115,190,231,132.57142857142858,69.67270422687561,5,6,1
2023-06-10,Kitchen,78,17932.49,145,85,83,93,118.85714285714286,51.97252021157736,5,6,1
2023-06-10,Laptop,58,11446.24,96,128,97,83,119.14285714285714,51.81836409172733,5,6,1
2023-06-10,Lighting,104,28489.22,116,93,88,71,116.42857142857144,51.344772998677,5,6,1
2023-06-10,Literature,117,30398.07,72,101,113,91,113.28571428571428,53.571492063454,5,6,1
2023-06-10,Mitsubishi 1.5 Ton 3 Star Split AC,78,21468.81,110,99,124,141,122.0,45.76388678131805,5,6,1
2023-06-10,Non-Fiction,216,51937.34,291,224,203,225,149.0,77.0540935533819,5,6,1
2023-06-10,Shirt,79,19068.69,92,60,97,90,131.71428571428572,73.80766510716488,5,6,1
2023-06-10,Shoes,130,33127.55,249,181,198,154,146.57142857142858,86.33241404180535,5,6,1
2023-06-10,Shorts,93,29643.08,103,82,110,54,147.57142857142858,85.68713855816233,5,6,1
2023-06-10,Smartphone,337,85213.6,249,231,191,273,166.57142857142858,92.03053323554671,5,6,1
2023-06-10,Snacks,57,16014.19,101,91,92,55,170.71428571428572,87.61033859409204,5,6,1
2023-06-10,Soft Drink,237,48469.04,157,149,183,198,177.42857142857142,83.90442408450471,5,6,1
2023-06-10,T-shirt,181,48708.26,138,168,132,205,155.57142857142858,67.76394602554066,5,6,1
2023-06-10,Tablet,190,46994.44,130,237,159,189,161.0,63.190189111918414,5,6,1
2023-06-10,Television,186,42719.41,187,222,200,250,152.14285714285714,52.18693505539668,5,6,1
2023-06-10,Thriller,57,17578.59,67,91,78,112,147.0,59.14671024945789,5,6,1
2023-06-10,Tools,75,20185.11,57,29,80,79,119.57142857142856,47.29290694828354,5,6,1
2023-06-10,Water,364,92241.5,516,301,333,286,178.85714285714286,155.7919858565995,5,6,1
2023-06-11,Bathroom,125,31425.02,87,81,104,66,168.85714285714286,159.62813930238892,6,6,1
2023-06-11,Bedding,58,16613.18,104,90,48,93,164.0,161.23275101541876,6,6,1
2023-06-11,BlueStar AC,26,5615.64,21,40,31,39,148.42857142857142,170.0841528409365,6,6,1
2023-06-11,Children's,63,22632.52,90,77,143,48,134.57142857142858,170.3690671677785,6,6,1
2023-06-11,Chocolate,59,10079.07,123,128,83,93,142.57142857142858,167.96513243612705,6,6,1
2023-06-11,Coffee,124,36112.65,68,107,74,48,144.14285714285714,167.08024875433216,6,6,1
2023-06-11,Decorations,107,24940.62,190,150,192,176,97.57142857142856,51.86153726625323,6,6,1
2023-06-11,Dress,139,31903.63,59,101,110,149,93.57142857142856,53.85430079655323,6,6,1
2023-06-11,Fiction,268,63140.57,201,233,246,295,107.42857142857144,67.68765801546827,6,6,1
2023-06-11,Fridge,101,26871.47,149,140,100,94,125.71428571428572,56.87329275302593,6,6,1
2023-06-11,Furniture,152,41188.72,198,120,216,172,141.14285714285714,60.12605805424833,6,6,1
2023-06-11,Headphones,92,25671.78,110,83,72,82,139.28571428571428,60.97462391769829,6,6,1
2023-06-11,Jacket,65,18323.99,67,79,107,78,139.14285714285714,61.17033205574011,6,6,1
2023-06-11,Jeans,113,32025.74,95,88,108,66,125.57142857142856,58.48605857483484,6,6,1
2023-06-11,Juice,166,39998.93,231,164,219,159,150.14285714285714,61.88814795373064,6,6,1
2023-06-11,Kitchen,86,20992.2,78,103,93,56,132.57142857142858,62.50028571363245,6,6,1
2023-06-11,Laptop,91,24311.68,58,100,111,81,119.57142857142856,67.75656706882616,6,6,1
2023-06-11,Lighting,96,22561.2,104,76,104,74,106.14285714285714,58.27357483293318,6,6,1
2023-06-11,Literature,98,33430.57,117,91,60,164,107.14285714285714,58.41069699814808,6,6,1
2023-06-11,Mitsubishi 1.5 Ton 3 Star Split AC,162,30271.84,78,91,98,35,108.71428571428572,57.28791113232097,6,6,1
2023-06-11,Non-Fiction,303,83566.95,216,242,247,286,126.0,69.42862041934363,6,6,1
2023-06-11,Shirt,64,18198.41,79,105,78,119,104.28571428571428,52.92357472719222,6,6,1
2023-06-11,Shoes,174,41727.77,130,184,181,195,111.71428571428572,52.2644375132018,6,6,1
2023-06-11,Shorts,81,25842.9,93,56,58,52,116.71428571428572,47.74834826362808,6,6,1
2023-06-11,Smartphone,265,67992.38,337,228,311,337,150.0,95.12097560475291,6,6,1
2023-06-11,Snacks,85,22766.41,57,93,90,84,141.42857142857142,101.10531991090131,6,6,1
2023-06-11,Soft Drink,158,38651.44,237,186,164,204,164.14285714285714,102.33348844412016,6,6,1
2023-06-11,T-shirt,135,32752.06,181,119,140,150,159.14285714285714,100.2104927497259,6,6,1
2023-06-11,Tablet,227,65129.21,190,225,224,166,175.0,94.00531899844832,6,6,1
2023-06-11,Television,245,57186.44,186,200,190,250,183.0,91.8966811152614,6,6,1
2023-06-11,Thriller,84,20191.79,57,101,112,121,177.85714285714286,98.54005711964496,6,6,1
2023-06-11,Tools,97,22317.62,75,117,86,75,140.42857142857142,74.95300114706792,6,6,1
2023-06-11,Water,369,87346.26,364,362,341,343,184.28571428571428,102.68676364834695,6,6,1
2023-06-12,Bathroom,105,28677.54,125,117,54,76,168.28571428571428,101.82618243149182,0,6,0
2023-06-12,Bedding,52,13415.18,58,76,62,128,150.71428571428572,109.58362755709187,0,6,0
2023-06-12,BlueStar AC,19,7598.519999999999,26,50,25,32,127.28571428571428,117.06083074725746,0,6,0
2023-06-12,Children's,68,10609.0,63,160,99,112,109.71428571428572,116.00533649465456,0,6,0
2023-06-12,Chocolate,101,28544.38,59,91,147,137,110.0,115.85623274846547,0,6,0
2023-06-12,Coffee,102,16426.88,124,143,134,87,117.0,114.86513831445966,0,6,0
2023-06-12,Decorations,129,31094.81,107,189,133,187,80.28571428571429,38.33933700397877,0,6,0
2023-06-12,Dress,101,29235.63,139,133,95,89,82.28571428571429,41.31066966984832,0,6,0
2023-06-12,Fiction,271,78917.52,268,304,360,325,112.28571428571428,79.41392465160861,0,6,0
2023-06-12,Fridge,126,26969.44,101,141,96,120,123.0,70.37755323965132,0,6,0
2023-06-12,Furniture,200,42911.19,152,156,199,203,135.71428571428572,65.60923279974705,0,6,0
2023-06-12,Headphones,60,17875.88,92,129,136,56,140.42857142857142,60.135561145512696,0,6,0
2023-06-12,Jacket,39,9281.84,65,104,83,81,132.0,66.6083077901446,0,6,0
2023-06-12,Jeans,75,16820.7,113,95,98,97,132.85714285714286,66.27072901220791,0,6,0
2023-06-12,Juice,203,49036.81,166,182,144,196,136.71428571428572,67.4628645644259,0,6,0
2023-06-12,Kitchen,65,12237.2,86,67,85,123,110.71428571428572,36.312138859772006,0,6,0
2023-06-12,Laptop,40,12628.13,91,108,128,154,109.28571428571428,36.94912847738129,0,6,0
2023-06-12,Lighting,45,8819.86,96,52,129,145,101.28571428571428,31.873260923612488,0,6,0
2023-06-12,Literature,121,35010.25,98,51,28,60,102.14285714285714,31.66190440381173,0,6,0
2023-06-12,Mitsubishi 1.5 Ton 3 Star Split AC,103,32809.53,162,84,108,85,116.0,33.84769809996849,0,6,0
2023-06-12,Non-Fiction,254,58304.01,303,303,302,265,143.14285714285714,78.18445832650828,0,6,0
2023-06-12,Shirt,69,24670.89,64,80,120,86,128.57142857142858,82.59511112016465,0,6,0
2023-06-12,Shoes,143,37364.25,174,147,148,206,141.14285714285714,81.72806244171076,0,6,0
2023-06-12,Shorts,87,26233.98,81,137,95,102,139.71428571428572,82.83057866455323,0,6,0
2023-06-12,Smartphone,185,50385.11,265,265,359,182,163.85714285714286,92.07864133704518,0,6,0
2023-06-12,Snacks,59,15534.52,85,52,121,59,162.0,93.7443331620638,0,6,0
2023-06-12,Soft Drink,238,58992.87,158,156,155,167,161.42857142857142,93.75652358255252,0,6,0
2023-06-12,T-shirt,209,47493.28,135,233,194,210,137.42857142857142,69.95917176672184,0,6,0
2023-06-12,Tablet,225,58427.48,227,121,128,176,160.71428571428572,68.55828247001311,0,6,0
2023-06-12,Television,170,44333.24,245,202,117,126,170.85714285714286,75.72852516594753,0,6,0
2023-06-12,Thriller,135,31617.54,84,72,103,135,171.28571428571428,75.14145390686902,0,6,0
2023-06-12,Tools,122,32506.370000000003,97,58,77,53,147.28571428571428,66.56003376830638,0,6,0
2023-06-12,Water,328,76903.76,369,333,339,425,187.8571428571429,100.2803213853192,0,6,0
2023-06-13,Bathroom,62,10299.05,105,83,64,74,180.28571428571428,104.80889638720944,1,6,0
2023-06-13,Bedding,93,24726.38,52,137,65,131,168.42857142857142,114.98674871893893,1,6,0
2023-06-13,BlueStar AC,26,7631.12,19,35,30,37,138.71428571428572,123.86109731700026,1,6,0
2023-06-13,Children's,77,17186.14,68,75,80,80,113.42857142857144,116.38851195150517,1,6,0
2023-06-13,Chocolate,49,16497.04,101,48,110,49,115.85714285714286,115.8482176117072,1,6,0
2023-06-13,Coffee,83,20635.74,102,109,109,50,116.57142857142856,115.7279239464371,1,6,0
2023-06-13,Decorations,151,41540.21,129,192,141,167,82.28571428571429,37.778804841312684,1,6,0
2023-06-13,Dress,86,25112.36,101,44,100,111,81.71428571428571,37.406391101494805,1,6,0
2023-06-13,Fiction,261,72164.35,271,278,279,228,113.0,77.98504130066615,1,6,0
2023-06-13,Fridge,173,39673.72,126,154,146,78,128.28571428571428,66.06490315266791,1,6,0
2023-06-13,Furniture,139,32576.78,200,195,139,170,147.14285714285714,64.816223718625,1,6,0
2023-06-13,Headphones,58,18765.7,60,86,95,100,141.28571428571428,71.21730661787724,1,6,0
2023-06-13,Jacket,74,13878.12,39,78,93,86,132.28571428571428,80.3984126827435,1,6,0
2023-06-13,Jeans,58,16254.47,75,76,109,39,124.57142857142856,83.30437592119037,1,6,0
2023-06-13,Juice,194,39240.54,203,165,185,178,139.14285714285714,87.31824660674404,1,6,0
2023-06-13,Kitchen,76,21433.59,65,72,81,98,109.71428571428572,68.06299602993805,1,6,0
2023-06-13,Laptop,99,26890.41,40,53,74,31,97.42857142857144,72.26538392816876,1,6,0
2023-06-13,Lighting,103,18946.2,45,65,50,127,75.28571428571429,57.92153970592155,1,6,0
2023-06-13,Literature,118,29167.02,121,84,131,52,84.0,59.79687840235948,1,6,0
2023-06-13,Mitsubishi 1.5 Ton 3 Star Split AC,104,29179.86,103,134,92,122,93.14285714285714,56.57569728964403,1,6,0
2023-06-13,Non-Fiction,251,59510.2,254,307,244,264,118.71428571428572,81.8264714415291,1,6,0
2023-06-13,Shirt,78,24523.32,69,117,81,110,99.57142857142856,74.13469080634451,1,6,0
2023-06-13,Shoes,172,42679.36,143,190,186,130,110.71428571428572,73.93401176209791,1,6,0
2023-06-13,Shorts,100,24947.2,87,57,68,103,117.42857142857144,68.36631027744826,1,6,0
2023-06-13,Smartphone,242,58974.83,185,266,213,278,137.42857142857142,63.98400097643439,1,6,0
2023-06-13,Snacks,77,22683.78,59,96,77,130,128.57142857142858,70.58766923209046,1,6,0
2023-06-13,Soft Drink,165,38901.34,238,231,113,155,147.85714285714286,80.22141977350053,1,6,0
2023-06-13,T-shirt,176,50220.16,209,179,130,228,141.42857142857142,71.6422992904264,1,6,0
2023-06-13,Tablet,213,43589.72,225,192,145,177,163.71428571428572,69.59098190070878,1,6,0
2023-06-13,Television,175,41065.990000000005,170,174,190,239,167.57142857142858,68.99723942027731,1,6,0
2023-06-13,Thriller,80,19377.89,135,58,29,93,174.42857142857142,61.64916096443713,1,6,0
2023-06-13,Tools,66,14442.09,122,98,96,45,165.42857142857142,64.38648187018038,1,6,0
2023-06-13,Water,422,98906.32,328,327,344,304,203.8571428571429,70.28377852541509,1,6,0
2023-06-14,Bathroom,98,25226.13,62,70,106,104,178.71428571428572,85.80154288767073,2,6,0
2023-06-14,Bedding,109,32097.91,93,71,116,95,162.14285714285714,90.07298627858891,2,6,0
2023-06-14,BlueStar AC,48,13246.81,26,34,43,29,133.71428571428572,97.9842066963076,2,6,0
2023-06-14,Children's,69,15121.38,77,102,72,99,120.42857142857144,98.54754714156512,2,6,0
2023-06-14,Chocolate,78,24518.1,49,90,136,86,108.14285714285714,101.7372900684706,2,6,0
2023-06-14,Coffee,98,32756.31,83,90,74,38,102.57142857142856,101.9196695815826,2,6,0
2023-06-14,Decorations,158,40410.97,151,206,169,216,77.28571428571429,39.53359029868973,2,6,0
2023-06-14,Dress,121,27585.98,86,97,95,107,80.71428571428571,39.02441238384839,2,6,0
2023-06-14,Fiction,232,65491.75,261,296,195,275,104.71428571428572,79.01205453539791,2,6,0
2023-06-14,Fridge,114,27276.24,173,201,83,91,125.71428571428572,73.9790832729409,2,6,0
2023-06-14,Furniture,153,48113.86,139,148,272,151,134.57142857142858,70.81868195812237,2,6,0
2023-06-14,Headphones,44,12547.04,58,93,82,84,135.85714285714286,69.06622081121012,2,6,0
2023-06-14,Jacket,137,37576.35,74,67,68,124,134.57142857142858,70.28716607095272,2,6,0
2023-06-14,Jeans,82,26326.11,58,75,86,113,121.28571428571428,75.27663268618878,2,6,0
2023-06-14,Juice,135,41554.9,194,234,158,178,136.71428571428572,77.86251619727817,2,6,0
2023-06-14,Kitchen,86,20895.88,76,71,127,78,110.28571428571428,57.33734758925782,2,6,0
2023-06-14,Laptop,95,16381.76,99,45,83,73,99.71428571428572,50.22852538055131,2,6,0
2023-06-14,Lighting,110,28329.15,103,104,46,65,94.57142857142856,47.292906948283125,2,6,0
2023-06-14,Literature,66,20012.85,118,102,55,62,103.14285714285714,44.93858242619721,2,6,0
2023-06-14,Mitsubishi 1.5 Ton 3 Star Split AC,119,32949.62,104,73,77,98,107.42857142857144,43.08850249914684,2,6,0
2023-06-14,Non-Fiction,307,89942.64,251,203,283,325,135.0,63.22973983814873,2,6,0
2023-06-14,Shirt,110,27775.97,78,106,43,110,118.42857142857144,60.32372983289687,2,6,0
2023-06-14,Shoes,151,47588.4,172,175,219,235,132.14285714285714,59.98174325417271,2,6,0
2023-06-14,Shorts,79,18840.92,100,89,89,111,132.28571428571428,59.89077359581133,2,6,0
2023-06-14,Smartphone,299,75182.25,242,206,255,263,152.14285714285714,70.6409432067753,2,6,0
2023-06-14,Snacks,58,18146.67,77,94,111,80,146.28571428571428,75.47784285407705,2,6,0
2023-06-14,Soft Drink,197,50820.57,165,192,203,158,155.0,73.27118578722926,2,6,0
2023-06-14,T-shirt,180,51100.59,176,158,181,160,144.28571428571428,61.41854846248062,2,6,0
2023-06-14,Tablet,188,41552.5,213,212,204,143,163.57142857142858,58.24905476445425,2,6,0
2023-06-14,Television,177,42066.12,175,173,93,182,164.0,58.33238094460638,2,6,0
2023-06-14,Thriller,38,6164.93,80,100,79,81,161.14285714285714,62.34160882168664,2,6,0
2023-06-14,Tools,77,20008.11,66,93,57,70,136.0,59.732738092272086,2,6,0
2023-06-14,Water,282,62797.5,422,385,447,292,185.28571428571428,117.4162315379414,2,6,0
2023-06-15,Bathroom,121,30494.57,98,94,58,109,175.71428571428572,121.987313938396,3,6,0
2023-06-15,Bedding,88,24437.54,109,95,44,120,166.14285714285714,124.56247237354248,3,6,0
2023-06-15,BlueStar AC,52,11012.12,48,53,39,25,142.57142857142858,129.72259780374569,3,6,0
2023-06-15,Children's,171,50918.28,69,114,108,88,127.42857142857144,131.48112303401456,3,6,0
2023-06-15,Chocolate,93,15504.92,78,108,89,45,127.14285714285714,131.60348092081816,3,6,0
2023-06-15,Coffee,143,41036.42,98,77,99,85,131.71428571428572,129.66715632175865,3,6,0
2023-06-15,Decorations,118,36154.55,158,203,146,116,94.0,34.999999999998785,3,6,0
2023-06-15,Dress,144,39641.61,121,128,74,70,97.28571428571428,36.486135657781226,3,6,0
2023-06-15,Fiction,275,78677.75,232,268,274,177,114.85714285714286,63.03022706455584,3,6,0
2023-06-15,Fridge,100,23069.39,114,143,137,92,124.28571428571428,55.89488433871254,3,6,0
2023-06-15,Furniture,136,29211.33,153,174,142,178,136.28571428571428,50.83540198757228,3,6,0
2023-06-15,Headphones,89,22578.22,44,86,108,47,131.42857142857142,58.39479755040124,3,6,0
2023-06-15,Jacket,74,18282.76,137,54,88,56,137.0,56.50368719532063,3,6,0
2023-06-15,Jeans,85,21277.67,82,86,148,97,126.14285714285714,59.04074460751222,3,6,0
2023-06-15,Juice,179,44195.17,135,168,206,201,128.14285714285714,59.07460980666301,3,6,0
2023-06-15,Kitchen,61,18493.76,86,102,95,48,107.28571428571428,38.47819419582165,3,6,0
2023-06-15,Laptop,108,24407.03,95,116,99,109,104.57142857142856,38.59558326569218,3,6,0
2023-06-15,Lighting,50,14936.58,110,87,77,65,98.42857142857144,32.55179023677453,3,6,0
2023-06-15,Literature,79,22218.72,66,110,86,129,101.57142857142856,27.01146141212974,3,6,0
2023-06-15,Mitsubishi 1.5 Ton 3 Star Split AC,114,31724.45,119,95,115,117,99.0,23.73464415855557,3,6,0
2023-06-15,Non-Fiction,302,80705.32,307,269,337,347,131.14285714285714,80.74946557393525,3,6,0
2023-06-15,Shirt,102,21058.21,110,140,80,82,127.57142857142856,81.10252183267181,3,6,0
2023-06-15,Shoes,145,26625.91,151,133,184,191,136.85714285714286,79.2494554585466,3,6,0
2023-06-15,Shorts,55,13963.15,79,58,103,76,134.57142857142858,80.87203295506849,3,6,0
2023-06-15,Smartphone,308,69905.36,299,166,234,323,161.57142857142858,100.47529902560989,3,6,0
2023-06-15,Snacks,89,23183.44,58,53,74,90,160.42857142857142,101.78057631142455,3,6,0
2023-06-15,Soft Drink,189,47258.29,197,113,308,148,171.57142857142858,100.75358908885448,3,6,0
2023-06-15,T-shirt,145,44054.98,180,122,157,222,153.42857142857142,81.98954637199617,3,6,0
2023-06-15,Tablet,200,58245.52,188,181,168,196,164.57142857142858,80.38834314927585,3,6,0
2023-06-15,Television,139,30994.79,177,228,229,188,168.28571428571428,80.25732424668861,3,6,0
2023-06-15,Thriller,83,23084.72,38,76,65,96,162.42857142857142,88.89105156099266,3,6,0
2023-06-15,Tools,58,11062.93,77,143,63,62,130.71428571428572,69.54066984078256,3,6,0
2023-06-15,Water,326,83461.23,282,367,498,323,162.71428571428572,81.08373097342917,3,6,0
2023-06-16,Bathroom,134,37468.32,121,69,101,76,151.85714285714286,80.81548649326348,4,6,0
2023-06-16,Bedding,79,17605.92,88,72,86,129,138.71428571428572,82.92911488276037,4,6,0
2023-06-16,BlueStar AC,38,9025.48,52,28,39,29,119.28571428571428,85.35360622280726,4,6,0
2023-06-16,Children's,128,38721.66,171,69,68,55,118.42857142857144,84.70509064366985,4,6,0
2023-06-16,Chocolate,117,27138.13,93,58,120,71,126.28571428571428,78.31073635569636,4,6,0
2023-06-16,Coffee,61,13989.44,143,68,94,116,135.71428571428572,75.30319666900867,4,6,0
2023-06-16,Decorations,248,66965.06999999999,118,221,161,174,112.28571428571428,38.93462163556618,4,6,0
2023-06-16,Dress,85,21108.25,144,87,121,82,115.57142857142856,40.72205439667374,4,6,0
2023-06-16,Fiction,237,58541.12,275,241,228,293,142.28571428571428,70.25124977705433,4,6,0
2023-06-16,Fridge,129,39204.5,100,94,103,95,149.14285714285714,61.804607626046085,4,6,0
2023-06-16,Furniture,174,51037.11,136,135,197,189,144.14285714285714,61.15398207647239,4,6,0
2023-06-16,Headphones,57,16859.04,89,94,120,68,143.57142857142858,61.72751181025926,4,6,0
2023-06-16,Jacket,148,38359.64,74,49,98,83,133.71428571428572,67.10865390224569,4,6,0
2023-06-16,Jeans,124,30127.61,85,102,62,91,129.0,69.51258878793078,4,6,0
2023-06-16,Juice,235,52003.54,179,213,135,198,134.0,71.98610977126052,4,6,0
2023-06-16,Kitchen,89,27549.19,61,145,64,58,103.42857142857144,40.820163084995606,4,6,0
2023-06-16,Laptop,88,24692.87,108,96,86,66,104.57142857142856,40.82016308499562,4,6,0
2023-06-16,Lighting,43,14950.35,50,116,93,93,92.28571428571428,42.68377633134947,4,6,0
2023-06-16,Literature,128,27782.82,79,72,69,68,90.85714285714286,42.978399890442205,4,6,0
2023-06-16,Mitsubishi 1.5 Ton 3 Star Split AC,89,29478.28,114,110,70,85,96.57142857142856,43.02269611440332,4,6,0
2023-06-16,Non-Fiction,189,43858.81,302,291,314,228,127.57142857142856,87.98268227868675,4,6,0
2023-06-16,Shirt,101,19618.61,102,92,81,88,116.57142857142856,85.25228666113493,4,6,0
2023-06-16,Shoes,152,40149.48,145,249,174,136,128.57142857142858,81.97531568071173,4,6,0
2023-06-16,Shorts,95,29282.6,55,103,62,112,121.0,86.51396804370157,4,6,0
2023-06-16,Smartphone,229,64839.54,308,249,305,243,157.85714285714286,104.34466696391112,4,6,0
2023-06-16,Snacks,84,19721.6,89,101,79,101,159.28571428571428,103.14668242477846,4,6,0
2023-06-16,Soft Drink,198,55107.18,189,157,130,206,170.0,101.54145294738836,4,6,0
2023-06-16,T-shirt,186,50903.46,145,138,159,177,147.57142857142858,83.2102901145788,4,6,0
2023-06-16,Tablet,209,51222.96,200,130,139,169,161.57142857142858,82.50627681749869,4,6,0
2023-06-16,Television,197,51464.28,139,187,160,168,160.71428571428572,82.73796848225992,4,6,0
2023-06-16,Thriller,106,29805.52,83,67,103,66,164.71428571428572,77.2716297350119,4,6,0
2023-06-16,Tools,52,16479.77,58,57,80,63,129.0,54.39669107583627,4,6,0
2023-06-16,Water,369,108564.28,326,516,368,339,162.85714285714286,88.4485322497941,4,6,0
2023-06-17,Bathroom,93,32871.72,134,87,99,82,155.0,88.18163074019441,5,6,1
2023-06-17,Bedding,60,13584.63,79,104,98,144,145.57142857142858,92.834722568044,5,6,1
2023-06-17,BlueStar AC,46,11338.2,38,21,33,40,122.42857142857144,97.09936000966056,5,6,1
2023-06-17,Children's,84,18395.49,128,90,127,107,120.85714285714286,96.87522657423555,5,6,1
2023-06-17,Chocolate,80,25143.89,117,123,78,102,125.71428571428572,95.50342801127466,5,6,1
2023-06-17,Coffee,119,36374.45,61,68,74,85,126.14285714285714,95.15501137867702,5,6,1
2023-06-17,Decorations,116,34310.42,248,190,231,197,115.0,68.75560583205764,5,6,1
2023-06-17,Dress,98,21909.24,85,59,99,78,108.0,68.99275324264089,5,6,1
2023-06-17,Fiction,263,74507.27,237,201,320,285,130.57142857142858,82.45576014416667,5,6,1
2023-06-17,Fridge,147,37645.72,129,149,82,82,143.57142857142858,71.93019102541273,5,6,1
2023-06-17,Furniture,137,26877.91,174,198,171,120,150.14285714285714,72.37040963319319,5,6,1
2023-06-17,Headphones,95,25464.89,57,110,99,62,141.57142857142858,80.091316930233,5,6,1
2023-06-17,Jacket,71,20875.94,148,67,76,61,154.0,71.82849945065907,5,6,1
2023-06-17,Jeans,50,15329.86,124,95,95,85,136.28571428571428,58.91155598497973,5,6,1
2023-06-17,Juice,174,43377.79,235,231,115,146,157.71428571428572,64.1916772531411,5,6,1
2023-06-17,Kitchen,83,21185.78,89,78,85,70,136.57142857142858,57.77789987777064,5,6,1
2023-06-17,Laptop,81,21591.57,88,58,128,46,130.71428571428572,60.67870105650521,5,6,1
2023-06-17,Lighting,138,36464.26,43,104,93,71,112.0,65.14087298565528,5,6,1
2023-06-17,Literature,44,7520.2,128,117,101,77,122.14285714285714,60.51288725395176,5,6,1
2023-06-17,Mitsubishi 1.5 Ton 3 Star Split AC,64,16423.08,89,78,99,126,113.71428571428572,60.41995885939819,5,6,1
2023-06-17,Non-Fiction,212,53036.22,189,216,224,266,123.0,66.91038783328007,5,6,1
2023-06-17,Shirt,78,17144.27,101,79,60,87,103.85714285714286,45.160560121372704,5,6,1
2023-06-17,Shoes,120,30459.73,152,130,181,190,112.85714285714286,47.90069091856745,5,6,1
2023-06-17,Shorts,87,26026.56,95,93,82,87,113.85714285714286,47.36534799276927,5,6,1
2023-06-17,Smartphone,186,37938.95,229,337,231,243,140.42857142857142,52.84523675430952,5,6,1
2023-06-17,Snacks,80,19088.49,84,57,91,80,134.14285714285714,57.021716832064605,5,6,1
2023-06-17,Soft Drink,193,51612.33,198,237,149,125,149.71428571428572,57.52018279327195,5,6,1
2023-06-17,T-shirt,147,34381.37,186,181,168,130,149.28571428571428,57.18891001384288,5,6,1
2023-06-17,Tablet,174,44294.04,209,190,237,115,164.71428571428572,56.555914178549344,5,6,1
2023-06-17,Television,170,36485.48,197,186,222,176,171.14285714285714,57.42075284374872,5,6,1
2023-06-17,Thriller,63,12229.74,106,57,91,83,172.71428571428572,55.09299497429883,5,6,1
2023-06-17,Tools,118,32170.17,52,75,29,121,147.42857142857142,64.72984150260501,5,6,1
2023-06-17,Water,478,132961.26,369,364,301,327,188.14285714285717,98.83222917555572,5,6,1
2023-06-18,Bathroom,132,33467.07,93,125,81,57,173.14285714285714,104.87044161158828,6,6,1
2023-06-18,Bedding,109,25724.73,60,58,90,56,155.14285714285714,112.80872982092087,6,6,1
2023-06-18,BlueStar AC,28,9937.5,46,26,40,26,131.85714285714286,116.59821120901822,6,6,1
2023-06-18,Children's,64,21091.55,84,63,77,77,115.71428571428572,113.86646314245196,6,6,1
2023-06-18,Chocolate,99,23006.62,80,59,128,113,112.0,114.65746087077488,6,6,1
2023-06-18,Coffee,60,14513.45,119,124,107,120,121.57142857142856,111.56889820921867,6,6,1
2023-06-18,Decorations,180,38838.46,116,107,150,185,85.42857142857143,26.931129094147053,6,6,1
2023-06-18,Dress,73,14844.48,98,139,101,108,86.14285714285714,27.23006041998605,6,6,1
2023-06-18,Fiction,215,48773.35,263,268,233,279,115.14285714285714,69.70994326834682,6,6,1
2023-06-18,Fridge,191,38917.49,147,101,140,80,129.57142857142858,63.15815371709611,6,6,1
2023-06-18,Furniture,194,48516.54,137,152,120,166,137.14285714285714,59.87606247193304,6,6,1
2023-06-18,Headphones,111,25598.82,95,92,83,92,139.28571428571428,57.71976635929327,6,6,1
2023-06-18,Jacket,59,14711.17,71,65,79,89,132.42857142857142,63.129119384683946,6,6,1
2023-06-18,Jeans,112,20427.06,50,113,88,117,123.0,70.49113419430809,6,6,1
2023-06-18,Juice,188,51548.42,174,166,164,148,133.85714285714286,71.83877451494764,6,6,1
2023-06-18,Kitchen,90,23092.050000000003,83,86,103,42,108.14285714285714,45.17531985287379,6,6,1
2023-06-18,Laptop,67,17820.77,81,91,100,112,98.71428571428572,42.52338292325776,6,6,1
2023-06-18,Lighting,105,29476.24,138,96,76,117,98.85714285714286,42.67485040562851,6,6,1
2023-06-18,Literature,100,23948.39,44,98,91,87,91.57142857142856,47.52142374009452,6,6,1
2023-06-18,Mitsubishi 1.5 Ton 3 Star Split AC,105,22070.31,64,162,91,55,90.57142857142856,48.09662892849786,6,6,1
2023-06-18,Non-Fiction,355,81262.65,212,303,242,230,113.71428571428572,62.22195294726263,6,6,1
2023-06-18,Shirt,73,16561.92,78,64,105,103,100.0,57.0876519047676,6,6,1
2023-06-18,Shoes,146,35535.41,120,174,184,130,105.28571428571428,56.964065531742776,6,6,1
2023-06-18,Shorts,100,22223.77,87,81,56,79,106.14285714285714,56.58158879420155,6,6,1
2023-06-18,Smartphone,208,52040.53,186,265,228,223,113.0,63.56361642742858,6,6,1
2023-06-18,Snacks,92,26276.75,80,85,93,65,118.14285714285714,58.287873442733634,6,6,1
2023-06-18,Soft Drink,142,36580.19,193,158,186,190,136.57142857142858,58.70791298980927,6,6,1
2023-06-18,T-shirt,211,49477.95,147,135,119,147,127.28571428571428,49.15185410444572,6,6,1
2023-06-18,Tablet,276,69882.33,174,227,225,147,141.0,46.4255676684013,6,6,1
2023-06-18,Television,236,48627.18,170,245,200,189,148.14285714285714,46.50243209205488,6,6,1
2023-06-18,Thriller,109,27206.8,63,84,101,83,144.71428571428572,52.28675512885401,6,6,1
2023-06-18,Tools,93,23636.89,118,97,117,66,135.0,49.5849439514318,6,6,1
2023-06-18,Water,402,107227.24,478,369,362,349,191.8571428571429,133.38344296479568,6,6,1
2023-06-19,Bathroom,79,21442.12,132,105,117,45,183.14285714285717,135.27555651512296,0,6,0
2023-06-19,Bedding,75,19058.72,109,52,76,75,177.71428571428572,137.70828380519254,0,6,0
2023-06-19,BlueStar AC,42,11513.36,28,19,50,46,156.85714285714286,148.96132447879276,0,6,0
2023-06-19,Children's,84,18541.44,64,68,160,81,141.71428571428572,152.7423912842734,0,6,0
2023-06-19,Chocolate,154,28620.12,99,101,91,147,146.85714285714286,150.23584633438688,0,6,0
2023-06-19,Coffee,94,20468.87,60,102,143,108,138.57142857142858,153.6531344108726,0,6,0
2023-06-19,Decorations,184,43706.41,180,129,189,149,96.0,50.78385570237762,0,6,0
2023-06-19,Dress,69,16586.9,73,101,133,69,87.57142857142857,48.66503585003935,0,6,0
2023-06-19,Fiction,213,51691.33,215,271,304,191,102.71428571428572,68.77914966449752,0,6,0
2023-06-19,Fridge,97,27930.84,191,126,141,94,126.0,66.83312551921107,0,6,0
2023-06-19,Furniture,128,32363.08,194,200,156,157,144.57142857142858,64.76330530698456,0,6,0
2023-06-19,Headphones,124,30290.95,111,60,129,81,146.28571428571428,63.50253088319717,0,6,0
2023-06-19,Jacket,125,29179.92,59,39,104,105,146.14285714285714,63.72971199115977,0,6,0
2023-06-19,Jeans,95,18976.57,112,75,95,81,136.42857142857142,62.88576188310845,0,6,0
2023-06-19,Juice,254,65490.94,188,203,182,156,152.85714285714286,58.41640343667336,0,6,0
2023-06-19,Kitchen,71,20264.28,90,65,67,39,135.0,55.27506972707768,0,6,0
2023-06-19,Laptop,115,23046.77,67,40,108,74,117.28571428571428,54.19629226467467,0,6,0
2023-06-19,Lighting,70,15584.36,105,45,52,71,104.57142857142856,42.3432684254806,0,6,0
2023-06-19,Literature,69,15794.04,100,121,51,98,103.0,42.268979957725335,0,6,0
2023-06-19,Mitsubishi 1.5 Ton 3 Star Split AC,91,21493.01,105,103,84,86,109.57142857142856,37.606990231679575,0,6,0
2023-06-19,Non-Fiction,200,55669.49,355,254,303,205,144.28571428571428,100.2325866600848,0,6,0
2023-06-19,Shirt,81,19337.72,73,69,80,95,127.85714285714286,101.29236327158536,0,6,0
2023-06-19,Shoes,150,49978.74,146,143,147,207,135.85714285714286,100.0073806800086,0,6,0
2023-06-19,Shorts,78,19787.3,100,87,137,125,140.57142857142858,96.95163251652352,0,6,0
2023-06-19,Smartphone,238,63463.06,208,185,265,321,155.28571428571428,98.45762927221412,0,6,0
2023-06-19,Snacks,91,20102.73,92,59,52,62,154.14285714285714,99.24956519036336,0,6,0
2023-06-19,Soft Drink,199,53730.94,142,238,156,174,159.42857142857142,97.1594173559742,0,6,0
2023-06-19,T-shirt,286,75638.67,211,209,233,124,138.85714285714286,54.907281154774864,0,6,0
2023-06-19,Tablet,187,44834.01,276,225,121,174,167.85714285714286,66.6744043128711,0,6,0
2023-06-19,Television,165,39156.08,236,170,202,186,180.7142857142857,70.33423605830092,0,6,0
2023-06-19,Thriller,117,31503.08,109,135,72,111,182.0,68.67556576638717,0,6,0
2023-06-19,Tools,67,12495.75,93,122,58,100,165.57142857142858,74.89293945995438,0,6,0
2023-06-19,Water,287,68091.42,402,328,333,304,209.8571428571429,108.32886437668834,0,6,0
2023-06-20,Bathroom,61,14721.83,79,62,83,117,200.8571428571429,117.16289027308486,1,6,0
2023-06-20,Bedding,72,19038.19,75,93,137,113,181.42857142857144,126.13333836705934,1,6,0
2023-06-20,BlueStar AC,42,11722.66,42,26,35,11,148.0,127.88797180866275,1,6,0
2023-06-20,Children's,140,31546.94,84,77,75,123,126.28571428571428,123.27707854762802,1,6,0
2023-06-20,Chocolate,69,17441.02,154,49,48,206,132.71428571428572,123.39869567883632,1,6,0
2023-06-20,Coffee,100,26654.58,94,83,109,86,132.85714285714286,123.3456235832582,1,6,0
2023-06-20,Decorations,124,29648.31,184,151,192,236,101.71428571428572,49.45271912212048,1,6,0
2023-06-20,Dress,69,18646.71,69,86,44,70,100.28571428571428,50.35445788181359,1,6,0
2023-06-20,Fiction,247,62673.36,213,261,278,292,120.0,63.97655820689278,1,6,0
2023-06-20,Fridge,155,35359.12,97,173,154,80,127.85714285714286,55.63400809884912,1,6,0
2023-06-20,Furniture,178,35422.28,128,139,195,189,134.14285714285714,52.2348177988222,1,6,0
2023-06-20,Headphones,76,20697.22,124,58,86,52,129.85714285714286,51.56041301692749,1,6,0
2023-06-20,Jacket,143,37444.55,125,74,78,74,134.28571428571428,49.24670644051293,1,6,0
2023-06-20,Jeans,83,20989.48,95,58,76,170,121.57142857142856,45.62841637567891,1,6,0
2023-06-20,Juice,153,38125.57,254,194,165,200,148.0,61.06826781015912,1,6,0
2023-06-20,Kitchen,99,22774.94,71,76,72,77,127.71428571428572,59.44104722528066,1,6,0
2023-06-20,Laptop,94,21870.59,115,99,53,92,130.28571428571428,58.268671644701584,1,6,0
2023-06-20,Lighting,107,17106.69,70,103,65,72,122.0,62.60990336999365,1,6,0
2023-06-20,Literature,113,26638.97,69,118,84,60,114.14285714285714,65.69228410152992,1,6,0
2023-06-20,Mitsubishi 1.5 Ton 3 Star Split AC,118,30863.06,91,104,134,80,109.28571428571428,66.01190368843599,1,6,0
2023-06-20,Non-Fiction,299,78784.22,200,251,307,209,124.28571428571428,73.7059795984788,1,6,0
2023-06-20,Shirt,47,14503.21,81,78,117,81,99.57142857142856,47.2011904611768,1,6,0
2023-06-20,Shoes,188,50705.47,150,172,190,188,110.85714285714286,48.65329235666156,1,6,0
2023-06-20,Shorts,104,34162.89,78,100,57,82,105.57142857142856,50.11605578673329,1,6,0
2023-06-20,Smartphone,293,74951.08,238,242,266,220,129.57142857142858,67.46568792815353,1,6,0
2023-06-20,Snacks,90,27195.18,91,77,96,119,132.71428571428572,64.62639885195048,1,6,0
2023-06-20,Soft Drink,250,64953.56,199,165,231,137,148.14285714285714,65.8873497504858,1,6,0
2023-06-20,T-shirt,204,53588.17,286,176,179,154,160.42857142857142,82.97159582824544,1,6,0
2023-06-20,Tablet,165,44612.35,187,213,192,177,175.57142857142858,75.38535919495514,1,6,0
2023-06-20,Television,123,26909.79,165,175,174,200,177.71428571428572,74.74783003698586,1,6,0
2023-06-20,Thriller,107,23595.36,117,80,58,100,183.28571428571428,67.14341438471932,1,6,0
2023-06-20,Tools,47,12042.75,67,66,98,91,158.85714285714286,74.61105497049029,1,6,0
2023-06-20,Water,381,94927.99,287,422,327,372,186.8571428571429,81.3724535114693,1,6,0
2023-06-21,Bathroom,53,11155.83,61,98,70,50,167.14285714285714,93.72020161350594,2,6,0
2023-06-21,Bedding,53,13753.85,72,109,71,98,136.57142857142858,82.74832756186481,2,6,0
2023-06-21,BlueStar AC,41,8218.82,42,48,34,42,115.85714285714286,86.10154580770381,2,6,0
2023-06-21,Children's,133,36339.87,140,69,102,39,112.28571428571428,84.22136365102395,2,6,0
2023-06-21,Chocolate,90,23954.57,69,78,90,99,105.42857142857144,85.71436507932782,2,6,0
2023-06-21,Coffee,74,17040.59,100,98,90,70,110.14285714285714,84.14160400069304,2,6,0
2023-06-21,Decorations,218,54484.83,124,158,206,172,86.85714285714286,35.58290119063842,2,6,0
2023-06-21,Dress,103,26410.07,69,121,97,107,88.0,34.73230964582135,2,6,0
2023-06-21,Fiction,213,50237.58,247,232,296,340,113.0,68.17624219623667,2,6,0
2023-06-21,Fridge,90,18912.2,155,114,201,68,129.14285714285714,61.62637036049966,2,6,0
2023-06-21,Furniture,256,62052.65,178,153,148,149,134.57142857142858,64.35541195283427,2,6,0
2023-06-21,Headphones,79,15082.29,76,44,93,86,135.57142857142858,63.21090924531149,2,6,0
2023-06-21,Jacket,118,36728.73,143,137,67,76,141.71428571428572,61.23646594885053,2,6,0
2023-06-21,Jeans,98,21696.58,83,82,75,68,135.85714285714286,65.0549218517924,2,6,0
2023-06-21,Juice,139,39849.11,153,135,234,165,147.85714285714286,58.03570329670207,2,6,0
2023-06-21,Kitchen,115,28110.69,99,86,71,87,126.71428571428572,40.07790033469866,2,6,0
2023-06-21,Laptop,52,13017.92,94,95,45,110,118.0,39.53057888099536,2,6,0
2023-06-21,Lighting,110,30098.19,107,110,104,92,107.85714285714286,29.373619521765384,2,6,0
2023-06-21,Literature,100,26897.47,113,66,102,76,113.14285714285714,25.796825201487717,2,6,0
2023-06-21,Mitsubishi 1.5 Ton 3 Star Split AC,135,37212.93,118,119,73,158,109.57142857142856,22.49338527105905,2,6,0
2023-06-21,Non-Fiction,274,60079.87,299,307,203,335,140.42857142857142,72.51173960782037,2,6,0
2023-06-21,Shirt,46,10456.36,47,110,106,112,125.28571428571428,80.11806763711105,2,6,0
2023-06-21,Shoes,150,31680.29,188,151,175,217,138.0,82.28406082994827,2,6,0
2023-06-21,Shorts,52,12684.91,104,79,89,95,139.42857142857142,81.47567559882937,2,6,0
2023-06-21,Smartphone,200,58159.99,293,299,206,290,166.0,97.82637681116483,2,6,0
2023-06-21,Snacks,102,29449.52,90,58,94,51,162.71428571428572,100.25918791764056,2,6,0
2023-06-21,Soft Drink,199,48637.97,250,197,192,197,181.57142857142856,102.82810436655478,2,6,0
2023-06-21,T-shirt,176,44906.5,204,180,158,143,168.0,90.2459602050604,2,6,0
2023-06-21,Tablet,171,41156.17,165,188,212,184,184.8571428571429,73.30854559424091,2,6,0
2023-06-21,Television,214,55675.33,123,177,173,236,175.57142857142858,76.87404664526952,2,6,0
2023-06-21,Thriller,138,49327.26,107,38,100,82,176.0,76.4155307076602,2,6,0
2023-06-21,Tools,90,21173.0,47,77,93,61,140.85714285714286,69.93193970194271,2,6,0
2023-06-21,Water,290,65966.72,381,282,385,347,182.42857142857144,109.79352917007034,2,6,0
2023-06-22,Bathroom,55,8325.33,53,121,94,104,154.28571428571428,114.72389214357842,3,6,0
2023-06-22,Bedding,132,37978.44,53,88,95,68,132.71428571428572,117.96851880298988,3,6,0
2023-06-22,BlueStar AC,19,4299.1,41,52,53,12,115.0,121.5675395270735,3,6,0
2023-06-22,Children's,45,7356.88,133,171,114,63,116.42857142857144,121.73585769040672,3,6,0
2023-06-22,Chocolate,61,17175.16,90,93,108,111,114.0,122.12425366540931,3,6,0
2023-06-22,Coffee,93,24307.61,74,143,77,89,117.85714285714286,120.06446681044356,3,6,0
2023-06-22,Decorations,139,36331.25,218,118,203,97,94.57142857142856,62.55892460407962,3,6,0
2023-06-22,Dress,82,25596.83,103,144,128,162,101.71428571428572,59.81558962264476,3,6,0
2023-06-22,Fiction,268,67584.58,213,275,268,276,124.57142857142856,68.0951714951384,3,6,0
2023-06-22,Fridge,96,28394.13,90,100,143,65,131.57142857142858,60.12447405967326,3,6,0
2023-06-22,Furniture,185,41944.61,256,136,174,126,149.14285714285714,76.38592490642174,3,6,0
2023-06-22,Headphones,94,25234.97,79,89,86,63,147.57142857142858,77.90348118635235,3,6,0
2023-06-22,Jacket,38,9182.86,118,74,54,133,153.85714285714286,72.57049118254731,3,6,0
2023-06-22,Jeans,63,19533.85,98,85,86,111,136.71428571428572,68.97756709180685,3,6,0
2023-06-22,Juice,199,47462.3,139,179,168,213,141.85714285714286,67.36821350218626,3,6,0
2023-06-22,Kitchen,127,37718.11,115,61,102,102,127.85714285714286,59.88719554692909,3,6,0
2023-06-22,Laptop,72,22801.29,52,108,116,133,122.42857142857144,65.36272419571905,3,6,0
2023-06-22,Lighting,52,9365.41,110,50,87,95,101.57142857142856,28.582378853976795,3,6,0
2023-06-22,Literature,99,19043.13,100,79,110,97,104.57142857142856,26.86917157175238,3,6,0
2023-06-22,Mitsubishi 1.5 Ton 3 Star Split AC,95,31989.17,135,114,95,109,107.0,28.971250116852456,3,6,0
2023-06-22,Non-Fiction,309,79759.15000000001,274,302,269,309,132.14285714285714,68.82206180053117,3,6,0
2023-06-22,Shirt,66,23656.38,46,102,140,85,118.85714285714286,75.89121286734128,3,6,0
2023-06-22,Shoes,200,42811.7,150,145,133,197,123.85714285714286,76.74292273868721,3,6,0
2023-06-22,Shorts,53,16972.94,52,55,58,40,123.85714285714286,76.74292273868721,3,6,0
2023-06-22,Smartphone,230,62636.4,200,308,166,239,136.71428571428572,81.430367565821,3,6,0
2023-06-22,Snacks,82,25199.72,102,89,53,84,137.0,81.28345465099248,3,6,0
2023-06-22,Soft Drink,141,34147.53,199,189,113,191,146.14285714285714,84.55457521906287,3,6,0
2023-06-22,T-shirt,236,59539.85,176,145,122,213,132.14285714285714,65.9151691480001,3,6,0
2023-06-22,Tablet,149,38463.33,171,200,181,172,150.0,54.659552382604126,3,6,0
2023-06-22,Television,130,36918.21,214,139,228,161,159.14285714285714,59.7729832266177,3,6,0
2023-06-22,Thriller,73,23202.56,138,83,76,83,171.42857142857142,39.47090549952462,3,6,0
2023-06-22,Tools,108,37040.78,90,58,143,110,155.71428571428572,47.317066285905256,3,6,0
2023-06-22,Water,352,89345.87,290,326,367,342,182.57142857142856,62.62549305955543,3,6,0
2023-06-23,Bathroom,76,14777.13,55,134,69,49,162.0,78.07475050659252,4,6,0
2023-06-23,Bedding,77,16995.09,132,79,72,74,155.71428571428572,78.5296425682987,4,6,0
2023-06-23,BlueStar AC,19,6458.990000000001,19,38,28,12,134.0,93.2362590412118,4,6,0
2023-06-23,Children's,106,30917.34,45,128,69,97,109.85714285714286,90.92016382781154,4,6,0
2023-06-23,Chocolate,98,24723.35,61,117,58,145,98.85714285714286,91.60318147937184,4,6,0
2023-06-23,Coffee,130,35014.31,93,61,68,114,99.28571428571428,91.56184482944468,4,6,0
2023-06-23,Decorations,179,50141.62,139,248,221,181,77.71428571428571,45.18375182044163,4,6,0
2023-06-23,Dress,78,22629.76,82,85,87,116,81.57142857142857,44.06002399324762,4,6,0
2023-06-23,Fiction,292,76244.27,268,237,241,228,101.0,82.88345230904989,4,6,0
2023-06-23,Fridge,120,31822.38,96,129,94,86,112.0,74.91328320131151,4,6,0
2023-06-23,Furniture,126,24157.16,185,174,135,123,132.0,72.70029802781606,4,6,0
2023-06-23,Headphones,43,12045.77,94,57,94,71,136.71428571428572,68.26349509001655,4,6,0
2023-06-23,Jacket,68,17306.28,38,148,49,87,128.85714285714286,76.76897935023055,4,6,0
2023-06-23,Jeans,104,29942.13,63,124,102,94,118.0,80.384492700188,4,6,0
2023-06-23,Juice,207,56024.37,199,235,213,200,134.71428571428572,83.7450780358944,4,6,0
2023-06-23,Kitchen,81,22091.46,127,89,145,122,114.57142857142856,59.90786576863081,4,6,0
2023-06-23,Laptop,107,24568.15,72,88,96,117,111.14285714285714,61.80460762604535,4,6,0
2023-06-23,Lighting,110,25879.95,52,43,116,62,92.14285714285714,55.42992143667581,4,6,0
2023-06-23,Literature,94,23608.36,99,128,72,38,92.85714285714286,55.49002484359437,4,6,0
2023-06-23,Mitsubishi 1.5 Ton 3 Star Split AC,121,25971.79,95,89,110,88,101.0,50.009999000198746,4,6,0
2023-06-23,Non-Fiction,278,70098.99,309,189,291,283,136.14285714285714,89.61106436787149,4,6,0
2023-06-23,Shirt,59,9163.64,66,101,92,35,117.14285714285714,88.15030453989426,4,6,0
2023-06-23,Shoes,238,54716.08,200,152,249,192,127.57142857142856,93.65692204860773,4,6,0
2023-06-23,Shorts,97,23556.98,53,95,103,71,124.85714285714286,95.78696600865268,4,6,0
2023-06-23,Smartphone,242,60639.84,230,229,249,216,150.28571428571428,96.84302467690384,4,6,0
2023-06-23,Snacks,88,18881.48,82,84,101,72,147.85714285714286,98.5417484646795,4,6,0
2023-06-23,Soft Drink,120,30704.34,141,198,157,198,154.42857142857142,95.92854483565202,4,6,0
2023-06-23,T-shirt,201,47444.42,236,186,138,187,144.0,78.7548940278209,4,6,0
2023-06-23,Tablet,234,64637.57,149,209,130,134,155.85714285714286,70.91174931191713,4,6,0
2023-06-23,Television,163,43221.89,130,197,187,107,145.85714285714286,68.54543157991027,4,6,0
2023-06-23,Thriller,84,21981.87,73,106,67,54,148.71428571428572,64.31618325562708,4,6,0
2023-06-23,Tools,99,30909.99,108,52,57,76,131.28571428571428,54.38049370167613,4,6,0
2023-06-23,Water,349,91608.61,352,369,516,305,169.85714285714286,94.52941089316882,4,6,0
2023-06-24,Bathroom,82,22755.43,76,93,87,110,160.57142857142858,100.81973540740448,5,6,1
2023-06-24,Bedding,86,17873.71,77,60,104,102,137.85714285714286,98.88617795463703,5,6,1
2023-06-24,BlueStar AC,24,4820.15,19,46,21,54,119.28571428571428,108.21231335621968,5,6,1
2023-06-24,Children's,129,29778.17,106,84,90,82,115.85714285714286,108.19647032355584,5,6,1
2023-06-24,Chocolate,57,10672.3,98,80,123,93,119.42857142857144,106.95147987577806,5,6,1
2023-06-24,Coffee,101,25827.43,130,119,68,46,122.57142857142856,106.88289096460808,5,6,1
2023-06-24,Decorations,129,27163.92,179,116,190,248,97.85714285714286,49.690470486228286,5,6,1
2023-06-24,Dress,106,33692.03,78,98,59,133,98.14285714285714,49.54939815116551,5,6,1
2023-06-24,Fiction,259,74704.51,292,263,201,295,128.85714285714286,86.85318756658341,5,6,1
2023-06-24,Fridge,111,31390.08,120,147,149,72,143.28571428571428,72.81646857159481,5,6,1
2023-06-24,Furniture,255,75610.93,126,137,198,108,146.14285714285714,71.48992603024212,5,6,1
2023-06-24,Headphones,79,17461.65,43,95,110,111,138.28571428571428,80.15966210365022,5,6,1
2023-06-24,Jacket,108,30050.57,68,71,67,108,129.42857142857142,84.53373516503521,5,6,1
2023-06-24,Jeans,120,31729.84,104,50,95,103,118.71428571428572,81.91604296618583,5,6,1
2023-06-24,Juice,139,31479.9,207,174,231,168,137.14285714285714,85.65517803267628,5,6,1
2023-06-24,Kitchen,83,22674.98,81,83,78,98,107.0,52.96539750944209,5,6,1
2023-06-24,Laptop,79,19645.7,107,81,58,100,105.14285714285714,52.66063859414102,5,6,1
2023-06-24,Lighting,94,26329.42,110,138,104,47,102.85714285714286,51.946859293667245,5,6,1
2023-06-24,Literature,106,23139.83,94,44,117,96,110.14285714285714,45.30426238750697,5,6,1
2023-06-24,Mitsubishi 1.5 Ton 3 Star Split AC,107,27248.85,121,64,78,51,117.71428571428572,41.34293283304898,5,6,1
2023-06-24,Non-Fiction,217,55126.73,278,212,216,246,142.57142857142858,72.38060776860289,5,6,1
2023-06-24,Shirt,92,22467.06,59,78,79,95,121.42857142857144,72.0390105957804,5,6,1
2023-06-24,Shoes,163,39998.03,238,120,130,285,143.85714285714286,81.21048489661182,5,6,1
2023-06-24,Shorts,57,15733.78,97,87,93,66,142.42857142857142,82.05050709340968,5,6,1
2023-06-24,Smartphone,268,69517.05,242,186,337,243,161.28571428571428,88.28687008027538,5,6,1
2023-06-24,Snacks,42,6550.07,88,80,57,115,160.42857142857142,89.07460757300987,5,6,1
2023-06-24,Soft Drink,150,36227.54,120,193,237,194,160.28571428571428,89.14915270809601,5,6,1
2023-06-24,T-shirt,159,39346.19,201,147,181,171,149.28571428571428,75.98182740128107,5,6,1
2023-06-24,Tablet,173,42670.07,234,174,190,123,174.28571428571428,69.86824334825837,5,6,1
2023-06-24,Television,167,41827.91,163,170,186,232,163.57142857142858,63.97097556146626,5,6,1
2023-06-24,Thriller,103,23187.7,84,63,57,125,161.71428571428572,66.36945654369,5,6,1
2023-06-24,Tools,139,39538.54,99,118,75,99,141.28571428571428,59.15435821000891,5,6,1
2023-06-24,Water,347,85337.24,349,478,364,357,178.57142857142858,92.70896602245335,5,6,1
2023-06-25,Bathroom,67,15930.41,82,132,125,90,173.14285714285714,97.68901093338428,6,6,1
2023-06-25,Bedding,66,16727.3,86,109,58,109,156.71428571428572,101.80653922303524,6,6,1
2023-06-25,BlueStar AC,34,6651.98,24,28,26,33,126.71428571428572,106.08756491017856,6,6,1
2023-06-25,Children's,75,22079.76,129,64,63,67,121.85714285714286,104.92128568825348,6,6,1
2023-06-25,Chocolate,83,21752.69,57,99,59,124,118.0,107.02024730551337,6,6,1
2023-06-25,Coffee,96,29914.85,101,60,124,166,118.28571428571428,106.96372326746112,6,6,1
2023-06-25,Decorations,145,33527.47,129,180,107,177,86.85714285714286,37.90087321521807,6,6,1
2023-06-25,Dress,66,15466.11,106,73,139,92,90.28571428571428,38.46953030522485,6,6,1
2023-06-25,Fiction,294,83754.94,259,215,268,293,115.0,74.21814692737374,6,6,1
2023-06-25,Fridge,82,17267.87,111,191,101,127,127.42857142857144,62.85395013536522,6,6,1
2023-06-25,Furniture,224,50293.62,255,194,152,143,145.42857142857142,79.2755892290875,6,6,1
2023-06-25,Headphones,92,22445.24,79,111,92,105,148.57142857142858,75.53334173916633,6,6,1
2023-06-25,Jacket,53,13011.99,108,59,65,83,149.57142857142858,74.84173778237441,6,6,1
2023-06-25,Jeans,83,19477.39,120,112,113,107,148.28571428571428,75.3297512844122,6,6,1
2023-06-25,Juice,218,52168.45,139,188,166,141,153.0,73.24616030891984,6,6,1
2023-06-25,Kitchen,84,18607.94,83,90,86,76,127.85714285714286,59.76182887492753,6,6,1
2023-06-25,Laptop,109,27756.5,79,67,91,104,123.28571428571428,62.43053282306144,6,6,1
2023-06-25,Lighting,135,39077.23,94,105,96,70,100.28571428571428,23.063060549385806,6,6,1
2023-06-25,Literature,122,25583.51,106,100,98,107,104.14285714285714,21.08260397759424,6,6,1
2023-06-25,Mitsubishi 1.5 Ton 3 Star Split AC,102,31205.63,107,105,162,80,104.0,21.05548226313553,6,6,1
2023-06-25,Non-Fiction,249,73427.63,217,355,303,221,117.85714285714286,48.00843179910623,6,6,1
2023-06-25,Shirt,93,27019.97,92,73,64,93,111.14285714285714,47.84498779540814,6,6,1
2023-06-25,Shoes,186,42108.14,163,146,174,247,122.57142857142856,49.527289255039,6,6,1
2023-06-25,Shorts,63,18338.92,57,100,81,86,119.42857142857144,53.30683865714569,6,6,1
2023-06-25,Smartphone,266,68594.73,268,208,265,297,144.28571428571428,75.444713280022,6,6,1
2023-06-25,Snacks,78,20377.9,42,92,85,99,135.14285714285714,84.22475600326469,6,6,1
2023-06-25,Soft Drink,182,45505.34,150,142,158,207,141.28571428571428,83.39407310217788,6,6,1
2023-06-25,T-shirt,141,32640.99,159,211,135,123,133.0,77.27440283388333,6,6,1
2023-06-25,Tablet,211,54392.67,173,276,227,151,144.57142857142858,76.168359885316,6,6,1
2023-06-25,Television,182,52573.57,167,236,245,142,145.14285714285714,76.34445749677025,6,6,1
2023-06-25,Thriller,72,19215.38,103,109,84,125,151.71428571428572,69.13203378491102,6,6,1
2023-06-25,Tools,73,16437.58,139,93,97,67,133.28571428571428,46.43531086617206,6,6,1
2023-06-25,Water,371,95992.72,347,402,369,474,176.85714285714286,78.51630100692189,6,6,1
2023-06-26,Bathroom,83,25206.06,67,79,105,65,165.0,88.8369292580513,0,6,0
2023-06-26,Bedding,104,27183.5,66,75,52,104,151.71428571428572,96.50684653728672,0,6,0
2023-06-26,BlueStar AC,51,12411.96,34,42,19,14,131.85714285714286,105.29708538452584,0,6,0
2023-06-26,Children's,139,45014.29,75,84,68,103,118.71428571428572,105.919331389056,0,6,0
2023-06-26,Chocolate,72,12362.48,83,154,101,48,115.85714285714286,106.6808770296224,0,6,0
2023-06-26,Coffee,77,19730.14,96,94,102,32,109.71428571428572,106.36370666368286,0,6,0
2023-06-26,Decorations,148,36335.19,145,184,129,152,80.85714285714286,34.134188977367984,0,6,0
2023-06-26,Dress,77,15711.2,66,69,101,62,80.71428571428571,34.20387056905364,0,6,0
2023-06-26,Fiction,152,35867.04,294,213,271,315,113.28571428571428,86.4748793691246,0,6,0
2023-06-26,Fridge,78,19744.35,82,97,126,110,120.14285714285714,80.86084460649724,0,6,0
2023-06-26,Furniture,177,47650.75,224,128,200,165,141.42857142857142,86.41731528433601,0,6,0
2023-06-26,Headphones,66,12933.14,92,124,60,82,142.71428571428572,85.4648354309423,0,6,0
2023-06-26,Jacket,99,21946.18,53,125,39,115,136.57142857142858,90.76316643304332,0,6,0
2023-06-26,Jeans,109,36336.24,83,95,75,64,127.71428571428572,92.80573668639607,0,6,0
2023-06-26,Juice,190,48678.41,218,254,203,190,149.42857142857142,93.73696734810136,0,6,0
2023-06-26,Kitchen,78,19289.3,84,71,65,83,119.42857142857144,70.47424385985953,0,6,0
2023-06-26,Laptop,92,24047.89,109,115,40,97,123.28571428571428,68.80337754721545,0,6,0
2023-06-26,Lighting,82,20937.04,135,70,45,88,110.57142857142856,53.643443659210845,0,6,0
2023-06-26,Literature,61,17179.96,122,69,121,113,114.85714285714286,53.10815559286616,0,6,0
2023-06-26,Mitsubishi 1.5 Ton 3 Star Split AC,136,34993.01,102,91,103,124,121.85714285714286,46.401970401511655,0,6,0
2023-06-26,Non-Fiction,357,91733.37,249,200,254,203,145.57142857142858,62.76638469450831,0,6,0
2023-06-26,Shirt,123,31148.82,93,81,69,97,127.71428571428572,56.15963641179207,0,6,0
2023-06-26,Shoes,167,43226.06,186,150,143,198,142.28571428571428,56.15963641179236,0,6,0
2023-06-26,Shorts,154,42059.75,63,78,87,110,135.71428571428572,62.980722674254594,0,6,0
2023-06-26,Smartphone,352,96363.63,266,238,185,191,154.42857142857142,79.91841077594299,0,6,0
2023-06-26,Snacks,85,19857.09,78,91,59,92,148.14285714285714,84.49344860486417,0,6,0
2023-06-26,Soft Drink,121,35000.69,182,199,238,183,159.57142857142858,82.60116452540105,0,6,0
2023-06-26,T-shirt,225,50583.42,141,286,209,132,144.14285714285714,72.59345372559072,0,6,0
2023-06-26,Tablet,176,36896.96,211,187,225,159,161.0,72.43847964537444,0,6,0
2023-06-26,Television,174,40881.74,182,165,170,200,160.42857142857142,72.22385834532595,0,6,0
2023-06-26,Thriller,91,23650.9,72,117,135,78,161.71428571428572,70.25362217403047,0,6,0
2023-06-26,Tools,92,22405.84,73,67,122,80,134.14285714285714,59.56349153474347,0,6,0
2023-06-26,Water,390,97207.22,371,287,328,333,176.0,101.63004805010524,0,6,0
2023-06-27,Bathroom,85,18594.19,83,61,62,104,161.85714285714286,107.38160700887988,1,6,0
2023-06-27,Bedding,78,22052.73,104,72,93,48,156.57142857142858,109.4697174912726,1,6,0
2023-06-27,BlueStar AC,57,15762.51,51,42,26,31,133.71428571428572,112.86232658378393,1,6,0
2023-06-27,Children's,72,18874.9,139,140,77,143,127.57142857142856,110.95022479000346,1,6,0
2023-06-27,Chocolate,96,25808.59,72,69,49,83,127.57142857142856,110.95022479000346,1,6,0
2023-06-27,Coffee,108,29356.39,77,100,83,74,128.14285714285714,110.63216616552398,1,6,0
2023-06-27,Decorations,170,38376.24,148,124,151,192,96.28571428571428,35.93380156952417,1,6,0
2023-06-27,Dress,96,29684.38,77,69,86,110,95.42857142857144,36.372412360911966,1,6,0
2023-06-27,Fiction,242,62958.98,152,247,261,246,102.28571428571428,42.29938646408422,1,6,0
2023-06-27,Fridge,97,26202.82,78,155,173,100,106.14285714285714,37.83925902828158,1,6,0
2023-06-27,Furniture,198,49801.29,177,178,139,216,111.57142857142856,45.3242287776151,1,6,0
2023-06-27,Headphones,96,33307.71,66,76,58,72,110.71428571428572,46.24469081496064,1,6,0
2023-06-27,Jacket,98,32802.95,99,143,74,107,113.85714285714286,44.27726493897375,1,6,0
2023-06-27,Jeans,141,35001.63,109,83,58,108,108.28571428571428,41.6401820589756,1,6,0
2023-06-27,Juice,234,68856.43,190,153,194,219,124.42857142857144,48.78133913310454,1,6,0
2023-06-27,Kitchen,85,17970.53,78,99,76,93,113.85714285714286,49.817763135345686,1,6,0
2023-06-27,Laptop,127,26534.36,92,94,99,111,115.85714285714286,48.399134191389,1,6,0
2023-06-27,Lighting,82,17447.94,82,107,103,104,102.28571428571428,41.17731691807136,1,6,0
2023-06-27,Literature,106,32825.39,61,113,118,60,101.57142857142856,41.947813383046594,1,6,0
2023-06-27,Mitsubishi 1.5 Ton 3 Star Split AC,121,24368.87,136,118,104,98,106.85714285714286,43.85745307785278,1,6,0
2023-06-27,Non-Fiction,226,49418.9,357,299,251,247,142.28571428571428,104.34033142512396,1,6,0
2023-06-27,Shirt,125,25132.54,123,47,78,78,132.71428571428572,102.2867118865953,1,6,0
2023-06-27,Shoes,186,41949.94,167,188,172,181,145.42857142857142,99.85465628077812,1,6,0
2023-06-27,Shorts,98,23348.370000000003,154,104,100,58,154.28571428571428,97.03558502891988,1,6,0
2023-06-27,Smartphone,262,67254.33,352,293,242,311,192.8571428571429,115.43169491294952,1,6,0
2023-06-27,Snacks,66,21823.82,85,90,77,90,196.28571428571428,111.13912345301648,1,6,0
2023-06-27,Soft Drink,120,24373.82,121,250,165,164,194.14285714285717,112.62981927747316,1,6,0
2023-06-27,T-shirt,160,31013.9,225,204,176,140,175.28571428571428,89.49248438782327,1,6,0
2023-06-27,Tablet,194,49388.59,176,165,213,224,182.8571428571429,86.52442539812812,1,6,0
2023-06-27,Television,165,45111.91,174,123,175,190,183.8571428571429,86.3508899228968,1,6,0
2023-06-27,Thriller,118,32078.62,91,107,80,112,174.85714285714286,93.00793616931956,1,6,0
2023-06-27,Tools,110,32958.68,92,47,66,86,137.71428571428572,54.362101644785945,1,6,0
2023-06-27,Water,448,108606.99,390,381,422,341,181.28571428571428,104.33234443468687,1,6,0
2023-06-28,Bathroom,105,29120.25,85,53,98,54,176.14285714285714,108.59930719765,2,6,0
2023-06-28,Bedding,108,30649.41,78,53,109,62,155.14285714285714,111.74439370191917,2,6,0
2023-06-28,BlueStar AC,26,10591.81,57,41,48,25,138.14285714285714,116.97211714967008,2,6,0
2023-06-28,Children's,68,18918.64,72,133,69,99,123.57142857142856,118.10850539914118,2,6,0
2023-06-28,Chocolate,67,18136.27,96,90,78,147,124.28571428571428,117.89361628987668,2,6,0
2023-06-28,Coffee,75,17212.02,108,74,98,134,126.57142857142856,117.31703079385208,2,6,0
2023-06-28,Decorations,183,51946.65,170,218,158,133,95.14285714285714,36.87107525521927,2,6,0
2023-06-28,Dress,108,31194.41,96,103,121,95,96.71428571428572,36.600156127690006,2,6,0
2023-06-28,Fiction,223,47607.29,242,213,232,360,120.14285714285714,64.48883255114355,2,6,0
2023-06-28,Fridge,165,42104.27,97,90,114,96,125.85714285714286,59.54390137097258,2,6,0
2023-06-28,Furniture,147,37330.01,198,256,153,199,143.85714285714286,59.59426306680997,2,6,0
2023-06-28,Headphones,91,18148.04,96,79,44,136,143.85714285714286,59.59426306680997,2,6,0
2023-06-28,Jacket,58,14450.26,98,118,137,83,142.42857142857142,60.7065541295639,2,6,0
2023-06-28,Jeans,99,23290.67,141,98,82,98,138.28571428571428,59.48869440410261,2,6,0
2023-06-28,Juice,178,41576.16,234,139,135,144,158.0,65.68358496103366,2,6,0
2023-06-28,Kitchen,65,19122.28,85,115,86,85,135.57142857142858,58.64826551245134,2,6,0
2023-06-28,Laptop,96,28708.25,127,52,95,128,139.85714285714286,56.41343980361543,2,6,0
2023-06-28,Lighting,103,25414.68,82,110,110,129,123.28571428571428,53.44690289035783,2,6,0
2023-06-28,Literature,36,10818.38,106,100,66,28,124.71428571428572,52.72480215140382,2,6,0
2023-06-28,Mitsubishi 1.5 Ton 3 Star Split AC,85,19045.1,121,135,119,108,128.0,51.48462553682011,2,6,0
2023-06-28,Non-Fiction,306,67969.28,226,274,307,302,140.14285714285714,63.64858880715902,2,6,0
2023-06-28,Shirt,19,4752.25,125,46,110,120,124.57142857142856,48.35582399551918,2,6,0
2023-06-28,Shoes,175,47602.97,186,150,151,148,139.0,49.63197893831438,2,6,0
2023-06-28,Shorts,95,16284.89,98,52,79,95,134.85714285714286,51.956483623087216,2,6,0
2023-06-28,Smartphone,264,75447.66,262,200,299,359,160.57142857142858,64.47184693817177,2,6,0
2023-06-28,Snacks,87,23052.15,66,102,58,121,154.85714285714286,71.50391264685808,2,6,0
2023-06-28,Soft Drink,106,21758.74,120,199,197,155,154.71428571428572,71.58378374491028,2,6,0
2023-06-28,T-shirt,167,42073.6,160,176,180,194,145.28571428571428,64.63929219320134,2,6,0
2023-06-28,Tablet,156,41267.53,194,171,188,128,155.14285714285714,66.27072901220804,2,6,0
2023-06-28,Television,179,39582.64,165,214,177,117,152.14285714285714,65.10614044627054,2,6,0
2023-06-28,Thriller,112,26203.22,118,138,38,103,155.0,62.72957835024868,2,6,0
2023-06-28,Tools,137,31738.84,110,90,77,77,133.28571428571428,42.59387391677391,2,6,0
2023-06-28,Water,280,62442.89,448,290,282,339,187.8571428571429,118.71313964262586,2,6,0
2023-06-29,Bathroom,72,18534.33,105,55,121,64,185.7142857142857,120.26736088913796,3,6,0
2023-06-29,Bedding,102,25310.68,108,132,88,65,178.28571428571428,123.67796123496755,3,6,0
2023-06-29,BlueStar AC,74,16847.74,26,19,52,30,154.28571428571428,135.82429125615965,3,6,0
2023-06-29,Children's,89,21372.98,68,45,171,80,140.42857142857142,139.44874463741985,3,6,0
2023-06-29,Chocolate,102,21664.04,67,61,93,110,133.14285714285714,142.12251589318794,3,6,0
2023-06-29,Coffee,102,28410.23,75,93,143,109,128.14285714285714,143.67953759603157,3,6,0
2023-06-29,Decorations,156,43023.01,183,139,118,141,90.28571428571428,49.21285159289801,3,6,0
2023-06-29,Dress,42,11485.84,108,82,144,100,90.71428571428572,49.37514315832011,3,6,0
2023-06-29,Fiction,295,69370.49,223,268,275,279,107.14285714285714,70.63858381797729,3,6,0
2023-06-29,Fridge,148,40724.39,165,96,100,146,127.0,63.16908526592148,3,6,0
2023-06-29,Furniture,193,56876.97,147,185,136,139,138.28571428571428,57.6908839873168,3,6,0
2023-06-29,Headphones,108,27783.53,91,94,89,95,141.71428571428572,53.29388421984321,3,6,0
2023-06-29,Jacket,90,23118.13,58,38,74,93,139.28571428571428,57.09265652053144,3,6,0
2023-06-29,Jeans,87,20371.37,99,63,85,109,127.28571428571428,55.16857283428087,3,6,0
2023-06-29,Juice,134,38461.45,178,199,179,185,137.28571428571428,57.389645656436805,3,6,0
2023-06-29,Kitchen,96,25873.2,65,127,61,81,114.71428571428572,48.43109980757533,3,6,0
2023-06-29,Laptop,95,22720.01,96,72,108,74,104.85714285714286,43.23358482872696,3,6,0
2023-06-29,Lighting,112,29153.11,103,52,50,50,98.57142857142856,39.08476746277128,3,6,0
2023-06-29,Literature,94,21751.58,36,99,79,131,90.71428571428572,45.81016730564589,3,6,0
2023-06-29,Mitsubishi 1.5 Ton 3 Star Split AC,92,24046.86,85,95,114,92,94.57142857142856,43.68392970287314,3,6,0
2023-06-29,Non-Fiction,246,68884.31999999999,306,309,302,244,124.14285714285714,91.29700354963887,3,6,0
2023-06-29,Shirt,98,31429.47,19,66,102,81,101.42857142857144,95.3534777251757,3,6,0
2023-06-29,Shoes,139,32076.63,175,200,145,186,117.14285714285714,97.39169809148392,3,6,0
2023-06-29,Shorts,123,35612.65,95,53,55,68,117.0,97.42860633988988,3,6,0
2023-06-29,Smartphone,220,55130.6,264,230,308,213,140.0,111.5526781390745,3,6,0
2023-06-29,Snacks,102,23419.28,87,82,89,77,147.28571428571428,105.10742803708686,3,6,0
2023-06-29,Soft Drink,177,45702.12,106,141,189,113,150.28571428571428,103.31781757553438,3,6,0
2023-06-29,T-shirt,144,33726.17,167,236,145,130,130.42857142857142,78.86667471722328,3,6,0
2023-06-29,Tablet,267,57998.08,156,149,200,145,150.0,61.74679478860937,3,6,0
2023-06-29,Television,194,49967.26,179,130,139,190,150.57142857142858,62.03455258390832,3,6,0
2023-06-29,Thriller,49,18422.53,112,73,83,29,153.0,59.78851617716101,3,6,0
2023-06-29,Tools,73,17491.78,137,108,58,96,134.85714285714286,34.34835547459967,3,6,0
2023-06-29,Water,313,70876.55,280,352,326,344,162.42857142857142,58.50030524950885,3,6,0
2023-06-30,Bathroom,82,19136.6,72,76,134,106,157.57142857142858,65.01501658042062,4,6,0
2023-06-30,Bedding,106,30510.85,102,77,79,116,148.28571428571428,68.01645459179758,4,6,0
2023-06-30,BlueStar AC,50,14281.79,74,19,38,43,136.57142857142858,73.32088638957062,4,6,0
2023-06-30,Children's,60,13136.45,89,106,128,72,123.71428571428572,72.5274988899935,4,6,0
2023-06-30,Chocolate,94,24063.88,102,98,117,136,122.28571428571428,72.89424825438107,4,6,0
2023-06-30,Coffee,123,30788.78,102,130,61,74,117.28571428571428,72.91710884219601,4,6,0
2023-06-30,Decorations,162,48110.63,156,179,248,169,99.57142857142856,28.070489503253057,4,6,0
2023-06-30,Dress,110,22580.55,42,78,85,95,95.28571428571428,34.528800952798015,4,6,0
2023-06-30,Fiction,240,44914.01,295,292,237,195,122.85714285714286,83.33952357960838,4,6,0
2023-06-30,Fridge,102,30436.94,148,120,129,83,133.42857142857142,80.76273303708203,4,6,0
2023-06-30,Furniture,175,45134.04,193,126,174,272,148.28571428571428,80.79338728244653,4,6,0
2023-06-30,Headphones,112,33842.48,108,43,57,82,149.14285714285714,80.25050066599476,4,6,0
2023-06-30,Jacket,60,17522.94,90,68,148,68,147.42857142857142,81.54315246717947,4,6,0
2023-06-30,Jeans,87,19842.63,87,104,124,86,137.57142857142858,84.45286090053821,4,6,0
2023-06-30,Juice,246,66051.68,134,207,235,158,150.71428571428572,73.5565865750403,4,6,0
2023-06-30,Kitchen,69,20962.53,96,81,89,127,122.28571428571428,38.68985347484104,4,6,0
2023-06-30,Laptop,72,15428.25,95,107,88,83,114.71428571428572,37.998746846503415,4,6,0
2023-06-30,Lighting,97,23927.73,112,110,43,46,103.14285714285714,16.354699339213077,4,6,0
2023-06-30,Literature,87,25906.43,94,94,128,55,101.14285714285714,16.516946564343712,4,6,0
2023-06-30,Mitsubishi 1.5 Ton 3 Star Split AC,67,17056.98,92,121,89,77,101.42857142857144,16.308046509384358,4,6,0
2023-06-30,Non-Fiction,228,59737.97,246,278,189,283,124.14285714285714,55.79255796080186,4,6,0
2023-06-30,Shirt,130,35614.49,98,59,101,43,119.0,56.388533113271954,4,6,0
2023-06-30,Shoes,165,33256.13,139,238,152,219,125.14285714285714,55.80450570646398,4,6,0
2023-06-30,Shorts,71,21269.96,123,97,95,89,129.14285714285714,54.26609921313164,4,6,0
2023-06-30,Smartphone,278,71081.22,220,242,229,255,144.57142857142858,63.19772449188607,4,6,0
2023-06-30,Snacks,81,18679.77,102,88,84,111,145.71428571428572,62.19516134907967,4,6,0
2023-06-30,Soft Drink,191,45324.38,177,120,198,203,157.85714285714286,58.124660777299816,4,6,0
2023-06-30,T-shirt,178,42146.4,144,201,186,181,143.28571428571428,43.21926378253932,4,6,0
2023-06-30,Tablet,176,49753.51,267,234,209,204,167.42857142857142,58.28337997193014,4,6,0
2023-06-30,Television,245,69543.44,194,163,197,93,175.28571428571428,57.51438743396983,4,6,0
2023-06-30,Thriller,117,32430.24,49,84,106,79,164.71428571428572,73.34783406416827,4,6,0
2023-06-30,Tools,75,18003.620000000003,73,99,52,57,143.71428571428572,75.88085899556432,4,6,0
2023-06-30,Water,314,73061.5,313,349,369,447,173.85714285714286,95.83393374553128,4,6,0
2023-07-01,Bathroom,118,23926.63,82,82,93,58,160.28571428571428,101.85236748306224,5,7,1
2023-07-01,Bedding,104,33064.66,106,86,60,44,154.85714285714286,103.85796161333116,5,7,1
2023-07-01,BlueStar AC,78,18692.34,50,24,46,39,123.85714285714286,96.9629286057792,5,7,1
2023-07-01,Children's,103,26248.32,60,129,84,108,104.71428571428572,93.98885445575252,5,7,1
2023-07-01,Chocolate,123,35696.27,94,57,80,89,111.14285714285714,91.03557650982428,5,7,1
2023-07-01,Coffee,74,17827.04,123,101,119,99,118.28571428571428,89.49248438782251,5,7,1
2023-07-01,Decorations,199,52715.39,162,129,116,146,96.71428571428572,38.28278240372919,5,7,1
2023-07-01,Dress,72,23100.16,110,106,98,74,100.71428571428572,37.9504689725694,5,7,1
2023-07-01,Fiction,300,82690.17,240,259,263,274,119.85714285714286,65.12661660547161,5,7,1
2023-07-01,Fridge,131,31717.12,102,111,147,137,127.28571428571428,58.454296351121,5,7,1
2023-07-01,Furniture,183,44864.84,175,255,137,142,143.71428571428572,52.21977366768945,5,7,1
2023-07-01,Headphones,83,25072.04,112,79,95,108,146.28571428571428,49.74841466725064,5,7,1
2023-07-01,Jacket,93,23725.76,60,108,71,88,137.28571428571428,59.421416693854574,5,7,1
2023-07-01,Jeans,95,22503.46,87,120,50,148,126.57142857142856,60.96407997845093,5,7,1
2023-07-01,Juice,195,56166.95,246,139,174,206,146.0,74.88435528644565,5,7,1
2023-07-01,Kitchen,106,24441.05,69,83,83,95,121.57142857142856,66.53534685377603,5,7,1
2023-07-01,Laptop,138,29649.39,72,79,81,99,117.28571428571428,68.92922526213383,5,7,1
2023-07-01,Lighting,91,21894.52,97,94,138,77,106.14285714285714,64.18574237172454,5,7,1
2023-07-01,Literature,98,28736.54,87,106,44,86,102.57142857142856,64.50027685433278,5,7,1
2023-07-01,Mitsubishi 1.5 Ton 3 Star Split AC,178,37487.880000000005,67,107,64,115,103.57142857142856,63.78050157338249,5,7,1
2023-07-01,Non-Fiction,335,91086.04,228,217,212,337,123.71428571428572,78.28945072765553,5,7,1
2023-07-01,Shirt,100,31194.46,130,92,78,80,107.14285714285714,57.64670725325715,5,7,1
2023-07-01,Shoes,166,43604.57,165,163,120,184,120.85714285714286,58.47343719282081,5,7,1
2023-07-01,Shorts,95,20883.98,71,57,87,103,120.71428571428572,58.613747777900464,5,7,1
2023-07-01,Smartphone,270,75827.2,278,268,186,234,146.57142857142858,81.76155808784677,5,7,1
2023-07-01,Snacks,76,23548.65,81,42,80,74,145.71428571428572,82.51810768090876,5,7,1
2023-07-01,Soft Drink,93,27339.43,191,150,193,308,163.42857142857142,75.84382449669657,5,7,1
2023-07-01,T-shirt,177,48141.44,178,159,147,157,156.28571428571428,70.94531764139248,5,7,1
2023-07-01,Tablet,135,44031.58,176,173,174,168,162.85714285714286,70.23158969065264,5,7,1
2023-07-01,Television,168,36714.72,245,167,170,229,174.28571428571428,76.83687110954469,5,7,1
2023-07-01,Thriller,75,18212.7,117,103,63,65,180.8571428571429,67.98879459496415,5,7,1
2023-07-01,Tools,80,25841.02,75,139,118,63,151.85714285714286,62.73868708494646,5,7,1
2023-07-01,Water,391,90337.39,314,347,478,498,185.14285714285717,78.6668684420337,5,7,1
2023-07-02,Bathroom,103,19251.03,118,67,132,101,174.71428571428572,82.5059882386613,6,7,1
2023-07-02,Bedding,90,18291.4,104,66,109,86,164.14285714285714,86.65146386805125,6,7,1
2023-07-02,BlueStar AC,27,6132.55,78,34,28,39,150.14285714285714,92.15824899130206,6,7,1
2023-07-02,Children's,86,23426.62,103,75,64,68,129.85714285714286,82.96872617926256,6,7,1
2023-07-02,Chocolate,111,26957.87,123,83,99,120,130.71428571428572,82.84466244265843,6,7,1
2023-07-02,Coffee,98,22823.66,74,96,60,94,130.57142857142858,82.9575335997419,6,7,1
2023-07-02,Decorations,117,28361.36,199,145,180,161,114.14285714285714,41.71102400816135,6,7,1
2023-07-02,Dress,102,19351.53,72,66,73,121,107.57142857142856,44.5303534788604,6,7,1
2023-07-02,Fiction,218,49274.32,300,294,215,228,135.57142857142858,85.07419730810855,6,7,1
2023-07-02,Fridge,111,31930.48,131,82,191,103,143.14285714285714,81.37450168086733,6,7,1
2023-07-02,Furniture,168,41451.59,183,224,194,197,154.57142857142858,80.4090731672678,6,7,1
2023-07-02,Headphones,79,20942.96,83,92,111,120,148.85714285714286,84.35130619701644,6,7,1
2023-07-02,Jacket,93,21080.61,93,53,59,98,151.57142857142858,81.80842895215028,6,7,1
2023-07-02,Jeans,102,24568.47,95,83,112,62,136.71428571428572,81.20080928519967,6,7,1
2023-07-02,Juice,172,41331.84,195,218,188,135,154.28571428571428,78.11255615182111,6,7,1
2023-07-02,Kitchen,67,14330.71,106,84,90,64,126.57142857142856,45.3352590627387,6,7,1
2023-07-02,Laptop,69,15574.85,138,109,67,86,127.57142857142856,45.52602604685552,6,7,1
2023-07-02,Lighting,134,25453.29,91,135,105,93,114.42857142857144,39.77376498336902,6,7,1
2023-07-02,Literature,42,8847.1,98,122,100,69,116.57142857142856,38.170045597985286,6,7,1
2023-07-02,Mitsubishi 1.5 Ton 3 Star Split AC,115,28526.49,178,102,105,70,128.71428571428572,42.67596624844032,6,7,1
2023-07-02,Non-Fiction,265,64233.82,335,249,355,314,163.0,85.74769190285336,6,7,1
2023-07-02,Shirt,139,37038.53,100,93,73,81,149.42857142857142,87.34196613094426,6,7,1
2023-07-02,Shoes,204,52241.82,166,186,146,174,158.0,85.28970238741204,6,7,1
2023-07-02,Shorts,133,36426.68,95,63,100,62,151.85714285714286,88.45983753739789,6,7,1
2023-07-02,Smartphone,308,83425.73,270,266,208,305,177.42857142857142,93.65514248713598,6,7,1
2023-07-02,Snacks,121,33077.09,76,78,92,79,174.28571428571428,97.071647569745,6,7,1
2023-07-02,Soft Drink,175,53142.02,93,182,142,130,162.14285714285714,101.73401360316774,6,7,1
2023-07-02,T-shirt,184,46021.52,177,141,211,159,139.57142857142858,69.37064014614296,6,7,1
2023-07-02,Tablet,195,53493.38,135,211,276,139,144.57142857142858,67.27272142272086,6,7,1
2023-07-02,Television,157,43174.82,168,182,236,160,144.85714285714286,67.38305566294949,6,7,1
2023-07-02,Thriller,106,26336.58,75,72,109,103,142.0,70.21395872616749,6,7,1
2023-07-02,Tools,140,38721.55,80,73,93,80,114.85714285714286,44.502541393454,6,7,1
2023-07-02,Water,399,103712.15,391,371,402,368,159.85714285714286,109.8884715995094,6,7,1
2023-07-03,Bathroom,135,33175.08,103,83,79,99,161.28571428571428,108.9353237563682,0,7,0
2023-07-03,Bedding,122,32068.2,90,104,75,98,148.85714285714286,111.76974631122754,0,7,0
2023-07-03,BlueStar AC,11,2543.64,27,51,42,33,133.42857142857142,121.0686542735938,0,7,0
2023-07-03,Children's,82,22529.08,86,139,84,127,121.71428571428572,121.13314201835104,0,7,0
2023-07-03,Chocolate,84,21501.88,111,72,154,78,126.85714285714286,119.57344823918665,0,7,0
2023-07-03,Coffee,71,20575.54,98,77,94,74,129.42857142857142,118.587319646547,0,7,0
2023-07-03,Decorations,222,49101.41,117,148,184,231,90.28571428571428,29.965059017205448,0,7,0
2023-07-03,Dress,123,31080.14,102,77,69,99,90.14285714285714,29.89664736737829,0,7,0
2023-07-03,Fiction,361,88418.24,218,152,213,320,108.42857142857144,56.81800519452964,0,7,0
2023-07-03,Fridge,110,28291.16,111,78,97,82,120.42857142857144,44.229918768698,0,7,0
2023-07-03,Furniture,160,41265.06,168,177,128,171,132.14285714285714,44.45007900791019,0,7,0
2023-07-03,Headphones,110,31100.0,79,66,124,99,127.57142857142856,48.4522347020132,0,7,0
2023-07-03,Jacket,84,18529.52,93,99,125,76,126.85714285714286,48.99465471330637,0,7,0
2023-07-03,Jeans,103,23084.12,102,109,95,95,124.71428571428572,49.81871899100458,0,7,0
2023-07-03,Juice,172,39718.3,172,190,254,115,134.71428571428572,51.49664806474983,0,7,0
2023-07-03,Kitchen,62,14935.48,67,78,71,85,113.14285714285714,41.438422474109096,0,7,0
2023-07-03,Laptop,94,23583.94,69,92,115,128,107.14285714285714,44.71177537453345,0,7,0
2023-07-03,Lighting,62,20508.7,134,82,70,93,102.28571428571428,38.40014880923376,0,7,0
2023-07-03,Literature,82,22017.82,42,61,69,101,97.0,44.24176006143053,0,7,0
2023-07-03,Mitsubishi 1.5 Ton 3 Star Split AC,148,31140.72,115,136,91,99,100.14285714285714,44.68940430507796,0,7,0
2023-07-03,Non-Fiction,233,62517.77,265,357,200,224,123.42857142857144,76.7699097799324,0,7,0
2023-07-03,Shirt,57,13492.33,139,123,81,60,118.71428571428572,74.26240476785455,0,7,0
2023-07-03,Shoes,172,38565.47,204,167,150,181,138.28571428571428,76.38436638849194,0,7,0
2023-07-03,Shorts,83,18622.27,133,154,78,82,147.42857142857142,70.29665033000516,0,7,0
2023-07-03,Smartphone,239,68615.05,308,352,238,231,172.28571428571428,92.12982558273288,0,7,0
2023-07-03,Snacks,62,17638.14,121,85,91,91,183.57142857142856,77.1272911985057,0,7,0
2023-07-03,Soft Drink,198,47844.1,175,121,199,149,192.14285714285717,71.35458072525027,0,7,0
2023-07-03,T-shirt,117,33038.67,184,225,286,168,180.57142857142856,63.73083278617258,0,7,0
2023-07-03,Tablet,183,43877.77,195,176,187,237,188.57142857142856,61.10334727017095,0,7,0
2023-07-03,Television,210,62930.89,157,174,165,222,181.8571428571429,61.70475014515686,0,7,0
2023-07-03,Thriller,93,26179.11,106,91,117,91,178.0,65.96463699084055,0,7,0
2023-07-03,Tools,74,18109.19,140,92,67,29,154.0,33.21646178227469,0,7,0
2023-07-03,Water,415,107396.84,399,390,287,301,193.7142857142857,95.32001238934473,0,7,0
2023-07-04,Bathroom,140,40685.63,135,85,61,81,188.0,97.7957054271815,1,7,0
2023-07-04,Bedding,109,27385.3,122,78,72,90,179.14285714285714,100.97430130389397,1,7,0
2023-07-04,BlueStar AC,31,4620.19,11,57,42,40,152.85714285714286,118.574067669999,1,7,0
2023-07-04,Children's,68,22192.82,82,72,140,77,142.14285714285714,121.48995647299196,1,7,0
2023-07-04,Chocolate,65,18814.72,84,96,69,128,139.0,122.8576411950024,1,7,0
2023-07-04,Coffee,85,18952.22,71,108,100,107,129.14285714285714,125.50355714936045,1,7,0
2023-07-04,Decorations,224,58557.08,222,170,124,150,103.85714285714286,65.6135874430192,1,7,0
2023-07-04,Dress,28,6059.32,123,96,69,101,102.14285714285714,64.81622371862404,1,7,0
2023-07-04,Fiction,264,58970.52,361,242,247,233,136.28571428571428,118.08148921502487,1,7,0
2023-07-04,Fridge,88,26710.36,110,97,155,140,150.42857142857142,105.87234001830862,1,7,0
2023-07-04,Furniture,143,41304.1,160,198,178,120,161.57142857142858,101.4837542710772,1,7,0
2023-07-04,Headphones,73,19043.73,110,96,76,83,165.28571428571428,98.60648100017616,1,7,0
2023-07-04,Jacket,63,14811.17,84,98,143,79,167.14285714285714,96.63751613017344,1,7,0
2023-07-04,Jeans,72,20892.64,103,141,83,88,150.14285714285714,95.842628948759,1,7,0
2023-07-04,Juice,144,32532.46,172,234,153,164,157.14285714285714,95.31776429646352,1,7,0
2023-07-04,Kitchen,137,35895.88,62,85,99,103,114.42857142857144,39.23373184245423,1,7,0
2023-07-04,Laptop,66,17219.57,94,127,94,100,112.14285714285714,39.9934518449718,1,7,0
2023-07-04,Lighting,84,16407.88,62,82,107,76,98.14285714285714,37.52522960812784,1,7,0
2023-07-04,Literature,113,35728.06,82,106,113,91,94.14285714285714,37.54299122973608,1,7,0
2023-07-04,Mitsubishi 1.5 Ton 3 Star Split AC,97,19551.19,148,121,118,91,103.28571428571428,42.169160475849694,1,7,0
2023-07-04,Non-Fiction,255,59902.0,233,226,299,242,121.85714285714286,64.65402429193999,1,7,0
2023-07-04,Shirt,125,31665.120000000003,57,125,47,105,105.42857142857144,64.39942324497625,1,7,0
2023-07-04,Shoes,148,42423.65,172,186,188,184,121.14285714285714,65.44827110379691,1,7,0
2023-07-04,Shorts,76,25600.57,83,98,104,56,119.57142857142856,66.33464942460779,1,7,0
2023-07-04,Smartphone,268,70543.28,239,262,293,228,144.85714285714286,74.02123247516766,1,7,0
2023-07-04,Snacks,146,43236.33,62,66,90,93,142.0,77.17080622446085,1,7,0
2023-07-04,Soft Drink,227,52522.43,198,120,250,186,149.14285714285714,80.0779382256821,1,7,0
2023-07-04,T-shirt,158,41844.98,117,160,204,119,132.57142857142858,71.3602530424721,1,7,0
2023-07-04,Tablet,185,48161.84,183,194,165,225,150.57142857142858,64.7015124574819,1,7,0
2023-07-04,Television,188,46051.92,210,165,123,200,156.0,68.29348431585535,1,7,0
2023-07-04,Thriller,95,22065.41,93,118,107,101,157.42857142857142,66.59543813920264,1,7,0
2023-07-04,Tools,94,22858.07,74,110,47,117,133.85714285714286,61.950056689315936,1,7,0
2023-07-04,Water,331,81050.33,415,448,381,362,184.28571428571428,114.82118603247748,1,7,0
2023-07-05,Bathroom,43,11007.13,140,105,53,117,176.0,115.75548943066742,2,7,0
2023-07-05,Bedding,79,16038.4,109,108,53,76,174.85714285714286,116.47235519130514,2,7,0
2023-07-05,BlueStar AC,34,11202.94,31,26,41,50,153.14285714285714,128.27240359410712,2,7,0
2023-07-05,Children's,114,31023.26,68,68,133,160,132.85714285714286,129.00830538047848,2,7,0
2023-07-05,Chocolate,110,28484.74,65,67,90,91,128.85714285714286,130.87071046320025,2,7,0
2023-07-05,Coffee,95,25597.2,85,75,74,143,130.42857142857142,130.1663770498574,2,7,0
2023-07-05,Decorations,111,26997.09,224,183,218,189,103.14285714285714,63.53851475398783,2,7,0
2023-07-05,Dress,69,20900.57,28,108,103,133,87.14285714285714,66.73187287303344,2,7,0
2023-07-05,Fiction,216,50794.49,264,223,213,304,109.28571428571428,94.94509691696204,2,7,0
2023-07-05,Fridge,97,22665.33,88,165,90,141,117.42857142857144,89.39399148872153,2,7,0
2023-07-05,Furniture,215,51226.24,143,147,256,156,128.14285714285714,86.94333129770668,2,7,0
2023-07-05,Headphones,104,25996.17,73,91,79,129,129.28571428571428,86.02269910846024,2,7,0
2023-07-05,Jacket,73,19433.9,63,58,118,104,126.14285714285714,88.28255503670837,2,7,0
2023-07-05,Jeans,68,16637.68,72,99,98,95,104.42857142857144,78.33444781375297,2,7,0
2023-07-05,Juice,159,40781.2,144,178,139,182,121.0,71.4376184746751,2,7,0
2023-07-05,Kitchen,55,14943.84,137,65,115,67,102.85714285714286,36.79415067384209,2,7,0
2023-07-05,Laptop,72,20664.79,66,96,52,108,99.71428571428572,39.13955495281756,2,7,0
2023-07-05,Lighting,88,21238.7,84,103,110,52,91.28571428571428,34.32061715506596,2,7,0
2023-07-05,Literature,64,16945.57,113,36,100,51,97.0,34.097898273449715,2,7,0
2023-07-05,Mitsubishi 1.5 Ton 3 Star Split AC,83,18429.92,97,85,135,84,101.85714285714286,30.69977508836277,2,7,0
2023-07-05,Non-Fiction,249,67487.57,255,306,274,303,128.0,62.49266623639336,2,7,0
2023-07-05,Shirt,149,43428.74,125,19,46,80,125.28571428571428,62.09324785007906,2,7,0
2023-07-05,Shoes,146,42899.97,148,175,150,147,126.85714285714286,62.576429458778215,2,7,0
2023-07-05,Shorts,87,24046.02,76,95,52,137,128.28571428571428,61.05111051600962,2,7,0
2023-07-05,Smartphone,251,51111.43,268,264,200,265,154.57142857142858,76.46972634722206,2,7,0
2023-07-05,Snacks,142,38155.91,146,87,102,52,159.28571428571428,74.47083161818964,2,7,0
2023-07-05,Soft Drink,151,31284.81,227,106,199,156,177.85714285714286,72.5337359932803,2,7,0
2023-07-05,T-shirt,146,30665.32,158,167,176,233,164.0,64.11708040764178,2,7,0
2023-07-05,Tablet,139,36370.07,185,156,171,121,172.57142857142858,62.01036779673003,2,7,0
2023-07-05,Television,159,37903.7,188,179,214,202,178.28571428571428,61.206520038621086,2,7,0
2023-07-05,Thriller,97,28004.27,95,112,138,72,181.0,56.12486080160943,2,7,0
2023-07-05,Tools,117,32730.22,94,137,90,58,156.14285714285714,49.286335399812806,2,7,0
2023-07-05,Water,327,102191.93,331,280,290,333,182.57142857142856,81.81046620666832,2,7,0
2023-07-06,Bathroom,94,30723.82,43,72,55,83,156.28571428571428,93.83267782905595,3,7,0
2023-07-06,Bedding,77,22841.16,79,102,132,137,145.0,98.23950325607292,3,7,0
2023-07-06,BlueStar AC,14,6709.700000000001,34,74,19,35,123.42857142857144,104.37888857883232,3,7,0
2023-07-06,Children's,105,25214.24,114,89,45,75,112.85714285714286,100.42149267201758,3,7,0
2023-07-06,Chocolate,109,30278.1,110,102,61,48,115.0,100.1365734051911,3,7,0
2023-07-06,Coffee,70,16438.73,95,102,93,109,115.14285714285714,100.10232859667194,3,7,0
2023-07-06,Decorations,187,52318.11,111,156,139,192,83.71428571428571,33.24512137499155,3,7,0
2023-07-06,Dress,77,19638.93,69,42,82,44,87.42857142857143,29.13678741646398,3,7,0
2023-07-06,Fiction,289,62370.08,216,295,268,278,107.0,56.0832714214605,3,7,0
2023-07-06,Fridge,125,35523.9,97,148,96,154,116.0,46.68333035820417,3,7,0
2023-07-06,Furniture,219,57312.92,215,193,185,195,130.42857142857142,59.74349934750758,3,7,0
2023-07-06,Headphones,56,11450.4,104,108,94,86,129.57142857142858,60.12724602279433,3,7,0
2023-07-06,Jacket,101,27754.08,73,90,38,78,126.42857142857144,62.75310654423649,3,7,0
2023-07-06,Jeans,48,11172.76,68,87,63,76,120.28571428571428,66.50742887255527,3,7,0
2023-07-06,Juice,126,31378.55,159,134,199,165,133.14285714285714,63.57522728083207,3,7,0
2023-07-06,Kitchen,79,15771.95,55,96,127,72,110.14285714285714,57.429459836766185,3,7,0
2023-07-06,Laptop,122,29917.71,72,95,72,53,106.57142857142856,59.13503513951992,3,7,0
2023-07-06,Lighting,124,38596.42,88,112,52,65,88.42857142857143,34.798741082864176,3,7,0
2023-07-06,Literature,130,35785.73,64,94,99,84,82.71428571428571,35.09850084981676,3,7,0
2023-07-06,Mitsubishi 1.5 Ton 3 Star Split AC,61,20196.93,83,92,95,134,84.14285714285714,34.83976928467456,3,7,0
2023-07-06,Non-Fiction,200,53574.51,249,246,309,307,110.0,70.1427116669999,3,7,0
2023-07-06,Shirt,70,24055.62,149,98,66,117,108.57142857142856,69.07208105271089,3,7,0
2023-07-06,Shoes,126,32521.71,146,139,200,190,121.57142857142856,65.7947747237749,3,7,0
2023-07-06,Shorts,86,21746.69,87,123,53,57,123.71428571428572,64.13453122334339,3,7,0
2023-07-06,Smartphone,296,78941.99,251,220,230,266,147.0,77.2549890514088,3,7,0
2023-07-06,Snacks,70,18324.28,142,102,82,96,158.14285714285714,68.4066969709558,3,7,0
2023-07-06,Soft Drink,209,50619.82,151,177,141,231,167.85714285714286,60.30596590561772,3,7,0
2023-07-06,T-shirt,252,68730.3,146,144,236,179,153.14285714285714,48.646440676334834,3,7,0
2023-07-06,Tablet,181,52727.72,139,267,149,192,151.71428571428572,48.93435836476656,3,7,0
2023-07-06,Television,154,31868.12,159,194,130,174,153.57142857142858,48.92803266995675,3,7,0
2023-07-06,Thriller,83,25624.42,97,49,73,58,155.0,46.75824347998233,3,7,0
2023-07-06,Tools,114,33199.36,117,73,108,98,135.85714285714286,21.52849717179837,3,7,0
2023-07-06,Water,341,84647.77,327,313,352,327,162.28571428571428,75.7071425201838,3,7,0
2023-07-07,Bathroom,103,24445.78,94,82,76,70,154.14285714285714,80.06336776043607,4,7,0
2023-07-07,Bedding,82,16020.56,77,106,77,71,144.28571428571428,85.30868319562425,4,7,0
2023-07-07,BlueStar AC,17,3413.1800000000003,14,50,19,34,126.42857142857144,98.64052098885276,4,7,0
2023-07-07,Children's,92,23597.71,105,60,106,102,118.71428571428572,97.77647004897446,4,7,0
2023-07-07,Chocolate,127,31234.79,109,94,98,90,120.42857142857144,97.43691487804963,4,7,0
2023-07-07,Coffee,59,16393.75,70,123,130,90,113.71428571428572,99.31383637357884,4,7,0
2023-07-07,Decorations,205,60789.08,187,162,179,206,93.71428571428572,52.05674559463566,4,7,0
2023-07-07,Dress,148,36219.31,77,110,78,97,91.28571428571428,52.43635598104888,4,7,0
2023-07-07,Fiction,202,57344.56,289,240,292,296,121.57142857142856,90.33614474626954,4,7,0
2023-07-07,Fridge,144,33331.72,125,102,120,201,137.42857142857142,77.07541143334231,4,7,0
2023-07-07,Furniture,168,44149.18,219,175,126,148,153.71428571428572,81.02409988333558,4,7,0
2023-07-07,Headphones,103,31539.44,56,112,43,93,146.14285714285714,88.06896648163199,4,7,0
2023-07-07,Jacket,116,32160.55,101,60,68,67,150.57142857142858,84.30076540351826,4,7,0
2023-07-07,Jeans,77,17313.15,48,87,104,75,130.71428571428572,90.43729740491308,4,7,0
2023-07-07,Juice,210,51533.26,126,246,207,234,137.71428571428572,87.43323983801227,4,7,0
2023-07-07,Kitchen,92,24989.36,79,69,81,71,107.71428571428572,57.91866217870815,4,7,0
2023-07-07,Laptop,75,17181.760000000002,122,72,107,45,107.28571428571428,57.78037234711557,4,7,0
2023-07-07,Lighting,141,46022.12,124,97,110,104,93.71428571428572,33.01875368995563,4,7,0
2023-07-07,Literature,97,22276.37,130,87,94,102,104.28571428571428,30.695897042405825,4,7,0
2023-07-07,Mitsubishi 1.5 Ton 3 Star Split AC,121,28816.45,61,67,121,73,98.57142857142856,34.85138516069225,4,7,0
2023-07-07,Non-Fiction,246,68141.35,200,228,278,203,120.28571428571428,44.19168204430192,4,7,0
2023-07-07,Shirt,66,18227.91,70,130,59,106,112.28571428571428,47.89820555342334,4,7,0
2023-07-07,Shoes,134,33674.82,126,165,238,175,119.0,45.69828589053692,4,7,0
2023-07-07,Shorts,88,21423.95,86,71,97,89,113.85714285714286,47.30196814590374,4,7,0
2023-07-07,Smartphone,366,101796.16,296,278,242,206,138.42857142857142,83.93620026118447,4,7,0
2023-07-07,Snacks,73,17274.76,70,81,88,94,129.85714285714286,87.90985642772254,4,7,0
2023-07-07,Soft Drink,95,25529.65,209,191,120,192,151.0,86.37322115872088,4,7,0
2023-07-07,T-shirt,134,28913.03,252,178,201,158,158.42857142857142,93.25209049105749,4,7,0
2023-07-07,Tablet,176,39840.8,181,176,234,212,174.28571428571428,84.75988494115667,4,7,0
2023-07-07,Television,161,38039.03,154,245,163,173,178.28571428571428,82.73796848226004,4,7,0
2023-07-07,Thriller,101,21865.94,83,117,84,100,177.85714285714286,83.30151773613062,4,7,0
2023-07-07,Tools,91,25051.73,114,75,99,93,151.85714285714286,67.11042783211488,4,7,0
2023-07-07,Water,246,69266.33,341,314,349,385,190.57142857142856,87.18344097907833,4,7,0
2023-07-08,Bathroom,80,23759.96,103,118,82,94,175.42857142857142,92.49298557702852,5,7,1
2023-07-08,Bedding,64,15856.740000000002,82,104,86,95,151.14285714285714,91.34810447117208,5,7,1
2023-07-08,BlueStar AC,22,5818.48,17,78,24,53,127.71428571428572,102.7354438768401,5,7,1
2023-07-08,Children's,95,23433.99,92,103,129,114,118.85714285714286,102.7641775643444,5,7,1
2023-07-08,Chocolate,72,14515.34,127,123,57,108,125.14285714285714,101.54379772858007,5,7,1
2023-07-08,Coffee,93,30050.27,59,74,101,77,117.28571428571428,104.63064287564777,5,7,1
2023-07-08,Decorations,174,41195.97,205,199,129,203,97.85714285714286,58.72088944441092,5,7,1
2023-07-08,Dress,72,20551.82,148,72,106,128,104.28571428571428,61.76221683660095,5,7,1
2023-07-08,Fiction,213,55501.64,202,300,259,268,121.42857142857144,70.57113938633577,5,7,1
2023-07-08,Fridge,113,32648.14,144,131,111,143,139.57142857142858,53.51279330794649,5,7,1
2023-07-08,Furniture,188,52947.44,168,183,255,174,150.42857142857142,49.83592125785399,5,7,1
2023-07-08,Headphones,143,35307.43,103,83,79,86,147.0,52.47221486971273,5,7,1
2023-07-08,Jacket,83,24087.63,116,93,108,54,155.14285714285714,39.3125449503867,5,7,1
2023-07-08,Jeans,73,16070.82,77,95,120,86,136.85714285714286,41.93816309531776,5,7,1
2023-07-08,Juice,219,53408.66,210,195,139,168,145.71428571428572,50.3809298766712,5,7,1
2023-07-08,Kitchen,58,14987.08,92,106,83,102,130.0,46.936126810804645,5,7,1
2023-07-08,Laptop,60,16153.65,75,138,79,116,120.14285714285714,50.60773515128663,5,7,1
2023-07-08,Lighting,120,38058.03,141,91,94,87,116.28571428571428,47.27125372328658,5,7,1
2023-07-08,Literature,67,15837.85,97,98,106,110,115.42857142857144,47.60552188859628,5,7,1
2023-07-08,Mitsubishi 1.5 Ton 3 Star Split AC,48,12877.1,121,178,107,95,116.14285714285714,47.65301169715751,5,7,1
2023-07-08,Non-Fiction,260,55394.99,246,335,217,269,140.28571428571428,64.38870057630231,5,7,1
2023-07-08,Shirt,54,9824.61,66,100,92,140,119.71428571428572,61.334368521284006,5,7,1
2023-07-08,Shoes,184,44541.67,134,166,163,133,125.71428571428572,60.21548606384148,5,7,1
2023-07-08,Shorts,101,27112.56,88,95,57,58,127.57142857142856,58.56864104865028,5,7,1
2023-07-08,Smartphone,291,71194.78,366,270,268,166,159.71428571428572,108.02579057137892,5,7,1
2023-07-08,Snacks,39,14363.23,73,76,42,53,156.28571428571428,110.69585099980672,5,7,1
2023-07-08,Soft Drink,192,48644.95,95,93,150,113,152.57142857142858,112.49867724090072,5,7,1
2023-07-08,T-shirt,168,39377.3,134,177,159,122,136.57142857142858,104.6897911973862,5,7,1
2023-07-08,Tablet,157,32345.2,176,135,173,181,152.28571428571428,100.50325746912252,5,7,1
2023-07-08,Television,157,39581.71,161,168,167,228,156.14285714285714,100.20217657554235,5,7,1
2023-07-08,Thriller,37,11334.38,101,75,103,76,158.0,98.83993794683056,5,7,1
2023-07-08,Tools,101,30928.42,91,80,139,143,118.71428571428572,38.81028336972046,5,7,1
2023-07-08,Water,411,109357.38,246,391,347,367,143.42857142857142,56.08581859631721,5,7,1
2023-07-09,Bathroom,77,14873.19,80,103,67,69,141.28571428571428,58.479951794651065,6,7,1
2023-07-09,Bedding,52,13358.27,64,90,66,72,131.28571428571428,65.49736454167216,6,7,1
2023-07-09,BlueStar AC,29,5632.57,22,27,34,28,109.28571428571428,73.36601003578781,6,7,1
2023-07-09,Children's,122,31853.01,95,86,75,69,99.85714285714286,69.76491136053085,6,7,1
2023-07-09,Chocolate,34,9369.78,72,111,83,58,95.71428571428572,70.54245597679426,6,7,1
2023-07-09,Coffee,93,25998.89,93,98,96,68,96.0,70.52422751556041,6,7,1
2023-07-09,Decorations,148,28717.08,174,117,145,221,85.71428571428571,45.980844873033135,6,7,1
2023-07-09,Dress,92,22023.1,72,102,66,87,84.57142857142857,46.2452056717114,6,7,1
2023-07-09,Fiction,329,86982.28,213,218,294,241,105.85714285714286,65.48645806940601,6,7,1
2023-07-09,Fridge,130,35977.47,113,111,82,94,118.85714285714286,54.10923695460352,6,7,1
2023-07-09,Furniture,177,50243.99,188,168,224,135,132.14285714285714,58.51332774513392,6,7,1
2023-07-09,Headphones,84,16854.43,143,79,92,94,142.28571428571428,52.15909727527293,6,7,1
2023-07-09,Jacket,60,13809.65,83,93,53,49,140.85714285714286,53.843689111564494,6,7,1
2023-07-09,Jeans,72,12760.67,73,102,83,102,126.42857142857144,56.92643540235917,6,7,1
2023-07-09,Juice,141,33990.340000000004,219,172,218,213,147.42857142857142,60.50304990344712,6,7,1
2023-07-09,Kitchen,87,17277.62,58,67,84,145,125.28571428571428,60.86792884520289,6,7,1
2023-07-09,Laptop,86,24284.75,60,69,109,96,117.71428571428572,65.75133531144444,6,7,1
2023-07-09,Lighting,32,10620.8,120,134,135,116,108.0,58.22943127548604,6,7,1
2023-07-09,Literature,78,16990.39,67,42,122,72,97.14285714285714,57.69872491782397,6,7,1
2023-07-09,Mitsubishi 1.5 Ton 3 Star Split AC,168,44671.99,48,115,102,110,92.14285714285714,60.573450101036094,6,7,1
2023-07-09,Non-Fiction,317,74740.47,260,265,249,291,118.85714285714286,86.4377012100397,6,7,1
2023-07-09,Shirt,82,21796.6,54,139,93,92,95.28571428571428,76.50427936987984,6,7,1
2023-07-09,Shoes,229,63647.61,184,204,186,249,113.28571428571428,80.96236633093588,6,7,1
2023-07-09,Shorts,92,20610.62,101,133,63,103,119.14285714285714,77.88972668978519,6,7,1
2023-07-09,Smartphone,337,85890.45999999999,291,308,266,249,143.57142857142858,101.45418858259298,6,7,1
2023-07-09,Snacks,91,24972.22,39,121,78,101,139.57142857142858,105.44960430280904,6,7,1
2023-07-09,Soft Drink,170,43585.05,192,175,182,157,160.14285714285714,98.41989733014452,6,7,1
2023-07-09,T-shirt,177,44472.42,168,184,141,138,147.0,88.50612031567817,6,7,1
2023-07-09,Tablet,136,33072.92,157,195,211,130,161.71428571428572,78.45957406145384,6,7,1
2023-07-09,Television,261,66396.12,157,157,182,187,157.85714285714286,77.84263735560468,6,7,1
2023-07-09,Thriller,131,33030.15,37,106,72,67,148.71428571428572,88.64294347871918,6,7,1
2023-07-09,Tools,109,26310.03,101,140,73,57,121.57142857142856,63.27152372343844,6,7,1
2023-07-09,Water,262,55979.93,411,399,371,516,174.71428571428572,116.33387910910324,6,7,1
2023-07-10,Bathroom,123,26662.48,77,135,83,87,158.28571428571428,121.4917202744207,0,7,0
2023-07-10,Bedding,110,29218.35,52,122,104,104,141.71428571428572,127.69849161953606,0,7,0
2023-07-10,BlueStar AC,31,10294.42,29,11,51,21,123.42857142857144,134.14650839394085,0,7,0
2023-07-10,Children's,107,27418.98,122,82,139,90,118.42857142857144,133.3364880579167,0,7,0
2023-07-10,Chocolate,52,18125.79,34,84,72,123,118.0,133.64629936265817,0,7,0
2023-07-10,Coffee,163,35520.94,93,71,77,68,116.85714285714286,133.84995152710903,0,7,0
2023-07-10,Decorations,178,44235.69,148,222,148,190,79.28571428571429,44.83939594342533,0,7,0
2023-07-10,Dress,82,23826.96,92,123,77,59,81.42857142857143,45.06978715598242,0,7,0
2023-07-10,Fiction,329,80677.88,329,361,152,201,121.0,101.3673188623101,0,7,0
2023-07-10,Fridge,64,13988.07,130,110,78,149,135.42857142857142,92.92623802934057,0,7,0
2023-07-10,Furniture,149,40453.11,177,160,177,198,143.28571428571428,93.92144640729325,0,7,0
2023-07-10,Headphones,124,21605.4,84,110,66,110,150.42857142857142,85.7726785226645,0,7,0
2023-07-10,Jacket,91,24352.26,60,84,99,67,145.71428571428572,90.24543254502169,0,7,0
2023-07-10,Jeans,86,26014.28,72,103,109,95,134.85714285714286,94.40061541365148,0,7,0
2023-07-10,Juice,257,58422.01,141,172,190,231,141.85714285714286,92.490411343426,0,7,0
2023-07-10,Kitchen,91,18165.75,87,62,78,78,107.28571428571428,42.715002382901936,0,7,0
2023-07-10,Laptop,70,17677.18,86,94,92,58,101.0,42.04759208325582,0,7,0
2023-07-10,Lighting,62,15037.81,32,62,82,104,80.28571428571429,33.139675545151825,0,7,0
2023-07-10,Literature,139,36319.87,78,82,61,117,79.42857142857143,33.105171513710935,0,7,0
2023-07-10,Mitsubishi 1.5 Ton 3 Star Split AC,61,11874.02,168,148,136,78,94.85714285714286,45.41816292860588,0,7,0
2023-07-10,Non-Fiction,222,55776.18,317,233,357,216,129.85714285714286,93.6543798075818,0,7,0
2023-07-10,Shirt,94,19720.07,82,57,123,79,121.42857142857144,95.12773367575636,0,7,0
2023-07-10,Shoes,146,37377.57,229,172,167,130,141.71428571428572,101.49008865518864,0,7,0
2023-07-10,Shorts,130,32427.95,92,83,154,93,142.57142857142858,100.96510476868892,0,7,0
2023-07-10,Smartphone,360,86742.47,337,239,352,337,186.14285714285717,110.6427111192127,0,7,0
2023-07-10,Snacks,92,15645.27,91,62,85,57,188.0,108.61552989022044,0,7,0
2023-07-10,Soft Drink,158,42947.91,170,198,121,237,188.28571428571428,108.55676592719344,0,7,0
2023-07-10,T-shirt,133,33955.38,177,117,225,181,168.28571428571428,92.6169787992718,0,7,0
2023-07-10,Tablet,120,28960.55,136,183,176,190,176.0,86.26316324673789,0,7,0
2023-07-10,Television,209,43808.61,261,210,174,186,180.57142857142856,90.29370067148874,0,7,0
2023-07-10,Thriller,88,19344.34,131,93,91,57,186.14285714285717,84.96357763070925,0,7,0
2023-07-10,Tools,106,30525.92,109,74,92,75,153.57142857142858,56.39106649951178,0,7,0
2023-07-10,Water,381,106281.13,262,415,390,364,178.0,61.5683901581541,0,7,0
2023-07-11,Bathroom,101,27906.93,123,140,85,125,171.28571428571428,65.05052981007485,1,7,0
2023-07-11,Bedding,91,20014.94,110,109,78,58,161.71428571428572,68.88568860974017,1,7,0
2023-07-11,BlueStar AC,40,9239.59,31,31,57,26,146.71428571428572,84.97198417854004,1,7,0
2023-07-11,Children's,58,11418.95,107,68,72,63,124.71428571428572,68.85906932693293,1,7,0
2023-07-11,Chocolate,176,45076.82,52,65,96,59,113.42857142857144,73.94335025963426,1,7,0
2023-07-11,Coffee,65,19454.3,163,85,108,124,121.14285714285714,76.18711302100972,1,7,0
2023-07-11,Decorations,149,40498.74,178,224,170,107,109.14285714285714,53.55815708625614,1,7,0
2023-07-11,Dress,79,20182.82,82,28,96,139,103.28571428571428,54.02997404439486,1,7,0
2023-07-11,Fiction,191,58789.8,329,264,242,268,134.57142857142858,101.2963591692827,1,7,0
2023-07-11,Fridge,118,24533.56,64,88,97,101,139.28571428571428,96.31842033192844,1,7,0
2023-07-11,Furniture,207,44461.09,149,143,198,152,145.28571428571428,95.27454064564184,1,7,0
2023-07-11,Headphones,49,9409.0,124,73,96,92,155.57142857142858,87.0571788019366,1,7,0
2023-07-11,Jacket,151,32851.74,91,63,98,65,145.28571428571428,90.22880967428338,1,7,0
2023-07-11,Jeans,66,13578.91,86,72,141,113,132.14285714285714,91.36269948476128,1,7,0
2023-07-11,Juice,192,49922.97,257,144,234,166,157.14285714285714,98.98051756352277,1,7,0
2023-07-11,Kitchen,132,36422.45,91,137,85,86,123.14285714285714,65.23145604033976,1,7,0
2023-07-11,Laptop,90,17099.920000000002,70,66,127,91,124.0,64.35837163881574,1,7,0
2023-07-11,Lighting,84,19500.84,62,84,82,96,111.57142857142856,67.06926057655338,1,7,0
2023-07-11,Literature,77,15183.72,139,113,106,98,113.71428571428572,67.76851354848603,1,7,0
2023-07-11,Mitsubishi 1.5 Ton 3 Star Split AC,91,20654.91,61,97,121,162,109.42857142857144,70.3440524442942,1,7,0
2023-07-11,Non-Fiction,218,50821.88,222,255,226,303,128.85714285714286,80.79898632084516,1,7,0
2023-07-11,Shirt,91,24160.71,94,125,125,64,105.57142857142856,57.97947091530708,1,7,0
2023-07-11,Shoes,191,51877.83,146,148,186,174,113.42857142857144,59.38534371053984,1,7,0
2023-07-11,Shorts,94,24193.55,130,76,98,81,122.0,56.3234705370084,1,7,0
2023-07-11,Smartphone,283,65559.56999999999,360,268,262,265,164.57142857142858,99.49180392182583,1,7,0
2023-07-11,Snacks,164,33155.37,92,146,66,85,157.85714285714286,103.02819771212882,1,7,0
2023-07-11,Soft Drink,154,42938.880000000005,158,227,120,158,171.71428571428572,93.95338256411048,1,7,0
2023-07-11,T-shirt,225,50289.25,133,158,160,135,159.0,92.01630290334415,1,7,0
2023-07-11,Tablet,165,47621.14,120,185,194,227,162.71428571428572,89.44405008293221,1,7,0
2023-07-11,Television,166,33327.15,209,188,165,245,171.71428571428572,90.64346691978469,1,7,0
2023-07-11,Thriller,127,31214.92,88,95,118,84,165.71428571428572,95.14325039243766,1,7,0
2023-07-11,Tools,48,13161.25,106,94,110,97,129.42857142857142,42.65308563616059,1,7,0
2023-07-11,Water,333,93163.92,381,331,448,369,170.71428571428572,100.72357268900907,1,7,0
2023-07-12,Bathroom,58,15223.11,101,43,105,105,162.57142857142858,104.16790475454695,2,7,0
2023-07-12,Bedding,75,16411.25,91,79,108,52,156.57142857142858,107.31706472389357,2,7,0
2023-07-12,BlueStar AC,48,12775.05,40,34,26,19,145.14285714285714,115.78633853126264,2,7,0
2023-07-12,Children's,64,12311.9,58,114,68,68,123.57142857142856,115.97249263346448,2,7,0
2023-07-12,Chocolate,79,25617.61,176,110,67,101,136.14285714285714,116.24317696310668,2,7,0
2023-07-12,Coffee,80,20131.83,65,95,75,102,130.28571428571428,119.01500505638508,2,7,0
2023-07-12,Decorations,241,57649.24,149,111,183,129,97.14285714285714,49.65020500604951,2,7,0
2023-07-12,Dress,131,31688.71,79,69,108,101,94.0,50.05996404313413,2,7,0
2023-07-12,Fiction,260,71014.42,191,216,223,271,108.28571428571428,61.92391645052284,2,7,0
2023-07-12,Fridge,79,21310.94,118,97,165,126,119.42857142857144,54.11363704544018,2,7,0
2023-07-12,Furniture,148,43396.92,207,215,147,200,140.71428571428572,55.2168883757924,2,7,0
2023-07-12,Headphones,112,28918.19,49,104,91,60,122.57142857142856,62.12314958439922,2,7,0
2023-07-12,Jacket,120,33675.5,151,73,58,39,134.85714285714286,57.14434521871903,2,7,0
2023-07-12,Jeans,87,21706.14,66,68,99,75,123.0,62.11548384528015,2,7,0
2023-07-12,Juice,182,40056.94,192,159,178,203,139.14285714285714,63.44401356426633,2,7,0
2023-07-12,Kitchen,141,38997.6,132,55,65,65,130.71428571428572,59.182526378749394,2,7,0
2023-07-12,Laptop,90,26388.1,90,72,96,40,126.71428571428572,61.10022991149892,2,7,0
2023-07-12,Lighting,63,12434.51,84,88,103,45,109.14285714285714,51.01773734505901,2,7,0
2023-07-12,Literature,94,27638.49,77,64,36,121,113.14285714285714,46.40556206400372,2,7,0
2023-07-12,Mitsubishi 1.5 Ton 3 Star Split AC,90,26014.52,91,83,85,103,104.57142857142856,43.71062854294073,2,7,0
2023-07-12,Non-Fiction,271,68781.36,218,249,306,254,126.28571428571428,57.06929789216521,2,7,0
2023-07-12,Shirt,91,23248.32,91,149,19,69,111.85714285714286,50.01809196490238,2,7,0
2023-07-12,Shoes,183,50393.09,191,146,175,143,120.28571428571428,58.26867164470129,2,7,0
2023-07-12,Shorts,108,25235.42,94,87,95,87,120.85714285714286,57.94085654478003,2,7,0
2023-07-12,Smartphone,309,58234.63,283,251,264,185,149.28571428571428,81.05289278348673,2,7,0
2023-07-12,Snacks,94,27941.25,164,142,87,59,161.71428571428572,74.52899723309993,2,7,0
2023-07-12,Soft Drink,175,35816.37,154,151,106,238,170.71428571428572,68.09237423215195,2,7,0
2023-07-12,T-shirt,145,30844.63,225,146,167,209,171.71428571428572,68.94856606126604,2,7,0
2023-07-12,Tablet,178,44343.76,165,139,156,225,182.28571428571428,59.54190201226457,2,7,0
2023-07-12,Television,180,49740.35,166,159,179,170,178.71428571428572,59.68169536721269,2,7,0
2023-07-12,Thriller,69,11644.46,127,97,112,135,183.42857142857144,52.77896406352696,2,7,0
2023-07-12,Tools,81,17480.47,48,117,137,122,149.85714285714286,53.620358606995744,2,7,0
2023-07-12,Water,384,108697.65,333,327,280,328,174.0,88.0454428122206,2,7,0
2023-07-13,Bathroom,86,23578.55,58,94,72,62,160.28571428571428,98.5320832448569,3,7,0
2023-07-13,Bedding,123,24804.63,75,77,102,93,138.85714285714286,98.42328412089694,3,7,0
2023-07-13,BlueStar AC,23,7142.92,48,14,74,26,122.14285714285714,103.06863178068666,3,7,0
2023-07-13,Children's,28,6316.71,64,105,89,77,107.57142857142856,103.0450664238012,3,7,0
2023-07-13,Chocolate,115,30728.49,79,109,102,49,100.71428571428572,103.13375503961495,3,7,0
2023-07-13,Coffee,40,8324.119999999999,80,70,102,83,105.28571428571428,101.0968418328254,3,7,0
2023-07-13,Decorations,201,56534.78,241,187,156,151,92.14285714285714,66.68190302080508,3,7,0
2023-07-13,Dress,88,28725.18,131,77,42,86,102.57142857142856,66.15853974319765,3,7,0
2023-07-13,Fiction,249,67415.15000000001,260,289,295,261,129.0,86.98275691193014,3,7,0
2023-07-13,Fridge,111,29812.73,79,125,148,173,133.42857142857142,82.86305397633889,3,7,0
2023-07-13,Furniture,168,44230.04,148,219,193,139,145.42857142857142,77.00834834149914,3,7,0
2023-07-13,Headphones,107,26573.41,112,56,108,58,150.14285714285714,73.1788415947043,3,7,0
2023-07-13,Jacket,84,17021.83,120,101,90,74,155.85714285714286,68.17973445589361,3,7,0
2023-07-13,Jeans,73,9174.36,87,48,87,58,133.85714285714286,60.54592904406919,3,7,0
2023-07-13,Juice,179,54817.55,182,126,134,194,141.14285714285714,63.157022759226656,3,7,0
2023-07-13,Kitchen,89,23660.22,141,79,96,76,124.14285714285714,36.01586951807186,3,7,0
2023-07-13,Laptop,37,7593.44,90,122,95,99,125.71428571428572,33.89549766421324,3,7,0
2023-07-13,Lighting,40,13446.38,63,124,112,103,113.57142857142856,39.36520097267319,3,7,0
2023-07-13,Literature,90,22662.92,94,130,94,118,111.0,40.06661120350997,3,7,0
2023-07-13,Mitsubishi 1.5 Ton 3 Star Split AC,95,20583.68,90,61,92,104,106.71428571428572,40.54509541121653,3,7,0
2023-07-13,Non-Fiction,241,62039.91,271,200,246,251,133.0,72.60394846930345,3,7,0
2023-07-13,Shirt,131,33485.53,91,70,98,78,120.0,70.48404074682377,3,7,0
2023-07-13,Shoes,191,49111.53,183,126,139,172,126.0,74.25631286294737,3,7,0
2023-07-13,Shorts,108,30015.53,108,86,123,100,128.57142857142858,73.10462170263685,3,7,0
2023-07-13,Smartphone,227,51248.35,309,296,220,242,163.71428571428572,92.80394080302528,3,7,0
2023-07-13,Snacks,140,35401.91,94,70,102,77,163.71428571428572,92.80394080302528,3,7,0
2023-07-13,Soft Drink,170,43632.52,175,209,177,165,175.85714285714286,86.9260769685534,3,7,0
2023-07-13,T-shirt,153,41435.86,145,252,144,176,157.85714285714286,76.3422743775874,3,7,0
2023-07-13,Tablet,162,37460.32,178,181,267,213,170.28571428571428,70.50227959840328,3,7,0
2023-07-13,Television,197,50633.48,180,154,194,175,169.85714285714286,70.42118187834438,3,7,0
2023-07-13,Thriller,80,20394.86,69,83,49,80,164.28571428571428,77.33415434703751,3,7,0
2023-07-13,Tools,79,18942.1,81,114,73,66,131.71428571428572,49.07719866263112,3,7,0
2023-07-13,Water,331,83409.26,384,341,313,422,173.14285714285714,103.81301872666484,3,7,0
2023-07-14,Bathroom,105,25800.94,86,103,82,98,160.42857142857142,108.87432685265628,4,7,0
2023-07-14,Bedding,115,28266.89,123,82,106,109,157.28571428571428,109.70827116450582,4,7,0
2023-07-14,BlueStar AC,41,11090.27,23,17,50,48,135.14285714285714,119.99087266875536,4,7,0
2023-07-14,Children's,69,16620.82,28,92,60,69,113.42857142857144,124.19991565061125,4,7,0
2023-07-14,Chocolate,164,40071.67,115,127,94,78,120.0,122.664855059086,4,7,0
2023-07-14,Coffee,67,15041.7,40,59,123,98,114.14285714285714,125.77682427144288,4,7,0
2023-07-14,Decorations,182,55282.73,201,205,162,158,88.0,64.36355076179777,4,7,0
2023-07-14,Dress,78,17507.690000000002,88,148,110,121,88.28571428571429,64.35763173008012,4,7,0
2023-07-14,Fiction,264,69384.44,249,202,240,232,106.28571428571428,88.7012105999949,4,7,0
2023-07-14,Fridge,162,42141.17,111,144,102,114,118.85714285714286,80.81548649326294,4,7,0
2023-07-14,Furniture,221,60893.42,168,168,175,153,138.85714285714286,71.35224493414907,4,7,0
2023-07-14,Headphones,111,30279.52,107,103,112,44,137.71428571428572,71.86031423466436,4,7,0
2023-07-14,Jacket,55,15133.52,84,116,60,137,144.0,63.30350174621691,4,7,0
2023-07-14,Jeans,42,11242.58,73,77,87,82,125.71428571428572,62.57719042833965,4,7,0
2023-07-14,Juice,157,36575.49,179,210,246,135,138.71428571428572,62.88803353504312,4,7,0
2023-07-14,Kitchen,90,29530.06,89,92,69,86,115.85714285714286,41.594985961564646,4,7,0
2023-07-14,Laptop,111,24891.8,37,75,72,95,105.28571428571428,51.30534178073448,4,7,0
2023-07-14,Lighting,44,10434.89,40,141,97,110,87.0,47.92702786528548,4,7,0
2023-07-14,Literature,101,25413.24,90,97,87,66,84.57142857142857,47.169400896685424,4,7,0
2023-07-14,Mitsubishi 1.5 Ton 3 Star Split AC,79,24314.96,95,121,67,119,86.14285714285714,47.33014744475984,4,7,0
2023-07-14,Non-Fiction,330,88399.95,241,246,228,307,110.14285714285714,74.40526095070663,4,7,0
2023-07-14,Shirt,66,12351.99,131,66,130,110,103.28571428571428,69.01863102504502,4,7,0
2023-07-14,Shoes,196,41543.61,191,134,165,151,117.85714285714286,75.92195240602526,4,7,0
2023-07-14,Shorts,99,17247.78,108,88,71,79,128.0,67.60670578179794,4,7,0
2023-07-14,Smartphone,338,78190.22,227,366,278,299,154.71428571428572,63.881959596624256,4,7,0
2023-07-14,Snacks,130,37376.55,140,73,81,58,161.85714285714286,57.9609885222481,4,7,0
2023-07-14,Soft Drink,186,55022.61,170,95,191,197,172.57142857142858,49.916120117844216,4,7,0
2023-07-14,T-shirt,214,57375.77,153,134,178,180,160.0,39.88316269638917,4,7,0
2023-07-14,Tablet,201,52680.35,162,176,176,188,164.42857142857142,37.79266746719136,4,7,0
2023-07-14,Television,116,33572.54,197,161,245,177,165.28571428571428,38.556081602925104,4,7,0
2023-07-14,Thriller,108,21847.73,80,101,117,38,161.28571428571428,46.18699054103957,4,7,0
2023-07-14,Tools,133,37339.24,79,91,75,77,140.14285714285714,44.94970734583415,4,7,0
2023-07-14,Water,416,99220.61,331,246,314,282,167.42857142857142,84.98795432855397,4,7,0
2023-07-15,Bathroom,73,22825.83,105,80,118,121,158.14285714285714,88.152195229668,5,7,1
2023-07-15,Bedding,108,31068.27,115,64,104,88,152.71428571428572,89.67852638864035,5,7,1
2023-07-15,BlueStar AC,31,4365.02,41,22,78,52,135.42857142857142,98.78909714278016,5,7,1
2023-07-15,Children's,87,22859.6,69,95,103,171,117.14285714285714,97.3283592988674,5,7,1
2023-07-15,Chocolate,100,21968.47,164,72,123,93,129.14285714285714,97.1638282685972,5,7,1
2023-07-15,Coffee,93,23455.12,67,93,74,143,127.42857142857144,98.29523071315468,5,7,1
2023-07-15,Decorations,209,55372.39,182,174,199,118,106.14285714285714,52.18054736977574,5,7,1
2023-07-15,Dress,97,29590.66,78,72,72,144,102.28571428571428,53.26573096502079,5,7,1
2023-07-15,Fiction,258,75163.78,264,213,300,275,123.57142857142856,81.48794827632877,5,7,1
2023-07-15,Fridge,150,43721.78,162,113,131,100,140.85714285714286,73.49473580111804,5,7,1
2023-07-15,Furniture,226,50669.45,221,188,183,136,162.57142857142858,71.14271371184617,5,7,1
2023-07-15,Headphones,67,11461.25,111,143,83,89,155.0,73.73827590426365,5,7,1
2023-07-15,Jacket,90,22977.92,55,83,93,74,153.28571428571428,76.22273126767851,5,7,1
2023-07-15,Jeans,141,29601.56,42,73,95,85,133.28571428571428,85.26373649978459,5,7,1
2023-07-15,Juice,154,40305.94,157,219,195,179,144.57142857142858,81.88784432148037,5,7,1
2023-07-15,Kitchen,110,25611.43,90,58,106,61,119.71428571428572,64.06172618580203,5,7,1
2023-07-15,Laptop,75,18061.06,111,60,138,108,112.42857142857144,61.29126403998327,5,7,1
2023-07-15,Lighting,76,18287.11,44,120,91,50,87.14285714285714,42.73729273685972,5,7,1
2023-07-15,Literature,98,24601.19,101,67,98,79,85.71428571428571,41.967107301289474,5,7,1
2023-07-15,Mitsubishi 1.5 Ton 3 Star Split AC,146,35220.4,79,48,178,114,89.14285714285714,39.972609669739846,5,7,1
2023-07-15,Non-Fiction,307,71989.44,330,260,335,302,130.28571428571428,94.45230592864333,5,7,1
2023-07-15,Shirt,74,20929.21,66,54,100,102,117.28571428571428,96.40490009280995,5,7,1
2023-07-15,Shoes,201,48537.21,196,184,166,145,132.42857142857142,99.67423127846192,5,7,1
2023-07-15,Shorts,109,22782.05,99,101,95,55,130.71428571428572,100.20597834080571,5,7,1
2023-07-15,Smartphone,179,46481.24,338,291,270,308,172.71428571428572,117.86109661477832,5,7,1
2023-07-15,Snacks,63,19462.49,130,39,76,89,176.85714285714286,115.40425840125172,5,7,1
2023-07-15,Soft Drink,202,56561.16,186,192,93,189,192.14285714285717,107.06762438046452,5,7,1
2023-07-15,T-shirt,258,59907.0,214,168,177,145,175.57142857142858,89.75124352501047,5,7,1
2023-07-15,Tablet,126,26844.22,201,157,135,200,194.8571428571429,75.68449548713998,5,7,1
2023-07-15,Television,195,53395.03,116,157,168,139,183.42857142857144,81.31391259158801,5,7,1
2023-07-15,Thriller,115,36012.65,108,37,75,83,184.7142857142857,79.81377133827301,5,7,1
2023-07-15,Tools,69,15552.64,133,101,80,58,155.42857142857142,43.58079524613675,5,7,1
2023-07-15,Water,427,107266.12,416,411,391,326,196.28571428571428,105.64202807234513,5,7,1
2023-07-16,Bathroom,79,25818.92,73,77,103,134,180.14285714285714,115.63654060810342,6,7,1
2023-07-16,Bedding,93,27080.34,108,52,90,79,165.0,117.39108427247218,6,7,1
2023-07-16,BlueStar AC,58,12267.44,31,29,27,38,140.71428571428572,125.9731641868142,6,7,1
2023-07-16,Children's,78,17156.58,87,122,86,128,136.57142857142858,127.39028893242082,6,7,1
2023-07-16,Chocolate,34,8095.709999999999,100,34,111,117,135.42857142857142,127.7247785185748,6,7,1
2023-07-16,Coffee,73,19049.33,93,93,98,61,129.71428571428572,128.74226745156915,6,7,1
2023-07-16,Decorations,154,38962.66,209,148,117,248,100.14285714285714,54.2415233667228,6,7,1
2023-07-16,Dress,99,31049.05,97,92,102,85,103.57142857142856,52.98382502505456,6,7,1
2023-07-16,Fiction,199,57279.13,258,329,218,237,125.0,79.01265721389152,6,7,1
2023-07-16,Fridge,141,24119.76,150,130,111,129,142.0,67.35973079914503,6,7,1
2023-07-16,Furniture,225,53544.11,226,177,168,174,161.85714285714286,68.91402511203975,6,7,1
2023-07-16,Headphones,64,13542.44,67,84,79,57,157.14285714285714,74.73381334538495,6,7,1
2023-07-16,Jacket,58,16724.74,90,60,93,148,156.71428571428572,75.17028288207653,6,7,1
2023-07-16,Jeans,112,27179.12,141,72,102,124,147.0,71.59608927867473,6,7,1
2023-07-16,Juice,188,51970.82,154,141,172,235,155.14285714285714,68.11859406316923,6,7,1
2023-07-16,Kitchen,81,22549.67,110,87,67,89,134.0,51.91338940966905,6,7,1
2023-07-16,Laptop,78,16155.06,75,86,69,88,123.28571428571428,55.66481319982443,6,7,1
2023-07-16,Lighting,53,11735.47,76,32,134,43,101.85714285714286,34.30951554806244,6,7,1
2023-07-16,Literature,76,22989.97,98,78,42,128,106.28571428571428,30.89074449148133,6,7,1
2023-07-16,Mitsubishi 1.5 Ton 3 Star Split AC,69,18691.08,146,168,115,89,114.28571428571428,33.1396755451528,6,7,1
2023-07-16,Non-Fiction,306,80049.35,307,317,265,189,138.0,80.70315978944038,6,7,1
2023-07-16,Shirt,82,19591.83,74,82,139,101,126.57142857142856,83.66970208874281,6,7,1
2023-07-16,Shoes,185,44726.09,201,229,204,152,139.57142857142858,87.64104278791034,6,7,1
2023-07-16,Shorts,85,25809.98,109,92,133,95,144.42857142857142,84.34622525214553,6,7,1
2023-07-16,Smartphone,281,73068.05,179,337,308,229,159.14285714285714,79.24945545854669,6,7,1
2023-07-16,Snacks,41,11810.39,63,91,121,84,154.14285714285714,84.66882261971936,6,7,1
2023-07-16,Soft Drink,154,47223.47,202,170,175,198,162.14285714285714,86.39912918432405,6,7,1
2023-07-16,T-shirt,128,35265.29,258,177,184,186,155.14285714285714,73.76862153930695,6,7,1
2023-07-16,Tablet,115,33199.89,126,136,195,209,162.57142857142858,66.4952558279088,6,7,1
2023-07-16,Television,202,50897.49,195,261,157,197,161.71428571428572,65.95380778927591,6,7,1
2023-07-16,Thriller,94,24978.27,115,131,106,106,162.57142857142858,65.18910221516353,6,7,1
2023-07-16,Tools,108,32672.68,69,109,140,52,146.85714285714286,73.31991219177424,6,7,1
2023-07-16,Water,343,95190.45,427,262,399,369,198.8571428571429,118.86607109323889,6,7,1
2023-07-17,Bathroom,99,31143.08,79,123,135,93,181.28571428571428,127.1281692960748,0,7,0
2023-07-17,Bedding,63,19216.87,93,110,122,60,157.71428571428572,125.8235726267992,0,7,0
2023-07-17,BlueStar AC,36,7552.65,58,31,11,46,148.0,131.19070088996386,0,7,0
2023-07-17,Children's,43,12957.03,78,107,82,84,131.28571428571428,131.65702194934897,0,7,0
2023-07-17,Chocolate,84,22939.63,34,52,84,80,119.71428571428572,136.7865908215105,0,7,0
2023-07-17,Coffee,80,17065.25,73,163,71,119,120.28571428571428,136.54756715239566,0,7,0
2023-07-17,Decorations,170,45551.03,154,178,222,116,81.28571428571429,37.1650117077599,0,7,0
2023-07-17,Dress,61,9584.75,99,82,123,98,84.14285714285714,37.72456569852989,0,7,0
2023-07-17,Fiction,226,48760.3,199,329,361,263,99.28571428571428,57.80344362784941,0,7,0
2023-07-17,Fridge,93,21118.88,141,64,110,147,111.14285714285714,56.41934825166584,0,7,0
2023-07-17,Furniture,226,57127.31,225,149,160,137,132.14285714285714,68.16262067396461,0,7,0
2023-07-17,Headphones,96,29224.49,64,124,110,95,136.42857142857142,61.58965590328991,0,7,0
2023-07-17,Jacket,61,15597.7,58,91,84,71,134.28571428571428,64.36281091260203,0,7,0
2023-07-17,Jeans,109,24189.09,112,86,103,50,128.28571428571428,64.17609701883835,0,7,0
2023-07-17,Juice,191,49865.08,188,257,172,174,141.0,66.19164096268713,0,7,0
2023-07-17,Kitchen,75,22965.05,81,91,62,83,124.14285714285714,63.9464061315628,0,7,0
2023-07-17,Laptop,72,16893.04,78,70,94,81,115.14285714285714,65.59072234045571,0,7,0
2023-07-17,Lighting,59,17465.81,53,62,62,138,90.57142857142856,47.22237161507491,0,7,0
2023-07-17,Literature,89,21450.97,76,139,82,44,92.28571428571428,46.30591857676457,0,7,0
2023-07-17,Mitsubishi 1.5 Ton 3 Star Split AC,63,17790.149999999998,69,61,148,64,93.85714285714286,45.11994596416735,0,7,0
2023-07-17,Non-Fiction,228,61443.55,306,222,233,212,121.57142857142856,92.6586156146257,0,7,0
2023-07-17,Shirt,72,14800.75,82,94,57,78,106.42857142857144,88.56420861509987,0,7,0
2023-07-17,Shoes,174,41057.37,185,146,172,120,121.28571428571428,92.2346903027164,0,7,0
2023-07-17,Shorts,95,24620.17,85,130,83,87,122.28571428571428,91.72370519793674,0,7,0
2023-07-17,Smartphone,344,95654.24,281,360,239,186,154.85714285714286,102.82903054978932,0,7,0
2023-07-17,Snacks,55,17164.16,41,92,62,80,149.85714285714286,108.02226401908771,0,7,0
2023-07-17,Soft Drink,142,38979.12,154,158,198,193,162.0,102.02940752547764,0,7,0
2023-07-17,T-shirt,146,32644.37,128,133,117,147,136.57142857142858,79.9517711766641,0,7,0
2023-07-17,Tablet,218,51075.61,115,120,183,174,141.28571428571428,77.12049940561445,0,7,0
2023-07-17,Television,149,41364.45,202,209,210,170,143.71428571428572,78.97196609285717,0,7,0
2023-07-17,Thriller,102,28132.07,94,88,93,63,145.0,77.92303895511236,0,7,0
2023-07-17,Tools,84,21559.3,108,106,74,118,120.28571428571428,50.04902358592697,0,7,0
2023-07-17,Water,349,106218.24,343,381,415,478,163.42857142857142,86.90580560364792,0,7,0
2023-07-18,Bathroom,56,8287.77,99,101,140,132,155.57142857142858,90.31953857067155,1,7,0
2023-07-18,Bedding,135,34808.07,63,91,109,109,146.28571428571428,96.73970967793625,1,7,0
2023-07-18,BlueStar AC,22,4525.89,36,40,31,28,135.0,105.23307464861008,1,7,0
2023-07-18,Children's,76,22038.55,43,58,68,64,112.28571428571428,105.52047871655684,1,7,0
2023-07-18,Chocolate,92,19039.74,84,176,65,99,110.85714285714286,105.876387942777,1,7,0
2023-07-18,Coffee,83,20172.62,80,65,85,60,106.85714285714286,106.52922693081028,1,7,0
2023-07-18,Decorations,95,21896.06,170,149,224,180,82.14285714285714,44.79370704101221,1,7,0
2023-07-18,Dress,116,28668.63,61,79,28,73,76.71428571428571,44.71284038436746,1,7,0
2023-07-18,Fiction,233,60667.66,226,191,264,215,100.0,71.06100665390646,1,7,0
2023-07-18,Fridge,142,40086.08,93,118,88,191,108.14285714285714,65.55768089102459,1,7,0
2023-07-18,Furniture,179,44951.06,226,207,143,194,134.28571428571428,71.47193921559729,1,7,0
2023-07-18,Headphones,100,26168.92,96,49,73,111,136.0,70.19734088031117,1,7,0
2023-07-18,Jacket,64,16419.37,61,151,63,59,133.28571428571428,73.03358653321564,1,7,0
2023-07-18,Jeans,90,20011.13,109,66,72,112,124.57142857142856,71.54685444484824,1,7,0
2023-07-18,Juice,170,45727.81,191,192,144,188,143.14285714285714,69.12652306080601,1,7,0
2023-07-18,Kitchen,73,22993.04,75,132,137,90,121.57142857142856,62.17142200630147,1,7,0
2023-07-18,Laptop,63,11158.02,72,90,66,67,118.57142857142856,64.25173705267136,1,7,0
2023-07-18,Lighting,71,13109.69,59,84,84,105,94.71428571428572,46.176163712872,1,7,0
2023-07-18,Literature,90,26149.62,89,77,113,100,93.71428571428572,46.219455808544026,1,7,0
2023-07-18,Mitsubishi 1.5 Ton 3 Star Split AC,117,25654.78,63,91,97,105,94.0,45.98912915026615,1,7,0
2023-07-18,Non-Fiction,284,77916.41,228,218,255,355,111.0,68.79680225126668,1,7,0
2023-07-18,Shirt,59,14407.69,72,91,125,73,94.0,59.85538126740591,1,7,0
2023-07-18,Shoes,131,37338.7,174,191,148,146,108.14285714285714,65.99855698278115,1,7,0
2023-07-18,Shorts,56,14850.73,95,94,76,100,111.42857142857144,64.45374864416816,1,7,0
2023-07-18,Smartphone,313,76979.87,344,283,268,208,152.14285714285714,103.81301872666468,1,7,0
2023-07-18,Snacks,42,9365.17,55,164,146,92,147.28571428571428,107.9717776176012,1,7,0
2023-07-18,Soft Drink,134,36643.07,142,154,227,142,158.57142857142858,101.63637331660534,1,7,0
2023-07-18,T-shirt,191,51785.47,146,225,158,211,146.85714285714286,96.91650800461956,1,7,0
2023-07-18,Tablet,200,53380.11,218,165,185,276,167.71428571428572,93.7811535539245,1,7,0
2023-07-18,Television,155,42368.99,149,166,188,236,164.14285714285714,93.97770758967,1,7,0
2023-07-18,Thriller,81,16807.36,102,127,95,109,165.14285714285714,93.15297198949794,1,7,0
2023-07-18,Tools,93,18652.76,84,48,94,93,128.0,53.23219577160607,1,7,0
2023-07-18,Water,332,77985.23,349,333,331,402,170.0,89.59724698151541,1,7,0
2023-07-19,Bathroom,87,23227.71,56,58,43,79,157.71428571428572,99.43291588757089,2,7,0
2023-07-19,Bedding,108,27015.72,135,75,79,75,156.14285714285714,99.73536412498248,2,7,0
2023-07-19,BlueStar AC,33,12476.21,22,48,34,42,128.14285714285714,106.74178902290076,2,7,0
2023-07-19,Children's,60,19533.65,76,64,114,84,117.71428571428572,107.92391499835122,2,7,0
2023-07-19,Chocolate,88,20849.67,92,79,110,154,116.28571428571428,108.23233387134366,2,7,0
2023-07-19,Coffee,66,13590.91,83,80,95,94,116.14285714285714,108.28269878952392,2,7,0
2023-07-19,Decorations,156,41452.76,95,241,111,184,79.85714285714286,35.02108208602401,2,7,0
2023-07-19,Dress,103,23550.62,116,131,69,69,88.42857142857143,35.547419704092505,2,7,0
2023-07-19,Fiction,367,100910.9,233,260,216,213,102.42857142857144,64.47443199402584,2,7,0
2023-07-19,Fridge,87,25798.76,142,79,97,97,119.57142857142856,54.74442785299974,2,7,0
2023-07-19,Furniture,160,39052.93,179,148,215,128,134.28571428571428,54.92332317487142,2,7,0
2023-07-19,Headphones,133,28517.09,100,112,104,124,135.42857142857142,53.97177392815917,2,7,0
2023-07-19,Jacket,79,21153.81,64,120,73,125,132.71428571428572,57.41577682633376,2,7,0
2023-07-19,Jeans,81,21149.88,90,87,68,95,132.0,57.99137866959136,2,7,0
2023-07-19,Juice,261,52691.69,170,182,159,254,139.71428571428572,59.08952046320377,2,7,0
2023-07-19,Kitchen,57,16048.8,73,141,55,71,116.85714285714286,46.62055545010268,2,7,0
2023-07-19,Laptop,118,35654.68,63,90,72,115,105.57142857142856,49.019918206299245,2,7,0
2023-07-19,Lighting,95,27406.73,71,63,88,70,90.14285714285714,37.75989305876519,2,7,0
2023-07-19,Literature,101,24074.12,90,94,64,69,88.71428571428571,37.513172289716486,2,7,0
2023-07-19,Mitsubishi 1.5 Ton 3 Star Split AC,127,28402.58,117,90,83,91,96.28571428571428,37.03923273914611,2,7,0
2023-07-19,Non-Fiction,274,70249.58,284,271,249,200,124.0,79.6366749682577,2,7,0
2023-07-19,Shirt,68,14710.13,59,91,149,81,108.14285714285714,80.00089285215978,2,7,0
2023-07-19,Shoes,160,45312.41,131,183,146,150,116.42857142857144,78.7482426107759,2,7,0
2023-07-19,Shorts,107,24201.14,56,108,87,78,115.42857142857144,79.5798490885242,2,7,0
2023-07-19,Smartphone,195,48776.8,313,309,251,238,150.0,105.42928119518456,2,7,0
2023-07-19,Snacks,88,18655.68,42,94,142,91,143.14285714285714,111.37538413166594,2,7,0
2023-07-19,Soft Drink,222,53311.48,134,175,151,199,145.57142857142858,110.89463038226424,2,7,0
2023-07-19,T-shirt,206,58894.82,191,145,146,286,132.28571428571428,96.1348259576346,2,7,0
2023-07-19,Tablet,162,43992.78,200,178,139,187,152.42857142857142,92.93879194189591,2,7,0
2023-07-19,Television,227,55689.16,155,180,159,165,155.85714285714286,92.45796985915364,2,7,0
2023-07-19,Thriller,85,24875.34,81,69,97,117,159.42857142857142,88.34941452901104,2,7,0
2023-07-19,Tools,81,27820.36,93,81,117,67,128.0,58.80476171195598,2,7,0
2023-07-19,Water,406,113053.8,332,384,327,287,169.42857142857142,84.61059260490012,2,7,0
2023-07-20,Bathroom,87,19733.69,87,86,94,61,162.71428571428572,89.60787592935911,3,7,0
2023-07-20,Bedding,113,27882.46,108,123,77,72,150.85714285714286,90.7256460828074,3,7,0
2023-07-20,BlueStar AC,23,5089.900000000001,33,23,14,42,127.0,97.36357977532764,3,7,0
2023-07-20,Children's,134,31386.91,60,28,105,140,113.42857142857144,99.4096862196316,3,7,0
2023-07-20,Chocolate,51,15117.74,88,115,109,69,114.42857142857144,99.063712062586,3,7,0
2023-07-20,Coffee,82,16557.73,66,40,70,100,110.57142857142856,100.55157406833042,3,7,0
2023-07-20,Decorations,171,43282.72,156,201,187,124,85.42857142857143,39.310122287847975,3,7,0
2023-07-20,Dress,59,11908.46,103,88,77,69,87.71428571428571,39.87778949788901,3,7,0
2023-07-20,Fiction,228,56494.97,367,249,289,247,124.71428571428572,113.68628513840773,3,7,0
2023-07-20,Fridge,99,23987.92,87,111,125,155,132.42857142857142,108.12162463765353,3,7,0
2023-07-20,Furniture,113,28774.24,160,168,219,178,146.71428571428572,103.46289880228268,3,7,0
2023-07-20,Headphones,71,17402.52,133,107,56,76,153.14285714285714,100.56412311129066,3,7,0
2023-07-20,Jacket,107,27664.88,79,84,101,143,155.0,98.79102523340184,3,7,0
2023-07-20,Jeans,134,31866.33,81,73,48,83,144.28571428571428,102.65592089713114,3,7,0
2023-07-20,Juice,176,46603.61,261,179,126,153,166.85714285714286,109.22519332618664,3,7,0
2023-07-20,Kitchen,92,23292.92,57,89,79,99,122.57142857142856,70.54988103665114,3,7,0
2023-07-20,Laptop,78,18642.05,118,37,122,94,127.0,68.89847603539518,3,7,0
2023-07-20,Lighting,102,26261.81,95,40,124,107,117.71428571428572,68.08503087001823,3,7,0
2023-07-20,Literature,80,13967.8,101,90,130,113,113.14285714285714,67.96182401767497,3,7,0
2023-07-20,Mitsubishi 1.5 Ton 3 Star Split AC,116,38923.39,127,95,61,118,120.0,66.34505759034788,3,7,0
2023-07-20,Non-Fiction,226,62938.06,274,241,200,299,147.57142857142858,84.93498914435875,3,7,0
2023-07-20,Shirt,85,15493.06,68,131,70,47,120.0,72.37402849088829,3,7,0
2023-07-20,Shoes,158,41822.64,160,191,126,188,134.71428571428572,67.75375582631094,3,7,0
2023-07-20,Shorts,109,27908.89,107,108,86,104,133.14285714285714,68.33112656134676,3,7,0
2023-07-20,Smartphone,177,43859.34,195,227,296,293,147.42857142857142,69.47147410474079,3,7,0
2023-07-20,Snacks,52,15941.58,88,140,70,90,145.57142857142858,71.07474268415609,3,7,0
2023-07-20,Soft Drink,143,47978.81,222,170,209,250,159.14285714285714,75.8472776295201,3,7,0
2023-07-20,T-shirt,189,48386.54,206,153,252,204,149.42857142857142,61.72481171257098,3,7,0
2023-07-20,Tablet,152,43238.57,162,162,181,165,162.85714285714286,50.207663994747904,3,7,0
2023-07-20,Television,185,54368.15,227,197,154,123,172.42857142857142,55.66224675923269,3,7,0
2023-07-20,Thriller,80,21554.48,85,80,83,107,169.28571428571428,60.39236785586476,3,7,0
2023-07-20,Tools,100,26352.94,81,79,114,47,153.0,67.28050733062759,3,7,0
2023-07-20,Water,431,106943.01,406,331,341,381,198.42857142857144,109.92248350975524,3,7,0
2023-07-21,Bathroom,65,11644.98,87,105,103,53,179.14285714285714,116.7296428667951,4,7,0
2023-07-21,Bedding,117,25245.08,113,115,82,53,165.85714285714286,118.44327555336145,4,7,0
2023-07-21,BlueStar AC,48,11416.7,23,41,17,41,146.0,130.25999641742135,4,7,0
2023-07-21,Children's,57,15000.0,134,69,92,133,132.71428571428572,125.26866366030266,4,7,0
2023-07-21,Chocolate,73,13151.1,51,164,127,90,127.85714285714286,128.05523361871153,4,7,0
2023-07-21,Coffee,74,16928.89,82,67,59,74,128.0,127.99479156069826,4,7,0
2023-07-21,Decorations,188,50253.33,171,182,205,218,94.42857142857144,49.95283489738684,4,7,0
2023-07-21,Dress,69,21972.4,59,78,148,103,90.42857142857144,51.736051720429096,4,7,0
2023-07-21,Fiction,249,53815.25,228,264,202,213,106.85714285714286,73.69628794683453,4,7,0
2023-07-21,Fridge,65,11082.65,99,162,144,90,117.71428571428572,64.27989391640804,4,7,0
2023-07-21,Furniture,190,56209.7,113,221,168,256,114.71428571428572,63.88195959662373,4,7,0
2023-07-21,Headphones,67,16714.25,71,111,103,79,117.57142857142856,60.93673534318706,4,7,0
2023-07-21,Jacket,78,17119.94,107,55,116,118,121.14285714285714,59.2126916897279,4,7,0
2023-07-21,Jeans,86,23536.14,134,42,77,98,115.85714285714286,55.55906338131907,4,7,0
2023-07-21,Juice,163,39993.82,176,157,210,139,132.57142857142858,53.15028109946656,4,7,0
2023-07-21,Kitchen,56,9514.7,92,90,92,115,113.14285714285714,33.7808060463743,4,7,0
2023-07-21,Laptop,111,24701.75,78,111,75,52,110.14285714285714,36.09907003155004,4,7,0
2023-07-21,Lighting,68,19224.16,102,44,141,110,108.57142857142856,36.193264303628034,4,7,0
2023-07-21,Literature,82,17690.56,80,101,97,100,109.85714285714286,34.76793815873211,4,7,0
2023-07-21,Mitsubishi 1.5 Ton 3 Star Split AC,115,32129.91,116,79,121,135,111.14285714285714,34.81105462075836,4,7,0
2023-07-21,Non-Fiction,223,53704.65,226,330,246,274,124.28571428571428,55.87400792769999,4,7,0
2023-07-21,Shirt,60,20450.2,85,66,66,46,111.28571428571428,52.30906322271499,4,7,0
2023-07-21,Shoes,167,44242.49,158,196,134,150,120.71428571428572,54.16860802381771,4,7,0
2023-07-21,Shorts,56,17377.23,109,99,88,52,125.14285714285714,51.28491841801816,4,7,0
2023-07-21,Smartphone,301,76315.81,177,338,366,200,135.85714285714286,53.433536820453824,4,7,0
2023-07-21,Snacks,123,34031.71,52,130,73,102,131.85714285714286,59.06332356442636,4,7,0
2023-07-21,Soft Drink,125,28609.49,143,186,95,199,135.71428571428572,58.73588989625252,4,7,0
2023-07-21,T-shirt,175,45670.74,189,214,134,176,130.42857142857142,50.318509327605376,4,7,0
2023-07-21,Tablet,214,41735.02,152,201,176,171,140.0,46.46145355740186,4,7,0
2023-07-21,Television,166,46007.02,185,116,161,214,143.85714285714286,49.24235497830575,4,7,0
2023-07-21,Thriller,54,15621.35,80,108,101,138,139.71428571428572,53.68337509792678,4,7,0
2023-07-21,Tools,108,23168.45,100,133,91,90,128.71428571428572,52.6488818675638,4,7,0
2023-07-21,Water,345,92510.21,431,416,246,290,182.8571428571429,116.62107952885788,4,7,0
2023-07-22,Bathroom,97,24898.04,65,73,80,55,171.71428571428572,124.52270781630452,5,7,1
2023-07-22,Bedding,107,28931.57,117,108,64,132,161.42857142857142,125.82376185609388,5,7,1
2023-07-22,BlueStar AC,43,9623.81,48,31,22,19,146.57142857142858,133.0549474751653,5,7,1
2023-07-22,Children's,47,7287.86,57,87,95,45,128.28571428571428,135.66344912529445,5,7,1
2023-07-22,Chocolate,53,12762.19,73,100,72,61,127.28571428571428,136.10377693230274,5,7,1
2023-07-22,Coffee,67,14291.83,74,93,93,93,123.57142857142856,137.3218326206202,5,7,1
2023-07-22,Decorations,201,55626.59,188,209,174,139,88.85714285714286,48.89931346289767,5,7,1
2023-07-22,Dress,69,18360.36,69,97,72,82,89.42857142857143,48.59649213285786,5,7,1
2023-07-22,Fiction,296,78404.49,249,258,213,268,108.28571428571428,77.87107782678149,5,7,1
2023-07-22,Fridge,117,25652.56,65,150,113,96,110.71428571428572,75.91818904960346,5,7,1
2023-07-22,Furniture,146,40048.91,190,226,188,185,129.71428571428572,76.87156883554559,5,7,1
2023-07-22,Headphones,72,18225.1,67,67,143,94,128.85714285714286,77.63896910578767,5,7,1
2023-07-22,Jacket,111,24784.69,78,90,83,38,129.42857142857142,77.18129553818275,5,7,1
2023-07-22,Jeans,125,36252.57,86,141,73,63,114.85714285714286,73.83636992573125,5,7,1
2023-07-22,Juice,158,38947.99,163,154,219,199,128.28571428571428,72.64460128074226,5,7,1
2023-07-22,Kitchen,113,36781.42,56,110,58,127,100.71428571428572,53.221907411998245,5,7,1
2023-07-22,Laptop,65,11229.52,111,75,60,72,107.28571428571428,50.864900424929466,5,7,1
2023-07-22,Lighting,114,30789.56,68,76,120,52,89.85714285714286,36.73975399767114,5,7,1
2023-07-22,Literature,69,13659.04,82,98,67,99,92.0,35.60430685558334,5,7,1
2023-07-22,Mitsubishi 1.5 Ton 3 Star Split AC,108,27908.18,115,146,48,95,97.28571428571428,35.92452405490306,5,7,1
2023-07-22,Non-Fiction,194,44551.35,223,307,260,309,116.85714285714286,58.79180376954,5,7,1
2023-07-22,Shirt,91,24562.3,60,74,54,66,102.14285714285714,58.20489261058224,5,7,1
2023-07-22,Shoes,124,38721.37,167,201,184,200,118.0,58.65719620529588,5,7,1
2023-07-22,Shorts,101,21930.29,56,109,101,53,110.14285714285714,63.25458763712523,5,7,1
2023-07-22,Smartphone,192,50903.19,301,179,291,230,143.42857142857142,92.10656354255649,5,7,1
2023-07-22,Snacks,89,24888.38,123,63,39,82,149.28571428571428,88.79323226033644,5,7,1
2023-07-22,Soft Drink,221,50732.18,125,202,192,141,150.71428571428572,88.22832932362515,5,7,1
2023-07-22,T-shirt,214,55423.96,175,258,168,236,143.85714285714286,83.40749081353228,5,7,1
2023-07-22,Tablet,207,56768.17,214,126,157,149,165.85714285714286,77.71835598584698,5,7,1
2023-07-22,Television,114,28927.83,166,195,157,130,165.71428571428572,77.71682418823316,5,7,1
2023-07-22,Thriller,112,28162.42,54,115,37,73,165.42857142857142,78.1896351674506,5,7,1
2023-07-22,Tools,62,16859.58,108,69,101,108,137.85714285714286,52.08783790044274,5,7,1
2023-07-22,Water,382,97382.05,345,427,411,352,169.57142857142858,93.02841347827932,5,7,1
2023-07-23,Bathroom,98,26089.15,97,79,77,76,165.57142857142858,95.8242438753664,6,7,1
2023-07-23,Bedding,50,12657.35,107,93,52,77,155.85714285714286,98.12819603530284,6,7,1
2023-07-23,BlueStar AC,12,3199.25,43,58,29,19,131.42857142857142,102.43185888328712,6,7,1
2023-07-23,Children's,44,7891.13,47,78,122,106,114.42857142857144,105.56492021951368,6,7,1
2023-07-23,Chocolate,89,17973.32,53,34,34,98,114.28571428571428,105.66095823547128,6,7,1
2023-07-23,Coffee,109,23962.05,67,73,93,130,108.42857142857144,107.19275028790712,6,7,1
2023-07-23,Decorations,167,45432.8,201,154,148,179,87.85714285714286,55.651979813324935,6,7,1
2023-07-23,Dress,98,21026.05,69,99,92,78,83.85714285714286,55.89105048046053,6,7,1
2023-07-23,Fiction,317,82843.47,296,199,329,292,110.85714285714286,98.41142984333388,6,7,1
2023-07-23,Fridge,115,28348.27,117,141,130,120,121.42857142857144,93.77252110445592,6,7,1
2023-07-23,Furniture,171,45110.19,146,225,177,126,135.57142857142858,87.96184237659902,6,7,1
2023-07-23,Headphones,99,25215.32,72,64,84,43,138.28571428571428,85.24027664141349,6,7,1
2023-07-23,Jacket,88,26405.53,111,58,60,68,144.57142857142858,80.60367473603378,6,7,1
2023-07-23,Jeans,120,33184.65,125,112,72,104,133.71428571428572,76.76308636689487,6,7,1
2023-07-23,Juice,173,53539.36,158,188,141,207,146.42857142857142,71.44428398609412,6,7,1
2023-07-23,Kitchen,111,27040.59,113,81,87,81,120.28571428571428,27.650884770136056,6,7,1
2023-07-23,Laptop,47,10767.16,65,78,86,107,112.85714285714286,34.75355411766438,6,7,1
2023-07-23,Lighting,108,20176.82,114,53,32,110,108.28571428571428,31.63181039035428,6,7,1
2023-07-23,Literature,72,20522.72,69,76,78,94,107.85714285714286,32.22022434966512,6,7,1
2023-07-23,Mitsubishi 1.5 Ton 3 Star Split AC,67,15736.39,108,69,168,121,107.42857142857144,32.19139192836509,6,7,1
2023-07-23,Non-Fiction,169,34718.340000000004,194,306,317,278,117.28571428571428,46.04966263254637,6,7,1
2023-07-23,Shirt,125,28389.7,91,82,82,59,107.71428571428572,43.04150820511898,6,7,1
2023-07-23,Shoes,138,32319.4,124,185,229,238,109.28571428571428,43.46536661800972,6,7,1
2023-07-23,Shorts,84,25503.65,101,85,92,97,114.42857142857144,39.28043254538176,6,7,1
2023-07-23,Smartphone,246,66210.6,192,281,337,242,125.57142857142856,48.999514088940735,6,7,1
2023-07-23,Snacks,81,23235.66,89,41,91,88,128.42857142857142,45.61745697594623,6,7,1
2023-07-23,Soft Drink,165,46925.84,221,154,170,120,144.57142857142858,55.99659853615213,6,7,1
2023-07-23,T-shirt,212,50130.82,214,128,177,201,147.42857142857142,59.34884762390644,6,7,1
2023-07-23,Tablet,179,39740.82,207,115,136,234,164.0,57.11975723571171,6,7,1
2023-07-23,Television,212,53800.78,114,202,261,163,162.57142857142858,58.397651616188185,6,7,1
2023-07-23,Thriller,75,19763.28,112,94,131,84,164.14285714285714,56.58453431644991,6,7,1
2023-07-23,Tools,99,24083.19,62,108,109,99,145.57142857142858,66.3999426276283,6,7,1
2023-07-23,Water,388,99125.77,382,343,262,349,187.42857142857144,105.5838642073323,6,7,1
2023-07-24,Bathroom,55,12683.4,98,99,123,82,169.85714285714286,109.23739984002503,0,7,0
2023-07-24,Bedding,91,17487.2,50,63,110,86,146.42857142857142,115.59391152198428,0,7,0
2023-07-24,BlueStar AC,20,7168.37,12,36,31,24,118.57142857142856,121.88909869611923,0,7,0
2023-07-24,Children's,74,17718.78,44,43,107,129,108.57142857142856,125.15438085668016,0,7,0
2023-07-24,Chocolate,66,19155.24,89,84,52,57,105.28571428571428,125.35112589005595,0,7,0
2023-07-24,Coffee,115,22266.98,109,80,163,101,112.0,123.8964621501891,0,7,0
2023-07-24,Decorations,149,40006.39,167,170,178,129,81.28571428571429,51.02847011134691,0,7,0
2023-07-24,Dress,128,23457.12,98,61,82,106,81.28571428571429,51.02847011134691,0,7,0
2023-07-24,Fiction,314,85778.82,317,226,329,259,119.42857142857144,100.01809360120278,0,7,0
2023-07-24,Fridge,130,30626.27,115,93,64,111,134.14285714285714,88.49186134221303,0,7,0
2023-07-24,Furniture,267,63690.9,171,226,149,255,152.28571428571428,79.49153893279912,0,7,0
2023-07-24,Headphones,118,29288.06,99,96,124,79,153.71428571428572,78.24473206061896,0,7,0
2023-07-24,Jacket,86,21635.2,88,61,91,108,150.71428571428572,80.6116498729436,0,7,0
2023-07-24,Jeans,114,22568.87,120,109,86,120,144.0,80.98559542700548,0,7,0
2023-07-24,Juice,190,53046.22,173,191,257,139,154.71428571428572,78.81775241173814,0,7,0
2023-07-24,Kitchen,51,15624.01,111,75,91,83,125.28571428571428,33.62892745694815,0,7,0
2023-07-24,Laptop,58,13553.51,47,72,70,79,115.57142857142856,44.995766996673744,0,7,0
2023-07-24,Lighting,81,19255.78,108,59,62,94,106.57142857142856,37.7838463846515,0,7,0
2023-07-24,Literature,39,10474.91,72,89,139,106,102.71428571428572,39.99880950609219,0,7,0
2023-07-24,Mitsubishi 1.5 Ton 3 Star Split AC,65,16138.46,67,63,61,107,99.71428571428572,42.02266961896457,0,7,0
2023-07-24,Non-Fiction,249,60961.55,169,228,222,217,106.71428571428572,49.398766130724255,0,7,0
2023-07-24,Shirt,86,19316.0,125,72,94,92,99.85714285714286,41.337749380069184,0,7,0
2023-07-24,Shoes,196,48384.58,138,174,146,163,103.71428571428572,43.74057721656158,0,7,0
2023-07-24,Shorts,92,29514.48,84,95,130,57,109.0,37.54108860080154,0,7,0
2023-07-24,Smartphone,247,59745.6,246,344,360,268,128.71428571428572,63.9054360904038,0,7,0
2023-07-24,Snacks,83,24135.06,81,55,92,42,130.0,62.65248066384329,0,7,0
2023-07-24,Soft Drink,138,26279.39,165,142,158,150,144.0,56.915141512020114,0,7,0
2023-07-24,T-shirt,220,51351.57,212,146,133,159,150.14285714285714,62.14345921985252,0,7,0
2023-07-24,Tablet,162,39854.2,179,218,120,173,157.85714285714286,61.853128650129584,0,7,0
2023-07-24,Television,170,45566.93,212,149,209,167,168.42857142857142,64.17387096229808,0,7,0
2023-07-24,Thriller,72,16516.85,75,102,88,103,167.14285714285714,66.20530837586081,0,7,0
2023-07-24,Tools,121,22325.67,99,84,106,139,146.14285714285714,60.05116865759399,0,7,0
2023-07-24,Water,349,93970.81,388,349,381,347,190.0,102.0,0,7,0
2023-07-25,Bathroom,113,27340.89,55,56,101,67,174.28571428571428,114.23326177273444,1,7,0
2023-07-25,Bedding,82,20682.19,91,135,91,66,157.0,116.70332757323855,1,7,0
2023-07-25,BlueStar AC,12,2081.64,20,22,40,34,134.28571428571428,126.74872029033672,1,7,0
2023-07-25,Children's,109,31730.92,74,76,58,75,114.57142857142856,123.33268983101064,1,7,0
2023-07-25,Chocolate,91,19375.19,66,92,176,83,113.28571428571428,123.85975171635856,1,7,0
2023-07-25,Coffee,99,19366.79,115,83,65,96,115.57142857142856,123.69971320750484,1,7,0
2023-07-25,Decorations,172,43544.18,149,95,149,145,81.42857142857143,41.93191760801747,1,7,0
2023-07-25,Dress,101,20008.42,128,116,79,66,91.85714285714286,43.31831241491358,1,7,0
2023-07-25,Fiction,291,81008.46,314,233,191,294,123.71428571428572,94.42936387535748,1,7,0
2023-07-25,Fridge,96,19158.52,130,142,118,82,139.42857142857142,82.72012480417915,1,7,0
2023-07-25,Furniture,135,32386.09,267,179,207,224,167.0,89.18893802858419,1,7,0
2023-07-25,Headphones,61,14247.93,118,100,49,92,174.42857142857142,81.18057473488155,1,7,0
2023-07-25,Jacket,30,6569.110000000001,86,64,151,53,170.28571428571428,85.35165353937046,1,7,0
2023-07-25,Jeans,120,32862.869999999995,114,90,66,83,165.28571428571428,87.79657222943305,1,7,0
2023-07-25,Juice,212,66247.32,190,170,192,218,174.14285714285714,86.52635161503977,1,7,0
2023-07-25,Kitchen,89,29088.15,51,73,132,84,136.57142857142858,71.46527628356053,1,7,0
2023-07-25,Laptop,75,15668.33,58,63,90,109,126.28571428571428,77.49562199615755,1,7,0
2023-07-25,Lighting,54,12252.69,81,71,84,135,99.71428571428572,47.15476040201354,1,7,0
2023-07-25,Literature,34,7567.46,39,90,77,122,88.42857142857143,51.3187981895417,1,7,0
2023-07-25,Mitsubishi 1.5 Ton 3 Star Split AC,67,14475.53,65,117,91,102,85.42857142857143,52.09240873312449,1,7,0
2023-07-25,Non-Fiction,205,61854.64,249,284,218,249,104.71428571428572,81.25825965343243,1,7,0
2023-07-25,Shirt,91,21536.05,86,59,91,93,89.85714285714286,72.05189928430794,1,7,0
2023-07-25,Shoes,182,45586.72,196,131,191,186,110.57142857142856,79.47925755159186,1,7,0
2023-07-25,Shorts,77,23057.11,92,56,94,63,115.42857142857144,76.72213314478171,1,7,0
2023-07-25,Smartphone,283,77200.12,247,313,283,266,139.14285714285714,88.9820741712029,1,7,0
2023-07-25,Snacks,84,19270.44,83,42,164,78,145.42857142857142,82.00987164737538,1,7,0
2023-07-25,Soft Drink,197,52704.67,138,134,154,182,155.85714285714286,74.36268905714394,1,7,0
2023-07-25,T-shirt,221,57011.62,220,191,225,141,151.71428571428572,68.91713450638653,1,7,0
2023-07-25,Tablet,196,38347.76,162,200,165,211,162.57142857142858,62.5296120326389,1,7,0
2023-07-25,Television,162,38472.29,170,155,166,182,158.85714285714286,60.9656421585919,1,7,0
2023-07-25,Thriller,132,33633.11,72,81,127,72,156.0,64.95896140384802,1,7,0
2023-07-25,Tools,74,16270.01,121,93,48,73,138.0,51.63009458316528,1,7,0
2023-07-25,Water,305,78271.67,349,332,333,371,176.0,88.86506625215544,1,7,0
2023-07-26,Bathroom,83,18730.25,113,87,58,83,172.42857142857142,91.12053764630866,2,7,0
2023-07-26,Bedding,118,32918.340000000004,82,108,75,104,152.71428571428572,93.99594722772912,2,7,0
2023-07-26,BlueStar AC,67,10772.23,12,33,48,51,131.28571428571428,107.63474390380652,2,7,0
2023-07-26,Children's,127,36371.06,109,60,64,139,122.57142857142856,106.44068323540088,2,7,0
2023-07-26,Chocolate,90,24131.52,91,88,79,72,125.28571428571428,105.17083608065816,2,7,0
2023-07-26,Coffee,90,28013.55,99,66,80,77,122.14285714285714,105.6478877710108,2,7,0
2023-07-26,Decorations,176,37620.91,172,156,241,148,96.85714285714286,47.46025906456958,2,7,0
2023-07-26,Dress,81,21988.13,101,103,131,77,95.14285714285714,46.99442722787518,2,7,0
2023-07-26,Fiction,274,68740.74,291,367,260,152,125.0,86.79285684893605,2,7,0
2023-07-26,Fridge,91,21331.45,96,87,79,78,137.0,73.32803011127412,2,7,0
2023-07-26,Furniture,164,46581.77,135,160,148,177,140.71428571428572,72.32499403321572,2,7,0
2023-07-26,Headphones,69,18562.65,61,133,112,66,136.42857142857142,76.52855053912212,2,7,0
2023-07-26,Jacket,54,18305.53,30,79,120,99,126.57142857142856,86.00941255245822,2,7,0
2023-07-26,Jeans,79,18854.3,120,81,87,109,119.14285714285714,83.6449412127003,2,7,0
2023-07-26,Juice,179,38049.46,212,261,182,190,135.0,89.9184816004655,2,7,0
2023-07-26,Kitchen,112,24153.89,89,57,141,78,106.14285714285714,58.39928244829786,2,7,0
2023-07-26,Laptop,97,22552.62,75,118,90,92,103.14285714285714,59.53550361318922,2,7,0
2023-07-26,Lighting,82,22297.16,54,95,63,82,91.57142857142856,60.17988906286641,2,7,0
2023-07-26,Literature,71,18654.63,34,101,94,61,87.71428571428571,63.25270556983802,2,7,0
2023-07-26,Mitsubishi 1.5 Ton 3 Star Split AC,95,24170.75,67,127,90,136,93.0,59.03106526792931,2,7,0
2023-07-26,Non-Fiction,252,77247.08,205,274,271,357,105.14285714285714,72.67605880762525,2,7,0
2023-07-26,Shirt,112,22410.51,91,68,91,123,87.85714285714286,55.34867830830331,2,7,0
2023-07-26,Shoes,155,38585.47,182,160,183,167,101.14285714285714,65.83673891131049,2,7,0
2023-07-26,Shorts,84,14933.8,77,107,108,154,101.42857142857144,65.70859188583272,2,7,0
2023-07-26,Smartphone,279,65416.02,283,195,309,352,134.14285714285714,90.492041218051,2,7,0
2023-07-26,Snacks,76,19641.18,84,88,94,85,141.28571428571428,82.92710510987762,2,7,0
2023-07-26,Soft Drink,183,54871.47,197,222,175,121,159.85714285714286,77.92395560508213,2,7,0
2023-07-26,T-shirt,154,39462.53,221,206,145,225,162.14285714285714,79.6836005114989,2,7,0
2023-07-26,Tablet,176,47175.03,196,162,178,176,177.14285714285714,73.7188998186772,2,7,0
2023-07-26,Television,245,65807.65,162,227,180,174,174.28571428571428,73.8866570852821,2,7,0
2023-07-26,Thriller,59,14421.25,132,85,69,91,182.14285714285717,64.09219549843418,2,7,0
2023-07-26,Tools,78,20009.120000000003,74,81,81,92,152.28571428571428,57.633075820845896,2,7,0
2023-07-26,Water,289,64577.45,305,406,384,390,183.8571428571429,72.58426958009686,2,7,0
2023-07-27,Bathroom,88,26768.51,83,87,86,85,167.57142857142858,81.39790567096311,3,7,0
2023-07-27,Bedding,66,14947.53,118,113,123,78,152.85714285714286,79.41542371485194,3,7,0
2023-07-27,BlueStar AC,23,5875.65,67,23,23,57,134.42857142857142,82.63747564484468,3,7,0
2023-07-27,Children's,87,25094.84,127,134,28,72,129.42857142857142,81.74524887897537,3,7,0
2023-07-27,Chocolate,72,21129.85,90,51,115,96,123.42857142857144,83.05591920077471,3,7,0
2023-07-27,Coffee,74,19894.24,90,82,40,108,125.71428571428572,81.67764746390533,3,7,0
2023-07-27,Decorations,163,45872.52,176,171,201,170,107.28571428571428,36.59560212973653,3,7,0
2023-07-27,Dress,70,19585.01,81,59,88,96,107.0,36.82390527904232,3,7,0
2023-07-27,Fiction,276,72001.39,274,228,249,242,129.28571428571428,73.51579033494328,3,7,0
2023-07-27,Fridge,101,24564.03,91,99,111,97,132.71428571428572,70.6298196838371,3,7,0
2023-07-27,Furniture,151,42075.47,164,113,168,198,138.0,71.50990607368037,3,7,0
2023-07-27,Headphones,71,21524.63,69,71,107,96,135.0,74.24733440781955,3,7,0
2023-07-27,Jacket,112,29388.7,54,107,84,98,129.85714285714286,78.97980453134481,3,7,0
2023-07-27,Jeans,69,20032.56,79,134,73,141,116.0,78.038452060506,3,7,0
2023-07-27,Juice,190,61757.46,179,176,179,234,130.0,79.49004130497467,3,7,0
2023-07-27,Kitchen,75,22663.39,112,92,89,85,106.85714285714286,47.87284745875687,3,7,0
2023-07-27,Laptop,88,19116.15,97,78,37,127,107.71428571428572,47.59451749138735,3,7,0
2023-07-27,Lighting,116,33448.05,82,102,40,82,96.0,41.077163160729576,3,7,0
2023-07-27,Literature,111,30703.42,71,80,90,106,96.28571428571428,40.86446820777957,3,7,0
2023-07-27,Mitsubishi 1.5 Ton 3 Star Split AC,156,36703.42,95,116,95,121,102.14285714285714,36.49853226011604,3,7,0
2023-07-27,Non-Fiction,219,55945.14,252,226,241,226,126.85714285714286,65.36928068399381,3,7,0
2023-07-27,Shirt,81,16318.64,112,85,131,125,117.28571428571428,61.236465948849926,3,7,0
2023-07-27,Shoes,142,42082.9,155,158,191,186,123.42857142857144,62.755762399046816,3,7,0
2023-07-27,Shorts,118,28514.18,84,109,108,98,121.57142857142856,63.85101707061746,3,7,0
2023-07-27,Smartphone,167,45606.79,279,177,227,262,149.71428571428572,83.80078417635106,3,7,0
2023-07-27,Snacks,78,13716.57,76,52,140,66,150.42857142857142,83.03584997428715,3,7,0
2023-07-27,Soft Drink,176,55118.18,183,143,170,120,163.0,79.84568450037418,3,7,0
2023-07-27,T-shirt,196,50996.92,154,189,153,160,149.0,69.57010852370391,3,7,0
2023-07-27,Tablet,216,51645.78,176,152,162,194,158.14285714285714,68.08677936141109,3,7,0
2023-07-27,Television,249,60552.02,245,185,197,165,171.0,75.48951362054625,3,7,0
2023-07-27,Thriller,88,18530.38,59,80,80,118,167.42857142857142,80.70286476298314,3,7,0
2023-07-27,Tools,83,20643.69,78,100,79,110,138.71428571428572,69.3486704648187,3,7,0
2023-07-27,Water,335,77481.37,289,431,331,448,169.14285714285714,82.69104863169586,3,7,0
2023-07-28,Bathroom,125,28204.12,88,65,105,105,155.57142857142858,87.68287013029205,4,7,0
2023-07-28,Bedding,71,17288.65,66,117,115,108,143.0,94.02481941842056,4,7,0
2023-07-28,BlueStar AC,38,9842.99,23,48,41,26,121.14285714285714,102.47833685130443,4,7,0
2023-07-28,Children's,126,37864.67,87,57,69,68,98.57142857142856,86.86168534487602,4,7,0
2023-07-28,Chocolate,94,32365.33,72,73,164,67,100.42857142857144,86.00941255245799,4,7,0
2023-07-28,Coffee,95,24044.78,74,74,67,75,99.85714285714286,86.19634286795115,4,7,0
2023-07-28,Decorations,166,37142.18,163,188,182,183,81.85714285714286,41.87850909248522,4,7,0
2023-07-28,Dress,104,22238.83,70,69,78,108,79.28571428571429,41.99092872559424,4,7,0
2023-07-28,Fiction,234,53853.58,276,249,264,223,109.28571428571428,84.45849924808027,4,7,0
2023-07-28,Fridge,115,28465.31,101,65,162,165,120.42857142857144,75.88776173370958,4,7,0
2023-07-28,Furniture,170,45444.42,151,190,221,147,129.57142857142858,75.0396720472064,4,7,0
2023-07-28,Headphones,61,16755.629999999997,71,67,111,91,129.42857142857142,75.16838241099526,4,7,0
2023-07-28,Jacket,66,11776.04,112,78,55,58,134.85714285714286,71.79468079514044,4,7,0
2023-07-28,Jeans,89,20323.26,69,86,42,99,121.42857142857144,74.39726057424615,4,7,0
2023-07-28,Juice,142,39093.83,190,163,157,178,138.57142857142858,74.3972605742463,4,7,0
2023-07-28,Kitchen,70,15450.07,75,56,90,65,109.85714285714286,45.81276594803471,4,7,0
2023-07-28,Laptop,97,25581.71,88,111,111,96,108.0,46.49014232429511,4,7,0
2023-07-28,Lighting,118,26118.91,116,68,44,103,103.0,42.83300907788925,4,7,0
2023-07-28,Literature,95,21681.52,111,82,101,36,108.71428571428572,40.4545600466908,4,7,0
2023-07-28,Mitsubishi 1.5 Ton 3 Star Split AC,109,24371.62,156,115,79,85,115.0,44.28694314731176,4,7,0
2023-07-28,Non-Fiction,362,87322.36,219,223,330,306,136.42857142857142,53.62479881192065,4,7,0
2023-07-28,Shirt,85,24502.73,81,60,66,19,120.85714285714286,51.24915794894672,4,7,0
2023-07-28,Shoes,156,36846.43,142,167,196,175,130.42857142857142,47.36685600310578,4,7,0
2023-07-28,Shorts,118,31788.02,118,56,99,95,134.71428571428572,44.13507405572894,4,7,0
2023-07-28,Smartphone,239,54116.42,167,301,338,264,142.0,44.736264186152816,4,7,0
2023-07-28,Snacks,82,19056.76,78,123,130,87,137.28571428571428,49.979043227183546,4,7,0
2023-07-28,Soft Drink,201,40428.3,176,125,186,106,140.14285714285714,51.76687670518135,4,7,0
2023-07-28,T-shirt,219,56539.29,196,175,214,167,136.85714285714286,46.37682097567105,4,7,0
2023-07-28,Tablet,212,50197.87,216,214,201,156,156.14285714285714,47.337189648409286,4,7,0
2023-07-28,Television,174,39971.0,249,166,116,179,171.42857142857142,58.06851454060404,4,7,0
2023-07-28,Thriller,94,28343.09,88,54,108,112,167.14285714285714,63.52015053358644,4,7,0
2023-07-28,Tools,132,33870.04,83,108,133,137,155.14285714285714,71.04090035894441,4,7,0
2023-07-28,Water,326,89064.7,335,345,416,280,191.8571428571429,88.73448891952616,4,7,0
2023-07-29,Bathroom,63,18552.95,125,97,73,72,184.57142857142856,92.2764996136739,5,7,1
2023-07-29,Bedding,119,32588.43,71,107,108,102,166.71428571428572,101.34547233056206,5,7,1
2023-07-29,BlueStar AC,56,16665.41,38,43,31,74,141.28571428571428,108.96285955271496,5,7,1
2023-07-29,Children's,118,22133.55,126,47,87,89,123.71428571428572,98.07091700348614,5,7,1
2023-07-29,Chocolate,84,21211.01,94,53,100,102,124.57142857142856,97.73238484565368,5,7,1
2023-07-29,Coffee,155,36384.68,95,67,93,102,126.28571428571428,96.98404385209284,5,7,1
2023-07-29,Decorations,171,39064.41,166,201,209,156,102.14285714285714,41.57494666834909,5,7,1
2023-07-29,Dress,83,20102.88,104,69,97,42,99.14285714285714,40.39153612424349,5,7,1
2023-07-29,Fiction,218,53596.23,234,296,258,295,122.42857142857144,62.4335837586814,5,7,1
2023-07-29,Fridge,129,39347.66,115,117,150,148,133.42857142857142,50.77354016564434,5,7,1
2023-07-29,Furniture,89,24189.51,170,146,226,193,139.71428571428572,52.3982006234122,5,7,1
2023-07-29,Headphones,99,25988.14,61,72,67,108,135.0,58.3438085832586,5,7,1
2023-07-29,Jacket,124,27426.85,66,111,90,90,130.85714285714286,62.53646555258331,5,7,1
2023-07-29,Jeans,129,32768.27,89,125,141,87,119.85714285714286,62.09516505984524,5,7,1
2023-07-29,Juice,189,41548.83,142,158,154,134,125.28571428571428,62.13886139315721,5,7,1
2023-07-29,Kitchen,73,22588.16,70,113,110,96,101.85714285714286,41.958028915525446,5,7,1
2023-07-29,Laptop,73,13035.51,97,65,75,95,99.28571428571428,41.568073829618776,5,7,1
2023-07-29,Lighting,108,29176.05,118,114,76,112,91.85714285714286,29.807317733671656,5,7,1
2023-07-29,Literature,55,14617.49,95,69,98,94,96.71428571428572,26.53120355175457,5,7,1
2023-07-29,Mitsubishi 1.5 Ton 3 Star Split AC,101,24641.29,109,108,146,92,102.85714285714286,22.974105506186827,5,7,1
2023-07-29,Non-Fiction,317,84242.27,362,194,307,246,141.85714285714286,99.56811499576284,5,7,1
2023-07-29,Shirt,98,25522.36,85,91,74,98,133.71428571428572,101.8589126941674,5,7,1
2023-07-29,Shoes,182,40925.73,156,124,201,139,146.0,98.00680248499728,5,7,1
2023-07-29,Shorts,64,19559.38,118,101,109,123,149.0,96.5677654982928,5,7,1
2023-07-29,Smartphone,201,56232.26,239,192,179,220,166.28571428571428,100.82941747610856,5,7,1
2023-07-29,Snacks,70,16668.38,82,89,63,102,164.42857142857142,102.46764878545328,5,7,1
2023-07-29,Soft Drink,185,46690.82,201,221,202,177,177.57142857142858,100.044751891103,5,7,1
2023-07-29,T-shirt,163,40322.19,219,214,258,144,157.14285714285714,64.336170675156,5,7,1
2023-07-29,Tablet,175,39993.21,212,207,126,267,175.28571428571428,58.217163235922655,5,7,1
2023-07-29,Television,186,34010.37,174,114,195,194,177.85714285714286,57.61778825857077,5,7,1
2023-07-29,Thriller,70,19149.44,94,112,115,49,174.42857142857142,62.29729031789704,5,7,1
2023-07-29,Tools,99,25595.04,132,62,69,73,159.14285714285714,56.68753117287911,5,7,1
2023-07-29,Water,416,112581.87,326,382,427,313,194.0,73.78572581016822,5,7,1
2023-07-30,Bathroom,106,32059.88,63,98,79,82,174.28571428571428,88.56017593650506,6,7,1
2023-07-30,Bedding,100,19736.77,119,50,93,106,160.0,88.2099767600012,6,7,1
2023-07-30,BlueStar AC,1,164.85,56,12,58,50,137.71428571428572,92.48552010218332,6,7,1
2023-07-30,Children's,69,18483.06,118,44,78,60,129.71428571428572,91.2372626465635,6,7,1
2023-07-30,Chocolate,104,22210.39,84,89,34,94,128.28571428571428,91.96505547528008,6,7,1
2023-07-30,Coffee,83,19680.19,155,109,73,123,131.57142857142858,92.5290173276414,6,7,1
2023-07-30,Decorations,191,40017.13,171,167,154,162,109.42857142857144,44.1393896002834,6,7,1
2023-07-30,Dress,106,25477.68,83,98,99,110,112.28571428571428,41.18136425502022,6,7,1
2023-07-30,Fiction,213,44266.39,218,317,199,240,126.42857142857144,57.59877644203008,6,7,1
2023-07-30,Fridge,129,33478.2,129,115,141,102,136.85714285714286,48.63273441975869,6,7,1
2023-07-30,Furniture,286,76933.76,89,171,225,175,132.71428571428572,51.648537525968216,6,7,1
2023-07-30,Headphones,156,45987.47,99,99,64,112,134.85714285714286,49.55948806376816,6,7,1
2023-07-30,Jacket,119,32004.53,124,88,58,60,130.42857142857142,48.83938691553806,6,7,1
2023-07-30,Jeans,96,24195.28,129,120,112,87,124.42857142857144,45.4894022194799,6,7,1
2023-07-30,Juice,249,56144.35,189,173,188,246,139.57142857142858,47.01722075600572,6,7,1
2023-07-30,Kitchen,99,29120.11,73,111,81,69,118.85714285714286,37.72898342754669,6,7,1
2023-07-30,Laptop,89,25218.74,73,47,78,72,110.85714285714286,41.01393491415752,6,7,1
2023-07-30,Lighting,137,29438.67,108,108,53,97,113.57142857142856,39.94102795729737,6,7,1
2023-07-30,Literature,141,37289.99,55,72,76,87,107.28571428571428,45.6680569826582,6,7,1
2023-07-30,Mitsubishi 1.5 Ton 3 Star Split AC,121,33650.47,101,67,69,67,104.0,45.08880127038069,6,7,1
2023-07-30,Non-Fiction,312,86569.76,317,169,306,228,130.85714285714286,92.99897592882108,6,7,1
2023-07-30,Shirt,105,26866.86,98,125,82,130,117.85714285714286,89.82284151118111,6,7,1
2023-07-30,Shoes,212,51978.69,182,138,185,165,133.42857142857142,90.1976665308974,6,7,1
2023-07-30,Shorts,102,35299.07,64,84,85,71,132.14285714285714,91.26048537278392,6,7,1
2023-07-30,Smartphone,242,65558.5,201,246,281,278,145.42857142857142,93.8915280928955,6,7,1
2023-07-30,Snacks,101,18904.21,70,81,41,81,147.57142857142858,91.6276107274384,6,7,1
2023-07-30,Soft Drink,229,61573.92,185,165,154,191,159.57142857142858,89.99788357299855,6,7,1
2023-07-30,T-shirt,152,34613.67,163,212,128,178,137.57142857142858,58.3633936152246,6,7,1
2023-07-30,Tablet,299,71099.03,175,179,115,176,148.57142857142858,56.90007950450498,6,7,1
2023-07-30,Television,175,41414.51,186,212,202,245,149.14285714285714,57.310349767525686,6,7,1
2023-07-30,Thriller,127,34018.81,70,75,94,117,150.0,55.850992232307526,6,7,1
2023-07-30,Tools,53,16353.97,99,99,108,75,135.42857142857142,53.587489655879295,6,7,1
2023-07-30,Water,399,101804.72,416,388,343,314,184.8571428571429,111.4800857723455,6,7,1
2023-07-31,Bathroom,98,18730.43,106,55,99,118,173.57142857142858,115.39332323674113,0,7,0
2023-07-31,Bedding,114,37324.41,100,91,63,104,164.57142857142858,118.76286897687766,0,7,0
2023-07-31,BlueStar AC,27,3691.24,1,20,36,78,139.71428571428572,133.50994255824057,0,7,0
2023-07-31,Children's,102,21432.05,69,74,43,103,123.0,134.07211989572346,0,7,0
2023-07-31,Chocolate,111,26714.86,104,66,84,123,127.85714285714286,132.43794593623628,0,7,0
2023-07-31,Coffee,61,18154.44,83,115,80,74,125.57142857142856,133.15511899392237,0,7,0
2023-07-31,Decorations,194,46972.52,191,149,170,199,93.42857142857144,56.39402197295019,0,7,0
2023-07-31,Dress,123,33303.78,106,128,61,72,93.42857142857144,56.39402197295019,0,7,0
2023-07-31,Fiction,294,65986.87,213,314,226,300,109.57142857142856,72.47035518715413,0,7,0
2023-07-31,Fridge,128,29838.77,129,130,93,131,127.85714285714286,54.40719490235438,0,7,0
2023-07-31,Furniture,208,55152.92,286,267,226,183,158.85714285714286,73.68724125525044,0,7,0
2023-07-31,Headphones,93,23208.11,156,118,96,83,166.28571428571428,69.75125873586843,0,7,0
2023-07-31,Jacket,50,13055.21,119,86,61,93,171.42857142857142,63.64709247838706,0,7,0
2023-07-31,Jeans,102,29825.51,96,114,109,95,157.85714285714286,68.70572167204233,0,7,0
2023-07-31,Juice,198,58453.56,249,190,191,195,178.28571428571428,71.90204977540448,0,7,0
2023-07-31,Kitchen,112,35067.18,99,51,75,106,162.0,75.54689492847005,0,7,0
2023-07-31,Laptop,94,16107.78,89,58,72,138,156.28571428571428,79.84926275116581,0,7,0
2023-07-31,Lighting,90,26927.22,137,81,59,91,135.0,55.72252686301948,0,7,0
2023-07-31,Literature,73,18094.93,141,39,89,98,132.85714285714286,55.06489677773655,0,7,0
2023-07-31,Mitsubishi 1.5 Ton 3 Star Split AC,121,34522.85,121,65,63,178,133.14285714285714,54.98614544115741,0,7,0
2023-07-31,Non-Fiction,317,64899.18,312,249,228,335,164.0,83.75161689981452,0,7,0
2023-07-31,Shirt,75,17531.8,105,86,72,100,143.42857142857142,76.78944619945494,0,7,0
2023-07-31,Shoes,181,44788.6,212,196,174,166,159.57142857142858,77.76429588368735,0,7,0
2023-07-31,Shorts,113,28964.78,102,92,95,95,161.42857142857142,75.93167354680791,0,7,0
2023-07-31,Smartphone,318,80333.74,242,247,344,270,176.42857142857142,80.5333412172811,0,7,0
2023-07-31,Snacks,120,23912.06,101,83,55,76,170.71428571428572,84.77364819666192,0,7,0
2023-07-31,Soft Drink,172,42952.25,229,138,142,93,186.14285714285717,84.04250625215106,0,7,0
2023-07-31,T-shirt,196,45634.46,152,220,146,177,163.28571428571428,63.30801498945236,0,7,0
2023-07-31,Tablet,189,61728.79,299,162,218,135,191.0,74.93552784449665,0,7,0
2023-07-31,Television,209,55925.06,175,170,149,168,185.7142857142857,74.51110495694421,0,7,0
2023-07-31,Thriller,98,22752.49,127,72,102,75,189.28571428571428,70.31053568684729,0,7,0
2023-07-31,Tools,117,28456.83,53,121,84,80,162.28571428571428,82.00958132176623,0,7,0
2023-07-31,Water,398,95141.45,399,349,349,391,204.8571428571429,115.43025104860024,0,7,0
2023-08-01,Bathroom,78,17037.75,98,113,56,103,186.14285714285717,121.33209052215403,1,8,0
2023-08-01,Bedding,77,20541.43,114,82,135,90,180.7142857142857,123.93642763626067,1,8,0
2023-08-01,BlueStar AC,35,10703.89,27,12,22,27,141.85714285714286,123.3077837113678,1,8,0
2023-08-01,Children's,161,43188.32,102,109,76,86,131.42857142857142,123.1244047604656,1,8,0
2023-08-01,Chocolate,84,22627.33,111,91,92,111,129.14285714285714,123.36859212866716,1,8,0
2023-08-01,Coffee,104,28716.84,61,99,83,98,130.28571428571428,122.58019726654337,1,8,0
2023-08-01,Decorations,160,40721.71,194,172,95,117,101.0,51.64623251828935,1,8,0
2023-08-01,Dress,79,14292.29,123,101,116,102,104.57142857142856,52.264893070003765,1,8,0
2023-08-01,Fiction,206,49128.68,294,291,233,218,130.28571428571428,89.02755057792324,1,8,0
2023-08-01,Fridge,145,32429.41,128,96,142,111,144.71428571428572,76.849884592657,1,8,0
2023-08-01,Furniture,126,30641.07,208,135,179,168,159.85714285714286,77.47134646957858,1,8,0
2023-08-01,Headphones,76,23602.34,93,61,100,79,157.28571428571428,79.63189119465926,1,8,0
2023-08-01,Jacket,87,21832.81,50,30,64,93,155.71428571428572,81.92418097589614,1,8,0
2023-08-01,Jeans,101,27237.37,102,120,90,102,142.57142857142858,82.137805227672,1,8,0
2023-08-01,Juice,84,22696.24,198,212,170,172,153.28571428571428,84.02918993959607,1,8,0
2023-08-01,Kitchen,105,30483.86,112,89,73,67,127.28571428571428,57.06345674105281,1,8,0
2023-08-01,Laptop,65,19027.78,94,75,63,69,122.42857142857144,58.42333193413071,1,8,0
2023-08-01,Lighting,91,21847.7,90,54,71,134,105.57142857142856,45.12891587019264,1,8,0
2023-08-01,Literature,115,32035.24,73,34,90,42,102.71428571428572,46.66445572993756,1,8,0
2023-08-01,Mitsubishi 1.5 Ton 3 Star Split AC,112,32617.14,121,67,117,115,112.85714285714286,40.62195043498953,1,8,0
2023-08-01,Non-Fiction,193,50102.04,317,205,284,265,143.57142857142858,86.46166229965154,1,8,0
2023-08-01,Shirt,104,29637.06,75,91,59,139,126.0,86.05424645729717,1,8,0
2023-08-01,Shoes,143,38173.77,181,182,131,204,135.85714285714286,88.11059068282378,1,8,0
2023-08-01,Shorts,57,13001.44,113,77,56,133,138.57142857142858,86.8904619676539,1,8,0
2023-08-01,Smartphone,328,77310.38,318,283,313,308,171.14285714285714,106.22998410905228,1,8,0
2023-08-01,Snacks,63,14667.57,120,84,42,121,177.85714285714286,100.31355603212116,1,8,0
2023-08-01,Soft Drink,241,57071.810000000005,172,197,134,175,185.14285714285717,97.3026696643495,1,8,0
2023-08-01,T-shirt,282,73527.97,196,221,191,184,167.85714285714286,79.0009041539578,1,8,0
2023-08-01,Tablet,192,44110.25,189,196,200,195,184.14285714285717,67.59543517977268,1,8,0
2023-08-01,Television,231,58051.2,209,162,155,157,188.14285714285717,68.20417526669114,1,8,0
2023-08-01,Thriller,114,22984.35,98,132,81,106,186.0,71.13133393003862,1,8,0
2023-08-01,Tools,107,27998.62,117,74,93,140,157.28571428571428,44.57844877559166,1,8,0
2023-08-01,Water,450,114227.46,398,305,332,399,197.0,97.84000545107652,1,8,0
2023-08-02,Bathroom,125,38177.23,78,83,87,135,183.57142857142856,107.78815201257376,2,8,0
2023-08-02,Bedding,134,36250.97,77,118,108,122,166.57142857142858,114.6659745272576,2,8,0
2023-08-02,BlueStar AC,48,6719.01,35,67,33,11,144.57142857142858,124.03609305743358,2,8,0
2023-08-02,Children's,103,27598.14,161,127,60,82,137.71428571428572,121.17441188319432,2,8,0
2023-08-02,Chocolate,63,13911.17,84,90,88,84,135.71428571428572,122.05151137356454,2,8,0
2023-08-02,Coffee,107,26172.89,104,90,66,71,133.85714285714286,122.48187426639686,2,8,0
2023-08-02,Decorations,154,41082.41,160,176,156,222,99.85714285714286,46.24366108426179,2,8,0
2023-08-02,Dress,107,24042.78,79,81,103,123,100.0,46.16636582332652,2,8,0
2023-08-02,Fiction,281,76206.72,206,274,367,361,118.42857142857144,59.32637733436074,2,8,0
2023-08-02,Fridge,137,35484.39,145,91,87,110,134.14285714285714,46.78827692000191,2,8,0
2023-08-02,Furniture,174,48660.5,126,164,160,160,129.14285714285714,45.28586450328009,2,8,0
2023-08-02,Headphones,80,28663.08,76,69,133,110,128.0,46.69403959107898,2,8,0
2023-08-02,Jacket,90,21011.09,87,54,79,84,125.57142857142856,48.555319457490576,2,8,0
2023-08-02,Jeans,124,27439.14,101,79,81,103,117.14285714285714,46.6670068014805,2,8,0
2023-08-02,Juice,139,42197.83,84,179,261,172,117.85714285714286,46.01966453386452,2,8,0
2023-08-02,Kitchen,86,17346.55,105,112,57,62,103.42857142857144,24.64992997188699,2,8,0
2023-08-02,Laptop,87,16179.59,65,97,118,94,92.0,20.33060090929933,2,8,0
2023-08-02,Lighting,105,19949.59,91,82,95,62,87.0,13.844373104858496,2,8,0
2023-08-02,Literature,86,26026.06,115,71,101,82,92.57142857142856,16.308046509384596,2,8,0
2023-08-02,Mitsubishi 1.5 Ton 3 Star Split AC,128,28544.8,112,95,127,148,96.14285714285714,17.57297709010624,2,8,0
2023-08-02,Non-Fiction,252,57865.19,193,252,274,233,109.28571428571428,40.82774500146505,2,8,0
2023-08-02,Shirt,56,16062.08,104,112,68,57,112.14285714285714,39.43952573847823,2,8,0
2023-08-02,Shoes,190,53212.75,143,155,160,172,117.57142857142856,40.88136145342542,2,8,0
2023-08-02,Shorts,61,15891.29,57,84,107,83,116.42857142857144,42.66871274855793,2,8,0
2023-08-02,Smartphone,223,61366.77,328,279,195,239,150.28571428571428,88.52064596411795,2,8,0
2023-08-02,Snacks,99,22281.16,63,76,88,62,142.85714285714286,93.9883478087016,2,8,0
2023-08-02,Soft Drink,169,50958.35,241,183,222,198,161.28571428571428,99.41950560749162,2,8,0
2023-08-02,T-shirt,156,37417.23,282,154,206,117,174.0,109.34654391733945,2,8,0
2023-08-02,Tablet,201,48173.81,192,176,162,183,186.57142857142856,104.92673180662324,2,8,0
2023-08-02,Television,168,53410.19,231,245,227,210,199.14285714285717,104.10480067609532,2,8,0
2023-08-02,Thriller,128,35738.17,114,59,85,93,207.28571428571428,92.74286007687122,2,8,0
2023-08-02,Tools,92,28228.35,107,78,81,74,175.71428571428572,81.76738201694329,2,8,0
2023-08-02,Water,360,104472.45,450,289,406,415,231.0,116.36723479284612,2,8,0
2023-08-03,Bathroom,110,26867.67,125,88,87,140,214.42857142857144,122.78824203054788,3,8,0
2023-08-03,Bedding,77,20275.06,134,66,113,109,193.28571428571428,121.95315259791946,3,8,0
2023-08-03,BlueStar AC,23,3436.78,48,23,23,31,172.71428571428572,133.77806781595928,3,8,0
2023-08-03,Children's,118,38948.2,103,87,134,68,154.42857142857142,133.2301982070344,3,8,0
2023-08-03,Chocolate,116,30777.25,63,72,51,65,147.14285714285714,137.1464285249266,3,8,0
2023-08-03,Coffee,83,24621.39,107,74,82,85,147.14285714285714,137.1464285249266,3,8,0
2023-08-03,Decorations,178,56619.03,154,163,171,224,104.85714285714286,37.99749365167944,3,8,0
2023-08-03,Dress,109,28327.65,107,70,59,28,102.28571428571428,37.0032173633319,3,8,0
2023-08-03,Fiction,215,58404.98,281,276,228,264,123.28571428571428,77.52572537705154,3,8,0
2023-08-03,Fridge,99,24912.96,137,101,99,88,136.0,70.05949852327853,3,8,0
2023-08-03,Furniture,173,49642.15,174,151,113,143,146.14285714285714,69.62381913164586,3,8,0
2023-08-03,Headphones,92,22964.92,80,71,71,73,148.57142857142858,66.46517168877995,3,8,0
2023-08-03,Jacket,102,26268.82,90,112,107,63,146.14285714285714,68.51624763861588,3,8,0
2023-08-03,Jeans,104,25828.81,124,69,134,72,141.85714285714286,68.88015817690992,3,8,0
2023-08-03,Juice,184,41490.84,139,190,176,144,146.42857142857142,67.22315360760999,3,8,0
2023-08-03,Kitchen,111,32987.07,86,75,92,137,118.57142857142856,34.69801695994008,3,8,0
2023-08-03,Laptop,129,35614.3,87,88,78,66,111.42857142857144,35.41119005275422,3,8,0
2023-08-03,Lighting,99,25331.09,105,116,102,84,101.57142857142856,22.247525277033983,3,8,0
2023-08-03,Literature,127,29577.48,86,111,80,113,102.42857142857144,21.376444534867517,3,8,0
2023-08-03,Mitsubishi 1.5 Ton 3 Star Split AC,97,25720.6,128,156,116,97,107.85714285714286,22.490209510127237,3,8,0
2023-08-03,Non-Fiction,310,82481.12,252,219,226,255,126.14285714285714,59.45706734394807,3,8,0
2023-08-03,Shirt,62,18240.96,56,81,85,125,114.28571428571428,64.52574237133062,3,8,0
2023-08-03,Shoes,181,45547.56,190,142,158,148,129.14285714285714,68.76149254592121,3,8,0
2023-08-03,Shorts,87,22237.79,61,118,109,76,125.42857142857144,72.04132411992647,3,8,0
2023-08-03,Smartphone,366,85898.94,223,167,177,268,142.28571428571428,79.84717545769148,3,8,0
2023-08-03,Snacks,72,17426.32,99,78,52,146,144.14285714285714,78.45896713448035,3,8,0
2023-08-03,Soft Drink,174,47589.09,169,176,143,227,150.0,78.58328914809614,3,8,0
2023-08-03,T-shirt,200,52632.56,156,196,189,158,136.28571428571428,65.02234048313468,3,8,0
2023-08-03,Tablet,205,41644.43,201,216,152,185,157.0,57.88782255362487,3,8,0
2023-08-03,Television,160,44465.1,168,249,185,188,153.85714285714286,56.37501979727203,3,8,0
2023-08-03,Thriller,56,16227.36,128,88,80,95,163.42857142857142,41.78060611837765,3,8,0
2023-08-03,Tools,74,13864.49,92,83,100,94,144.71428571428572,39.94877672601136,3,8,0
2023-08-03,Water,227,66049.34,360,335,431,331,182.0,85.73408501484882,3,8,0
2023-08-04,Bathroom,87,25182.55,110,125,65,43,173.57142857142858,90.01825211747725,4,8,0
2023-08-04,Bedding,75,17854.58,77,71,117,79,162.28571428571428,97.25004590524055,4,8,0
2023-08-04,BlueStar AC,37,11864.69,23,38,48,34,136.85714285714286,108.10554807136154,4,8,0
2023-08-04,Children's,112,29118.68,118,126,57,114,129.71428571428572,107.35410919897146,4,8,0
2023-08-04,Chocolate,84,22881.49,116,94,73,110,128.0,107.4817814019346,4,8,0
2023-08-04,Coffee,83,15087.36,83,95,74,95,126.71428571428572,108.0365899216774,4,8,0
2023-08-04,Decorations,189,48743.61,178,166,188,111,100.71428571428572,47.44721377739672,4,8,0
2023-08-04,Dress,90,27838.58,109,104,69,69,100.57142857142856,47.41609130121972,4,8,0
2023-08-04,Fiction,271,63920.07,215,234,249,216,120.28571428571428,62.32633013880524,4,8,0
2023-08-04,Fridge,61,15570.75,99,115,65,97,131.14285714285714,47.38293846040772,4,8,0
2023-08-04,Furniture,147,35354.66,173,170,190,215,139.0,49.359227438578,4,8,0
2023-08-04,Headphones,84,17775.95,92,61,67,104,135.57142857142858,51.986719915945656,4,8,0
2023-08-04,Jacket,120,27920.93,102,66,78,73,138.28571428571428,49.20607782823207,4,8,0
2023-08-04,Jeans,87,26278.82,104,89,86,68,127.71428571428572,47.15829473066943,4,8,0
2023-08-04,Juice,157,43213.31,184,142,163,159,138.42857142857142,50.59267780636823,4,8,0
2023-08-04,Kitchen,72,18242.26,111,70,56,55,123.57142857142856,38.08261695689559,4,8,0
2023-08-04,Laptop,132,35738.11,129,97,111,72,127.85714285714286,36.51222887119848,4,8,0
2023-08-04,Lighting,138,38946.69,99,118,68,88,117.28571428571428,31.65287920402615,4,8,0
2023-08-04,Literature,51,13305.59,127,95,82,64,122.28571428571428,29.696881349809736,4,8,0
2023-08-04,Mitsubishi 1.5 Ton 3 Star Split AC,129,32942.13,97,109,115,83,121.57142857142856,30.31972483855401,4,8,0
2023-08-04,Non-Fiction,309,81176.64,310,362,223,249,151.0,75.993420767853,4,8,0
2023-08-04,Shirt,63,24472.76,62,85,60,149,133.57142857142858,80.98941729809916,4,8,0
2023-08-04,Shoes,174,41354.77,181,156,167,146,143.57142857142858,82.05253833745175,4,8,0
2023-08-04,Shorts,66,13887.99,87,118,56,87,137.57142857142858,84.78572431499882,4,8,0
2023-08-04,Smartphone,245,61176.12,366,239,301,251,175.71428571428572,118.06737382488332,4,8,0
2023-08-04,Snacks,116,28078.76,72,82,123,142,167.85714285714286,123.55218677604547,4,8,0
2023-08-04,Soft Drink,192,53516.22,174,201,125,151,178.85714285714286,119.55532690129778,4,8,0
2023-08-04,T-shirt,165,42725.66,200,219,175,146,163.14285714285714,105.89370231735292,4,8,0
2023-08-04,Tablet,167,44807.67,205,212,214,139,183.57142857142856,96.50709325028414,4,8,0
2023-08-04,Television,173,46626.38,160,174,166,159,180.57142857142856,96.92584303280027,4,8,0
2023-08-04,Thriller,125,31215.5,56,94,54,97,176.14285714285714,102.46369856592874,4,8,0
2023-08-04,Tools,93,23552.06,74,132,108,117,134.42857142857142,64.80703959410825,4,8,0
2023-08-04,Water,337,85039.02,227,326,345,327,156.57142857142858,66.38237000604157,4,8,0
2023-08-05,Bathroom,130,33666.38,87,63,97,94,144.14285714285714,70.58665731196042,5,8,1
2023-08-05,Bedding,118,29566.62,75,119,107,77,126.28571428571428,69.90878410641984,5,8,1
2023-08-05,BlueStar AC,26,7192.4,37,56,43,14,102.28571428571428,67.16575090950738,5,8,1
2023-08-05,Children's,50,10779.19,112,118,47,105,95.42857142857144,62.58556048284835,5,8,1
2023-08-05,Chocolate,81,23259.76,84,84,53,109,99.42857142857144,60.50580452280817,5,8,1
2023-08-05,Coffee,61,16588.86,83,155,67,70,100.71428571428572,59.96864259959525,5,8,1
2023-08-05,Decorations,194,46390.83,189,171,201,187,95.28571428571428,46.93511224983541,5,8,1
2023-08-05,Dress,54,14299.93,90,83,69,77,95.71428571428572,46.86048187870725,5,8,1
2023-08-05,Fiction,253,71286.0,271,218,296,289,123.71428571428572,79.56488816413525,5,8,1
2023-08-05,Fridge,68,20277.63,61,129,117,125,127.14285714285714,75.62501475796739,5,8,1
2023-08-05,Furniture,123,25720.7,147,89,146,219,132.14285714285714,75.61399467344734,5,8,1
2023-08-05,Headphones,99,30902.58,84,99,72,56,132.14285714285714,75.61399467344734,5,8,1
2023-08-05,Jacket,100,29653.05,120,124,111,101,137.42857142857142,72.8488323925121,5,8,1
2023-08-05,Jeans,88,18397.23,87,129,125,48,122.85714285714286,70.99161586982963,5,8,1
2023-08-05,Juice,183,57424.23,157,189,158,126,132.42857142857142,70.33694416368718,5,8,1
2023-08-05,Kitchen,106,24449.18,72,73,113,79,104.0,37.58545818087853,5,8,1
2023-08-05,Laptop,75,22271.09,132,73,65,122,114.14285714285714,33.39375476257156,5,8,1
2023-08-05,Lighting,61,10903.16,138,108,114,124,112.85714285714286,32.06466680230389,5,8,1
2023-08-05,Literature,90,21940.15,51,55,69,130,108.14285714285714,38.74458487508628,5,8,1
2023-08-05,Mitsubishi 1.5 Ton 3 Star Split AC,99,26749.64,129,101,108,61,109.42857142857144,39.348261896627946,5,8,1
2023-08-05,Non-Fiction,327,85051.06,309,317,194,200,141.14285714285714,83.24147317979661,5,8,1
2023-08-05,Shirt,51,14462.8,63,98,91,70,127.71428571428572,87.71870626366622,5,8,1
2023-08-05,Shoes,246,54279.46,174,182,124,126,142.28571428571428,85.36141650986922,5,8,1
2023-08-05,Shorts,78,17752.92,66,64,101,86,132.85714285714286,90.19502678719482,5,8,1
2023-08-05,Smartphone,267,76257.66,245,201,192,296,148.14285714285714,99.77045082158747,5,8,1
2023-08-05,Snacks,26,7977.65,116,70,89,70,157.42857142857142,91.93993898710364,5,8,1
2023-08-05,Soft Drink,215,58122.61,192,185,221,209,166.42857142857142,91.77664398392623,5,8,1
2023-08-05,T-shirt,163,38783.83,165,163,214,252,145.85714285714286,67.39294862082731,5,8,1
2023-08-05,Tablet,116,31014.24,167,175,207,181,160.71428571428572,56.69719065854489,5,8,1
2023-08-05,Television,231,64643.49,173,186,114,154,160.57142857142858,56.65938328543363,5,8,1
2023-08-05,Thriller,89,24379.2,125,70,112,83,169.0,42.98449332802048,5,8,1
2023-08-05,Tools,94,23090.29,93,99,62,114,147.28571428571428,36.02181878488891,5,8,1
2023-08-05,Water,326,85746.13,337,416,382,341,178.85714285714286,77.26669953571744,5,8,1
2023-08-06,Bathroom,76,26231.98,130,106,98,103,170.0,79.04218283085709,6,8,1
2023-08-06,Bedding,93,21118.36,118,100,50,82,163.28571428571428,81.49583687877187,6,8,1
2023-08-06,BlueStar AC,27,10917.46,26,1,12,17,143.14285714285714,96.47353449077524,6,8,1
2023-08-06,Children's,65,13390.739999999998,50,69,44,92,125.57142857142856,101.21405887664834,6,8,1
2023-08-06,Chocolate,83,23685.75,81,104,89,127,119.28571428571428,102.6120757768695,6,8,1
2023-08-06,Coffee,59,13518.15,61,83,109,59,114.71428571428572,104.67045792344976,6,8,1
2023-08-06,Decorations,109,31664.11,194,191,167,205,94.28571428571428,57.28500177682911,6,8,1
2023-08-06,Dress,100,30768.57,54,106,98,148,83.42857142857143,56.58579663619004,6,8,1
2023-08-06,Fiction,367,90416.67,253,213,317,202,102.71428571428572,85.79765786568996,6,8,1
2023-08-06,Fridge,144,33440.43,68,129,115,144,108.71428571428572,80.86555567878081,6,8,1
2023-08-06,Furniture,213,59402.36,123,286,171,168,119.14285714285714,76.62773338556634,6,8,1
2023-08-06,Headphones,120,41633.98,99,156,99,103,121.71428571428572,75.42703822395528,6,8,1
2023-08-06,Jacket,140,41466.76,100,119,88,116,127.28571428571428,71.53487328036597,6,8,1
2023-08-06,Jeans,67,19351.6,88,96,120,77,112.14285714285714,66.06922776257312,6,8,1
2023-08-06,Juice,207,57188.91,183,249,173,210,130.57142857142858,65.13283130868518,6,8,1
2023-08-06,Kitchen,50,11770.01,106,99,111,92,109.57142857142856,36.47308205081684,6,8,1
2023-08-06,Laptop,38,10213.58,75,89,47,75,110.57142857142856,35.21769035989752,6,8,1
2023-08-06,Lighting,52,16154.43,61,137,108,141,101.71428571428572,39.14807056000746,6,8,1
2023-08-06,Literature,69,18297.18,90,141,72,97,100.42857142857144,39.39905727661016,6,8,1
2023-08-06,Mitsubishi 1.5 Ton 3 Star Split AC,96,25774.63,99,121,67,121,100.28571428571428,39.40268301234476,6,8,1
2023-08-06,Non-Fiction,227,56841.39,327,312,169,246,134.42857142857142,93.45561717174796,6,8,1
2023-08-06,Shirt,89,26865.86,51,105,125,66,115.57142857142856,95.32026217416887,6,8,1
2023-08-06,Shoes,202,57012.62,246,212,138,134,135.57142857142858,106.95459650845142,6,8,1
2023-08-06,Shorts,100,24792.06,78,102,84,88,136.0,106.67708282475638,6,8,1
2023-08-06,Smartphone,273,69650.62,267,242,246,366,165.42857142857142,110.87058092337064,6,8,1
2023-08-06,Snacks,95,23798.45,26,101,81,73,156.28571428571428,120.3601737642954,6,8,1
2023-08-06,Soft Drink,188,43645.39,215,229,165,95,172.85714285714286,119.13777538551533,6,8,1
2023-08-06,T-shirt,191,47111.69,163,152,212,134,149.42857142857142,98.0286644182149,6,8,1
2023-08-06,Tablet,196,50196.92,116,299,179,176,158.71428571428572,89.89199869049185,6,8,1
2023-08-06,Television,177,43263.52,231,175,212,161,156.57142857142858,87.61441499140236,6,8,1
2023-08-06,Thriller,101,31518.38,89,127,75,101,158.14285714285714,86.05507649451104,6,8,1
2023-08-06,Tools,67,13335.76,94,53,99,91,133.42857142857142,73.50931265913846,6,8,1
2023-08-06,Water,360,79619.81999999999,326,399,388,246,176.28571428571428,86.70585194728636,6,8,1
2023-08-07,Bathroom,97,22938.13,76,98,55,80,156.42857142857142,92.11018246798596,0,8,0
2023-08-07,Bedding,98,27187.36,93,114,91,64,146.42857142857142,95.03132315690613,0,8,0
2023-08-07,BlueStar AC,51,14556.28,27,27,20,22,133.71428571428572,105.19143546524128,0,8,0
2023-08-07,Children's,71,22281.61,65,102,74,95,110.0,98.07480138479283,0,8,0
2023-08-07,Chocolate,94,18957.76,83,111,66,72,109.14285714285714,98.31484894871892,0,8,0
2023-08-07,Coffee,69,19877.73,59,61,115,93,104.14285714285714,100.08734280854938,0,8,0
2023-08-07,Decorations,218,48502.45,109,194,149,174,73.14285714285714,26.397149918303185,0,8,0
2023-08-07,Dress,108,29588.36,100,123,128,72,76.57142857142857,28.31876376101604,0,8,0
2023-08-07,Fiction,251,63204.34,367,294,314,213,115.71428571428572,114.13838718227682,0,8,0
2023-08-07,Fridge,92,18289.59,144,128,130,113,132.42857142857142,107.34656824643086,0,8,0
2023-08-07,Furniture,236,72889.61,213,208,267,188,153.57142857142858,106.42345785094716,0,8,0
2023-08-07,Headphones,96,17964.52,120,93,118,143,158.85714285714286,103.20437421516014,0,8,0
2023-08-07,Jacket,100,27899.97,140,50,86,83,170.42857142857142,94.29891682456211,0,8,0
2023-08-07,Jeans,69,11399.89,67,102,114,73,164.42857142857142,100.02142627600186,0,8,0
2023-08-07,Juice,225,55255.51,207,198,190,219,179.71428571428572,96.65352948498438,0,8,0
2023-08-07,Kitchen,68,16233.16,50,112,51,58,134.42857142857142,62.51095142148272,0,8,0
2023-08-07,Laptop,63,17720.16,38,94,58,60,119.28571428571428,71.9344940106715,0,8,0
2023-08-07,Lighting,108,23824.6,52,90,81,120,96.28571428571428,62.03416877204024,0,8,0
2023-08-07,Literature,121,33064.19,69,73,39,67,89.0,61.77917664283439,0,8,0
2023-08-07,Mitsubishi 1.5 Ton 3 Star Split AC,82,24079.74,96,121,65,48,82.71428571428571,57.83803329330931,0,8,0
2023-08-07,Non-Fiction,260,69612.17,227,317,249,260,105.57142857142856,78.51296526234124,0,8,0
2023-08-07,Shirt,97,30825.79,89,75,86,54,88.71428571428571,64.5283252680916,0,8,0
2023-08-07,Shoes,186,48228.58,202,181,196,184,110.42857142857144,74.18188714876614,0,8,0
2023-08-07,Shorts,119,36922.74,100,113,92,101,119.28571428571428,67.49250399294725,0,8,0
2023-08-07,Smartphone,292,75448.5,273,318,247,291,150.85714285714286,81.09136528514898,0,8,0
2023-08-07,Snacks,66,17632.25,95,120,83,39,154.57142857142858,77.22015527666548,0,8,0
2023-08-07,Soft Drink,175,47151.41,188,172,138,192,167.71428571428572,73.32056165841014,0,8,0
2023-08-07,T-shirt,166,34029.14,191,196,220,168,162.57142857142858,69.6392062535107,0,8,0
2023-08-07,Tablet,173,42514.72,196,189,162,157,177.85714285714286,62.13809505563258,0,8,0
2023-08-07,Television,193,59221.31,177,209,170,157,174.28571428571428,61.23102232723266,0,8,0
2023-08-07,Thriller,78,21121.69,101,98,72,37,174.42857142857142,61.02965711536496,0,8,0
2023-08-07,Tools,47,12606.29,67,117,121,101,145.0,54.93936051077832,0,8,0
2023-08-07,Water,328,84322.1,360,398,349,411,182.8571428571429,92.91829488216786,0,8,0
2023-08-08,Bathroom,95,28861.74,97,78,113,77,169.85714285714286,98.28941715062452,1,8,0
2023-08-08,Bedding,88,30730.96,98,77,82,52,156.57142857142858,101.19759078630445,1,8,0
2023-08-08,BlueStar AC,42,9285.24,51,35,12,29,135.85714285714286,106.4838463045426,1,8,0
2023-08-08,Children's,78,19944.26,71,161,109,122,120.71428571428572,107.19252816888871,1,8,0
2023-08-08,Chocolate,64,18774.95,94,84,91,34,119.71428571428572,107.43946246718664,1,8,0
2023-08-08,Coffee,75,10047.47,69,104,99,93,120.0,107.27845387898996,1,8,0
2023-08-08,Decorations,223,64488.27,218,160,172,148,99.71428571428572,55.03851465326788,1,8,0
2023-08-08,Dress,113,31699.34,108,79,101,92,101.28571428571428,55.1050943976264,1,8,0
2023-08-08,Fiction,248,66367.95,251,206,291,329,123.14285714285714,78.82349178476409,1,8,0
2023-08-08,Fridge,126,34379.7,92,145,96,130,129.0,73.94141825346098,1,8,0
2023-08-08,Furniture,186,55828.03,236,126,135,177,152.57142857142858,78.527823397946,1,8,0
2023-08-08,Headphones,140,36081.13,96,76,61,84,152.85714285714286,78.28245561518112,1,8,0
2023-08-08,Jacket,108,21918.56,100,87,30,60,157.28571428571428,73.477239754258,1,8,0
2023-08-08,Jeans,138,38677.75,69,101,120,72,136.0,74.53187237685584,1,8,0
2023-08-08,Juice,216,50720.05,225,84,212,141,152.71428571428572,80.11598734691705,1,8,0
2023-08-08,Kitchen,103,30302.62,68,105,89,87,126.57142857142856,72.16152516601647,1,8,0
2023-08-08,Laptop,84,18334.89,63,65,75,86,122.42857142857144,75.24373095227907,1,8,0
2023-08-08,Lighting,95,30409.75,108,91,54,32,104.14285714285714,56.18252566836134,1,8,0
2023-08-08,Literature,82,23108.71,121,115,34,78,107.71428571428572,56.372908049032354,1,8,0
2023-08-08,Mitsubishi 1.5 Ton 3 Star Split AC,117,42763.44,82,112,67,168,105.14285714285714,57.18807734551042,1,8,0
2023-08-08,Non-Fiction,317,86549.73999999999,260,193,205,317,132.42857142857142,78.61903319777154,1,8,0
2023-08-08,Shirt,60,13785.38,97,104,91,82,114.14285714285714,67.61515750044087,1,8,0
2023-08-08,Shoes,186,48016.77,186,143,182,229,131.0,68.89121859859878,1,8,0
2023-08-08,Shorts,54,14127.69,119,57,77,92,139.0,62.64716008460877,1,8,0
2023-08-08,Smartphone,244,65328.96,292,328,283,337,165.28571428571428,82.82454202653177,1,8,0
2023-08-08,Snacks,48,11671.57,66,63,84,91,157.42857142857142,90.02195499405873,1,8,0
2023-08-08,Soft Drink,114,25788.93,175,241,197,170,170.71428571428572,83.6734013605164,1,8,0
2023-08-08,T-shirt,140,33832.1,166,282,221,177,157.28571428571428,73.93175746527818,1,8,0
2023-08-08,Tablet,212,62626.13,173,192,196,136,168.14285714285714,69.02035586556688,1,8,0
2023-08-08,Television,242,46052.68,193,231,162,261,169.14285714285714,69.37201302020982,1,8,0
2023-08-08,Thriller,59,14346.11,78,114,132,131,163.28571428571428,75.7489588172981,1,8,0
2023-08-08,Tools,24,4265.06,47,107,74,109,128.28571428571428,61.65418149029322,1,8,0
2023-08-08,Water,354,93390.74,328,450,305,262,165.71428571428572,90.3764613265242,1,8,0
2023-08-09,Bathroom,48,16528.72,95,125,83,123,154.28571428571428,93.99240090864464,2,8,0
2023-08-09,Bedding,118,28719.0,88,134,118,110,143.14285714285714,96.94917667078352,2,8,0
2023-08-09,BlueStar AC,54,11590.58,42,48,67,31,124.42857142857144,102.69835627191068,2,8,0
2023-08-09,Children's,47,11572.4,78,103,127,107,108.0,99.033664310004,2,8,0
2023-08-09,Chocolate,86,24426.68,64,63,90,52,106.0,99.87825922925649,2,8,0
2023-08-09,Coffee,78,19321.2,75,107,90,163,110.0,97.65756499114596,2,8,0
2023-08-09,Decorations,88,24483.52,223,154,176,178,95.0,59.0084739677267,2,8,0
2023-08-09,Dress,84,19711.53,113,107,81,82,97.57142857142856,59.399374696082425,2,8,0
2023-08-09,Fiction,224,59924.32,248,281,274,329,120.42857142857144,81.70038176748191,2,8,0
2023-08-09,Fridge,132,33937.1,126,137,91,64,132.42857142857142,74.07396560838569,2,8,0
2023-08-09,Furniture,246,68098.73,186,174,164,149,147.85714285714286,72.06808949742923,2,8,0
2023-08-09,Headphones,93,18759.79,140,80,69,124,158.71428571428572,62.40650149280432,2,8,0
2023-08-09,Jacket,49,16436.52,108,90,54,91,163.42857142857142,55.94001889779516,2,8,0
2023-08-09,Jeans,96,35302.67,138,124,79,86,151.28571428571428,49.73501209984148,2,8,0
2023-08-09,Juice,227,43446.87,216,139,179,257,166.0,51.71717960858495,2,8,0
2023-08-09,Kitchen,56,10560.16,103,86,112,91,145.28571428571428,41.41140859599808,2,8,0
2023-08-09,Laptop,41,11328.22,84,87,97,70,139.28571428571428,47.29592754037811,2,8,0
2023-08-09,Lighting,112,27599.66,95,105,82,62,126.28571428571428,44.75382399197503,2,8,0
2023-08-09,Literature,84,21071.78,82,86,71,139,118.0,47.099186121771154,2,8,0
2023-08-09,Mitsubishi 1.5 Ton 3 Star Split AC,119,32790.54,117,128,95,61,119.28571428571428,46.90314234573917,2,8,0
2023-08-09,Non-Fiction,231,66418.93000000001,317,252,252,222,144.85714285714286,88.84711319907623,2,8,0
2023-08-09,Shirt,82,27264.53,60,56,112,94,122.57142857142856,87.583973311059,2,8,0
2023-08-09,Shoes,153,39552.33,186,190,155,146,134.42857142857142,90.07562959879311,2,8,0
2023-08-09,Shorts,84,16120.89,54,61,84,130,130.14285714285714,93.52259721840554,2,8,0
2023-08-09,Smartphone,288,73963.77,244,223,279,360,151.42857142857142,100.85940237587668,2,8,0
2023-08-09,Snacks,79,26246.47,48,99,76,92,146.57142857142858,105.47330964570608,2,8,0
2023-08-09,Soft Drink,150,36701.98,114,169,183,158,146.14285714285714,105.61948774007634,2,8,0
2023-08-09,T-shirt,140,32574.86,140,156,154,133,120.85714285714286,74.50151804142048,2,8,0
2023-08-09,Tablet,193,45335.23,212,201,176,120,142.57142857142858,75.94484213966732,2,8,0
2023-08-09,Television,201,45781.51,242,168,245,209,150.57142857142858,83.82294264869054,2,8,0
2023-08-09,Thriller,129,32533.46,59,128,59,88,151.28571428571428,82.87885593988803,2,8,0
2023-08-09,Tools,50,10494.74,24,92,78,106,119.85714285714286,83.57118437082704,2,8,0
2023-08-09,Water,442,101492.83,354,360,289,381,163.57142857142858,114.15465699780135,2,8,0
2023-08-10,Bathroom,60,16556.19,48,110,88,101,154.14285714285714,121.42546214506582,3,8,0
2023-08-10,Bedding,139,31609.87,118,77,66,91,151.0,122.13517101965326,3,8,0
2023-08-10,BlueStar AC,39,8864.24,54,23,23,40,128.42857142857142,123.57434623585496,3,8,0
2023-08-10,Children's,99,22780.09,47,118,87,58,100.57142857142856,115.41498623497264,3,8,0
2023-08-10,Chocolate,76,25070.57,86,116,72,176,104.42857142857144,114.23930605364744,3,8,0
2023-08-10,Coffee,94,27452.19,78,83,74,65,112.14285714285714,109.6333717007558,3,8,0
2023-08-10,Decorations,160,42645.66,88,178,163,149,74.14285714285714,26.13062425219423,3,8,0
2023-08-10,Dress,113,30524.26,84,109,70,79,79.28571428571429,23.542261897233665,3,8,0
2023-08-10,Fiction,300,73556.54,224,215,276,191,94.42857142857144,59.39095650253143,3,8,0
2023-08-10,Fridge,69,15864.15,132,99,101,118,105.57142857142856,57.83844495044448,3,8,0
2023-08-10,Furniture,175,33545.45,246,173,151,207,134.0,71.53553895325913,3,8,0
2023-08-10,Headphones,98,20001.97,93,92,71,49,135.0,70.79783424182732,3,8,0
2023-08-10,Jacket,66,8023.53,49,102,112,151,130.85714285714286,75.38883332746374,3,8,0
2023-08-10,Jeans,49,15056.34,96,104,69,66,132.0,74.68824093077338,3,8,0
2023-08-10,Juice,171,45595.68,227,184,190,192,152.42857142857142,78.81382523148457,3,8,0
2023-08-10,Kitchen,100,27411.83,56,111,75,132,128.42857142857142,78.96593599533257,3,8,0
2023-08-10,Laptop,95,23105.14,41,129,88,90,115.42857142857144,85.50020885521631,3,8,0
2023-08-10,Lighting,105,26700.870000000003,112,99,116,84,96.28571428571428,63.58646157192556,3,8,0
2023-08-10,Literature,54,12759.45,84,127,111,77,95.0,63.75473838599399,3,8,0
2023-08-10,Mitsubishi 1.5 Ton 3 Star Split AC,120,33046.56,119,97,156,91,105.0,60.7563439760262,3,8,0
2023-08-10,Non-Fiction,236,69602.77,231,310,219,218,124.28571428571428,76.74571494164785,3,8,0
2023-08-10,Shirt,45,11299.65,82,62,81,91,103.57142857142856,62.68135592783759,3,8,0
2023-08-10,Shoes,218,63639.78,153,181,142,191,117.42857142857144,61.114256773295374,3,8,0
2023-08-10,Shorts,22,4969.76,84,87,118,94,123.57142857142856,53.88523960806851,3,8,0
2023-08-10,Smartphone,275,69886.16,288,366,167,283,148.71428571428572,81.54694820718126,3,8,0
2023-08-10,Snacks,69,19570.89,79,72,78,164,148.0,82.22732716885106,3,8,0
2023-08-10,Soft Drink,180,50876.06,150,174,176,154,152.42857142857142,81.23393614095237,3,8,0
2023-08-10,T-shirt,126,26973.61,140,200,196,225,139.42857142857142,73.47529549187928,3,8,0
2023-08-10,Tablet,165,47316.65,193,205,216,165,155.28571428571428,70.95001594013007,3,8,0
2023-08-10,Television,126,30883.14,201,160,249,166,162.14285714285714,72.98271158621162,3,8,0
2023-08-10,Thriller,146,36517.63,129,56,88,127,168.57142857142858,66.66047590303428,3,8,0
2023-08-10,Tools,100,25698.46,50,74,83,48,134.57142857142858,55.32587442555519,3,8,0
2023-08-10,Water,388,97429.63,442,227,335,333,186.42857142857144,123.12981921919796,3,8,0
2023-08-11,Bathroom,88,20067.68,60,87,125,58,173.57142857142858,131.9505679447889,4,8,0
2023-08-11,Bedding,130,30407.84,139,75,71,75,173.42857142857142,131.99350633378023,4,8,0
2023-08-11,BlueStar AC,40,10463.04,39,37,38,48,151.42857142857142,140.73243779462854,4,8,0
2023-08-11,Children's,87,24081.81,99,112,126,64,136.85714285714286,140.0231273414364,4,8,0
2023-08-11,Chocolate,116,26185.28,76,84,94,79,129.28571428571428,141.9386185242457,4,8,0
2023-08-11,Coffee,119,32542.27,94,83,95,80,135.57142857142858,138.78143144630565,4,8,0
2023-08-11,Decorations,184,47638.79,160,189,166,241,95.28571428571428,42.62125559590303,4,8,0
2023-08-11,Dress,52,12098.37,113,90,104,131,102.85714285714286,39.93089268318538,4,8,0
2023-08-11,Fiction,269,65089.85,300,271,234,260,125.85714285714286,85.07139858461694,4,8,0
2023-08-11,Fridge,84,20311.39,69,61,115,79,130.14285714285714,80.60485628758835,4,8,0
2023-08-11,Furniture,115,38394.36,175,147,170,148,141.0,80.82903768654717,4,8,0
2023-08-11,Headphones,96,33040.36,98,84,61,112,144.14285714285714,78.26755089952321,4,8,0
2023-08-11,Jacket,97,22805.56,66,120,66,120,140.14285714285714,81.8890073441451,4,8,0
2023-08-11,Jeans,108,34085.57,49,87,89,87,124.28571428571428,87.92745927887374,4,8,0
2023-08-11,Juice,221,53770.86,171,157,142,182,132.57142857142858,89.40704137605138,4,8,0
2023-08-11,Kitchen,95,28937.1,100,72,70,141,104.0,50.45790324617023,4,8,0
2023-08-11,Laptop,71,18782.69,95,132,97,90,107.71428571428572,48.36567062739827,4,8,0
2023-08-11,Lighting,50,12160.61,105,138,118,63,97.71428571428572,38.33064172744779,4,8,0
2023-08-11,Literature,74,19779.28,54,51,95,94,91.42857142857144,41.73270956478749,4,8,0
2023-08-11,Mitsubishi 1.5 Ton 3 Star Split AC,89,18798.5,120,129,109,90,99.14285714285714,41.2368305095828,4,8,0
2023-08-11,Non-Fiction,325,98603.76,236,309,362,271,125.85714285714286,59.75346174470645,4,8,0
2023-08-11,Shirt,88,17291.78,45,63,85,91,107.85714285714286,62.78914070503013,4,8,0
2023-08-11,Shoes,176,52136.83,218,174,156,183,124.71428571428572,74.98380777588808,4,8,0
2023-08-11,Shorts,69,20355.22,22,66,118,108,114.28571428571428,84.30245999912844,4,8,0
2023-08-11,Smartphone,229,60138.52,275,245,239,309,138.57142857142858,103.4856787883504,4,8,0
2023-08-11,Snacks,66,20878.64,69,116,82,94,140.71428571428572,101.5803693071223,4,8,0
2023-08-11,Soft Drink,193,51773.79,180,192,201,175,149.28571428571428,102.07140357892295,4,8,0
2023-08-11,T-shirt,184,48628.09,126,165,219,145,133.57142857142858,94.69751341835205,4,8,0
2023-08-11,Tablet,107,30022.4,165,167,212,178,150.71428571428572,86.49800438105322,4,8,0
2023-08-11,Television,163,37488.49,126,173,174,180,137.57142857142858,81.41019007236729,4,8,0
2023-08-11,Thriller,94,23506.47,146,125,94,69,155.28571428571428,63.61790703283189,4,8,0
2023-08-11,Tools,69,9943.04,100,93,132,81,130.28571428571428,37.93289814797538,4,8,0
2023-08-11,Water,406,99886.08,388,337,326,384,175.85714285714286,97.25983852791532,4,8,0
2023-08-12,Bathroom,98,20229.56,88,130,63,86,162.71428571428572,102.67215507902512,5,8,1
2023-08-12,Bedding,92,16292.37,130,118,119,123,163.28571428571428,102.44464242655503,5,8,1
2023-08-12,BlueStar AC,35,12329.26,40,26,56,23,145.42857142857142,112.49719573224472,5,8,1
2023-08-12,Children's,88,23019.88,87,50,118,28,139.85714285714286,114.56647062066683,5,8,1
2023-08-12,Chocolate,86,18014.97,116,81,84,115,135.57142857142858,114.8591269669893,5,8,1
2023-08-12,Coffee,123,31066.28,119,61,155,40,138.28571428571428,114.1004152573718,5,8,1
2023-08-12,Decorations,167,50061.75,184,194,171,201,109.14285714285714,44.536234579004,5,8,1
2023-08-12,Dress,115,30364.7,52,54,83,88,104.0,49.217205663601085,5,8,1
2023-08-12,Fiction,279,72400.86,269,253,218,249,123.85714285714286,79.91960245861311,5,8,1
2023-08-12,Fridge,80,18556.58,84,68,129,111,130.14285714285714,73.71437799920335,5,8,1
2023-08-12,Furniture,233,64399.53,115,123,89,168,134.14285714285714,71.7157085800787,5,8,1
2023-08-12,Headphones,93,22605.72,96,99,99,107,131.28571428571428,72.9468168958592,5,8,1
2023-08-12,Jacket,88,21403.08,97,100,124,84,128.14285714285714,74.03023835214972,5,8,1
2023-08-12,Jeans,106,23915.1,108,88,129,73,117.28571428571428,69.93262063280142,5,8,1
2023-08-12,Juice,124,34493.31,221,183,189,179,141.42857142857142,72.75267954482715,5,8,1
2023-08-12,Kitchen,104,22685.87,95,106,73,89,116.57142857142856,47.10575740769141,5,8,1
2023-08-12,Laptop,112,30272.23,71,75,73,37,114.71428571428572,48.828660592299535,5,8,1
2023-08-12,Lighting,94,28411.82,50,61,108,40,105.42857142857144,54.60420357096076,5,8,1
2023-08-12,Literature,66,19881.33,74,90,55,90,102.28571428571428,55.85610765086155,5,8,1
2023-08-12,Mitsubishi 1.5 Ton 3 Star Split AC,95,22111.74,89,99,101,95,101.14285714285714,56.06373923618303,5,8,1
2023-08-12,Non-Fiction,346,88642.05,325,327,317,241,132.14285714285714,101.8142566497579,5,8,1
2023-08-12,Shirt,81,24999.35,88,51,98,131,113.14285714285714,94.6245714590529,5,8,1
2023-08-12,Shoes,204,53637.68,176,246,182,191,124.71428571428572,96.95998192676193,5,8,1
2023-08-12,Shorts,129,26754.84,69,78,64,108,124.42857142857144,97.14740885694764,5,8,1
2023-08-12,Smartphone,292,72810.29,229,267,201,227,150.0,97.84681905918012,5,8,1
2023-08-12,Snacks,112,32379.73,66,26,70,140,148.85714285714286,98.92325067348656,5,8,1
2023-08-12,Soft Drink,106,25175.31,193,215,185,170,163.71428571428572,96.2076128063924,5,8,1
2023-08-12,T-shirt,159,39791.02,184,163,163,153,143.57142857142858,67.19835598895985,5,8,1
2023-08-12,Tablet,243,68756.18,107,116,175,162,146.28571428571428,64.92486499976744,5,8,1
2023-08-12,Television,191,42405.49,163,231,186,197,144.42857142857142,64.11410958298474,5,8,1
2023-08-12,Thriller,115,27563.81,94,89,70,80,148.0,59.76063364233404,5,8,1
2023-08-12,Tools,107,22378.32,69,94,99,79,125.14285714285714,53.930290101909264,5,8,1
2023-08-12,Water,417,110739.17,406,326,416,331,173.71428571428572,112.7825552197889,5,8,1
2023-08-13,Bathroom,46,14164.05,98,76,106,105,160.14285714285714,115.7517869861029,6,8,1
2023-08-13,Bedding,55,16236.17,92,93,100,115,147.0,117.7964345810175,6,8,1
2023-08-13,BlueStar AC,38,10867.8,35,27,1,41,136.71428571428572,124.80613538032236,6,8,1
2023-08-13,Children's,79,17690.82,88,65,69,69,126.0,125.39138726403785,6,8,1
2023-08-13,Chocolate,94,31492.72,86,83,104,164,124.85714285714286,125.7675482406972,6,8,1
2023-08-13,Coffee,103,24777.76,123,59,83,67,132.57142857142858,123.40429104216338,6,8,1
2023-08-13,Decorations,124,33265.97,167,109,191,182,98.42857142857144,40.07017653590906,6,8,1
2023-08-13,Dress,100,26483.81,115,100,106,78,100.85714285714286,40.55214162625772,6,8,1
2023-08-13,Fiction,276,68777.72,279,367,213,264,127.57142857142856,78.02533166191792,6,8,1
2023-08-13,Fridge,119,27764.83,80,144,129,162,134.0,70.63049388661092,6,8,1
2023-08-13,Furniture,146,34283.54,233,213,286,221,154.71428571428572,75.95330645801212,6,8,1
2023-08-13,Headphones,60,13852.5,93,120,156,111,155.71428571428572,74.93711649490774,6,8,1
2023-08-13,Jacket,69,21630.55,88,140,119,55,150.71428571428572,78.56359268285809,6,8,1
2023-08-13,Jeans,90,21161.46,106,67,96,42,142.0,79.82898387594942,6,8,1
2023-08-13,Juice,151,33009.84,124,207,249,157,143.28571428571428,79.39293479421215,6,8,1
2023-08-13,Kitchen,82,24462.75,104,50,99,90,118.28571428571428,52.550655833883965,6,8,1
2023-08-13,Laptop,71,20822.74,112,38,89,111,122.85714285714286,49.99476163035574,6,8,1
2023-08-13,Lighting,102,28013.47,94,52,137,44,103.0,12.503332889002357,6,8,1
2023-08-13,Literature,81,19604.16,66,69,141,101,99.14285714285714,18.72100933379555,6,8,1
2023-08-13,Mitsubishi 1.5 Ton 3 Star Split AC,92,22050.98,95,96,121,79,100.14285714285714,18.206487593054884,6,8,1
2023-08-13,Non-Fiction,180,51197.37,346,227,312,330,134.42857142857142,95.0190457098942,6,8,1
2023-08-13,Shirt,72,17413.08,81,89,105,66,128.28571428571428,97.17117934469049,6,8,1
2023-08-13,Shoes,177,39894.91,204,202,212,196,142.57142857142858,100.30596051225292,6,8,1
2023-08-13,Shorts,163,41666.89,129,100,102,99,145.0,99.64604022906911,6,8,1
2023-08-13,Smartphone,318,79741.51,292,273,242,338,173.28571428571428,110.29009367075872,6,8,1
2023-08-13,Snacks,102,25087.78,112,95,101,130,179.85714285714286,104.02472233629288,6,8,1
2023-08-13,Soft Drink,186,44640.03,106,188,229,186,181.42857142857144,102.60256192847083,6,8,1
2023-08-13,T-shirt,197,44838.53,159,191,152,214,154.71428571428572,72.55736646661987,6,8,1
2023-08-13,Tablet,176,51884.380000000005,243,196,299,201,177.85714285714286,70.94464643045895,6,8,1
2023-08-13,Television,158,41969.99,191,177,175,116,176.0,70.31358332498758,6,8,1
2023-08-13,Thriller,83,18958.45,115,101,127,108,174.0,72.0509079285841,6,8,1
2023-08-13,Tools,51,15099.86,107,67,53,133,147.57142857142858,52.952359540933735,6,8,1
2023-08-13,Water,342,83987.6,417,360,399,416,191.14285714285717,111.69963976580011,6,8,1
2023-08-14,Bathroom,84,23555.51,46,97,98,73,182.57142857142856,121.2186140035942,0,8,0
2023-08-14,Bedding,102,22833.1,55,98,114,108,167.71428571428572,130.59953328874516,0,8,0
2023-08-14,BlueStar AC,27,4715.07,38,51,27,31,138.42857142857142,133.8479948086098,0,8,0
2023-08-14,Children's,81,24864.84,79,71,102,87,122.42857142857144,133.20893005958328,0,8,0
2023-08-14,Chocolate,101,22362.06,94,94,111,100,119.42857142857144,133.63988569143174,0,8,0
2023-08-14,Coffee,74,23545.49,103,69,61,93,118.85714285714286,133.71041915451497,0,8,0
2023-08-14,Decorations,219,54034.63,124,218,194,209,77.0,31.999999999997456,0,8,0
2023-08-14,Dress,87,21501.39,100,108,123,97,84.71428571428571,29.708103752533184,0,8,0
2023-08-14,Fiction,236,62035.85,276,251,294,258,116.28571428571428,75.30540991127165,0,8,0
2023-08-14,Fridge,84,23844.92,119,92,128,150,127.85714285714286,67.04085463712478,0,8,0
2023-08-14,Furniture,192,49596.19,146,236,208,226,137.42857142857142,63.59731950026641,0,8,0
2023-08-14,Headphones,91,22903.79,60,96,93,67,132.57142857142858,68.57078372712603,0,8,0
2023-08-14,Jacket,68,18590.6,69,100,50,90,127.71428571428572,72.12654223819412,0,8,0
2023-08-14,Jeans,111,29327.79,90,69,102,141,122.85714285714286,73.5491413306511,0,8,0
2023-08-14,Juice,178,49566.69,151,225,198,154,130.14285714285714,73.43348139967286,0,8,0
2023-08-14,Kitchen,84,22997.7,82,68,112,110,102.42857142857144,36.56435943582568,0,8,0
2023-08-14,Laptop,71,21494.31,71,63,94,75,95.57142857142856,37.4292984298697,0,8,0
2023-08-14,Lighting,80,18736.29,102,108,90,76,89.28571428571429,30.625230805736287,0,8,0
2023-08-14,Literature,74,20525.54,81,121,73,98,92.28571428571428,28.21178409644847,0,8,0
2023-08-14,Mitsubishi 1.5 Ton 3 Star Split AC,84,18433.31,92,82,121,146,95.57142857142856,26.323988697616585,0,8,0
2023-08-14,Non-Fiction,226,65572.04,180,260,317,307,108.42857142857144,41.02380261448543,0,8,0
2023-08-14,Shirt,112,20982.39,72,97,75,74,97.14285714285714,38.124482822407664,0,8,0
2023-08-14,Shoes,181,40548.01,177,186,181,201,110.71428571428572,47.57350202831382,0,8,0
2023-08-14,Shorts,72,15758.24,163,119,113,109,123.85714285714286,47.48132464955133,0,8,0
2023-08-14,Smartphone,289,76955.18,318,292,318,179,154.71428571428572,85.70825375601058,0,8,0
2023-08-14,Snacks,64,14614.61,102,66,120,63,157.71428571428572,83.02351932979417,0,8,0
2023-08-14,Soft Drink,165,39859.36,186,175,172,202,171.14285714285714,78.07780002755469,0,8,0
2023-08-14,T-shirt,180,43812.41,197,166,196,258,173.57142857142858,78.66142032546205,0,8,0
2023-08-14,Tablet,186,51387.77,176,173,189,126,188.42857142857144,64.89698797031363,0,8,0
2023-08-14,Television,153,43485.21,158,193,209,195,185.7142857142857,65.8450562196693,0,8,0
2023-08-14,Thriller,78,24151.54,83,78,98,115,174.28571428571428,76.52170560417088,0,8,0
2023-08-14,Tools,78,18461.8,51,47,117,69,136.14285714285714,57.001253119056734,0,8,0
2023-08-14,Water,314,75362.34,342,328,398,427,170.42857142857142,93.52157886972223,0,8,0
2023-08-15,Bathroom,110,23122.43,84,95,78,79,155.85714285714286,98.5045321654938,1,8,0
2023-08-15,Bedding,71,17740.34,102,88,77,93,142.28571428571428,98.43562073036036,1,8,0
2023-08-15,BlueStar AC,39,10337.57,27,42,35,58,121.0,105.76703960434254,1,8,0
2023-08-15,Children's,117,21218.56,81,78,161,78,110.0,105.2805775060143,1,8,0
2023-08-15,Chocolate,93,19990.51,101,64,84,34,112.57142857142856,104.7295837587718,1,8,0
2023-08-15,Coffee,95,26145.5,74,75,104,73,115.85714285714286,102.81930520971932,1,8,0
2023-08-15,Decorations,196,47970.99,219,223,160,154,98.28571428571428,58.832287863366034,1,8,0
2023-08-15,Dress,91,21003.11,87,113,79,99,98.71428571428572,58.7217003776114,1,8,0
2023-08-15,Fiction,217,64595.84,236,248,206,199,117.85714285714286,78.4865775603877,1,8,0
2023-08-15,Fridge,80,22840.07,84,126,145,141,126.0,69.9857128276901,1,8,0
2023-08-15,Furniture,191,51723.66,192,186,126,225,141.85714285714286,70.66217416088175,1,8,0
2023-08-15,Headphones,98,24506.81,91,140,76,64,140.42857142857142,71.71902849048482,1,8,0
2023-08-15,Jacket,112,23673.2,68,108,87,58,139.57142857142858,72.67474834919604,1,8,0
2023-08-15,Jeans,135,30352.88,111,138,101,112,124.14285714285714,63.94119322061557,1,8,0
2023-08-15,Juice,192,36666.93,178,216,84,188,137.14285714285714,64.3801951209333,1,8,0
2023-08-15,Kitchen,121,30468.9,84,103,105,81,115.42857142857144,49.36212158749804,1,8,0
2023-08-15,Laptop,71,21136.63,71,84,65,78,113.57142857142856,50.96030201001825,1,8,0
2023-08-15,Lighting,44,9780.63,80,95,91,53,97.57142857142856,38.2224067917269,1,8,0
2023-08-15,Literature,103,22196.39,74,82,115,76,95.14285714285714,39.23615922176962,1,8,0
2023-08-15,Mitsubishi 1.5 Ton 3 Star Split AC,70,19183.59,84,117,112,69,97.42857142857144,37.83233688639368,1,8,0
2023-08-15,Non-Fiction,279,73749.69,226,317,193,306,113.85714285714286,61.974265012256616,1,8,0
2023-08-15,Shirt,69,22029.13,112,60,104,82,104.42857142857144,55.24447828473231,1,8,0
2023-08-15,Shoes,251,59479.52,181,186,143,185,118.28571428571428,61.11932123781583,1,8,0
2023-08-15,Shorts,107,23926.95,72,54,57,85,118.42857142857144,60.9914123541362,1,8,0
2023-08-15,Smartphone,261,68137.34,289,244,328,281,148.28571428571428,85.33993650047262,1,8,0
2023-08-15,Snacks,111,26868.49,64,48,63,41,146.85714285714286,86.8608630155691,1,8,0
2023-08-15,Soft Drink,136,33524.62,165,114,241,154,158.42857142857142,82.37082238846672,1,8,0
2023-08-15,T-shirt,207,53857.44,180,140,282,128,151.85714285714286,77.78909214756783,1,8,0
2023-08-15,Tablet,235,60800.48,186,212,192,115,162.42857142857142,76.4871604538021,1,8,0
2023-08-15,Television,126,39189.58,153,242,231,202,158.42857142857142,76.08516531461524,1,8,0
2023-08-15,Thriller,108,26813.76,78,59,114,94,159.28571428571428,74.97491644035387,1,8,0
2023-08-15,Tools,77,17690.57,78,24,107,108,129.14285714285714,53.461601707606654,1,8,0
2023-08-15,Water,347,97817.94,314,354,450,343,164.85714285714286,79.7379637132954,1,8,0
2023-08-16,Bathroom,121,24208.51,110,48,125,99,157.0,82.38729675542592,2,8,0
2023-08-16,Bedding,60,14249.43,71,118,134,63,141.42857142857142,87.46019502771328,2,8,0
2023-08-16,BlueStar AC,49,12962.14,39,54,48,36,120.42857142857144,92.47856894592184,2,8,0
2023-08-16,Children's,87,18684.17,117,47,103,43,115.28571428571428,91.35957217813208,2,8,0
2023-08-16,Chocolate,118,25135.27,93,86,63,84,117.42857142857144,90.5112463414664,2,8,0
2023-08-16,Coffee,101,27475.38,95,78,107,80,119.85714285714286,89.49940143455015,2,8,0
2023-08-16,Decorations,190,39127.47,196,88,154,170,103.0,48.6106984109453,2,8,0
2023-08-16,Dress,54,10007.74,91,84,107,61,100.28571428571428,48.68509109817883,2,8,0
2023-08-16,Fiction,214,50836.07,217,224,281,226,121.14285714285714,63.16757757855496,2,8,0
2023-08-16,Fridge,103,32345.39,80,132,137,93,127.0,55.74644981222191,2,8,0
2023-08-16,Furniture,237,63910.19,191,246,174,226,137.57142857142858,60.35963646581743,2,8,0
2023-08-16,Headphones,88,25219.85,98,93,80,96,138.28571428571428,59.77099153076978,2,8,0
2023-08-16,Jacket,114,28214.78,112,49,90,61,140.71428571428572,58.03939548764576,2,8,0
2023-08-16,Jeans,29,5326.889999999999,135,96,124,109,132.0,52.68775948927716,2,8,0
2023-08-16,Juice,182,40561.74,192,227,139,191,146.42857142857142,53.41303568373843,2,8,0
2023-08-16,Kitchen,36,8327.04,121,56,86,75,132.71428571428572,43.717709171890654,2,8,0
2023-08-16,Laptop,54,13671.63,71,41,87,72,131.42857142857142,45.617456975946126,2,8,0
2023-08-16,Lighting,93,19652.31,44,112,105,59,110.42857142857144,47.42312074244239,2,8,0
2023-08-16,Literature,69,15795.78,103,84,86,89,111.14285714285714,47.242031326028034,2,8,0
2023-08-16,Mitsubishi 1.5 Ton 3 Star Split AC,111,20912.52,70,119,128,63,105.14285714285714,49.71729602270629,2,8,0
2023-08-16,Non-Fiction,228,44359.53,279,231,252,228,125.71428571428572,82.86880049353921,2,8,0
2023-08-16,Shirt,62,11293.07,69,82,56,72,108.14285714285714,79.44060374776497,2,8,0
2023-08-16,Shoes,166,43988.73,251,153,190,174,126.71428571428572,96.34437241083675,2,8,0
2023-08-16,Shorts,96,25600.27,107,84,61,95,131.85714285714286,93.8019697224394,2,8,0
2023-08-16,Smartphone,246,68888.78,261,288,223,344,162.85714285714286,95.76434369748208,2,8,0
2023-08-16,Snacks,94,22242.16,111,79,99,55,164.0,94.97543542060384,2,8,0
2023-08-16,Soft Drink,227,58562.95,136,150,169,142,173.42857142857142,87.03228738588349,2,8,0
2023-08-16,T-shirt,177,47441.69,207,140,156,146,163.14285714285714,76.03601903358792,2,8,0
2023-08-16,Tablet,127,32027.34,235,193,201,218,186.8571428571429,67.1476695337188,2,8,0
2023-08-16,Television,145,34050.79,126,201,168,149,169.0,63.7834879364032,2,8,0
2023-08-16,Thriller,117,31630.14,108,129,128,102,169.14285714285714,63.62239797280108,2,8,0
2023-08-16,Tools,107,30387.23,77,50,92,84,142.85714285714286,57.01294756874192,2,8,0
2023-08-16,Water,405,101568.87,347,442,360,349,176.57142857142858,93.2788956889625,2,8,0
2023-08-17,Bathroom,95,29736.29,121,60,110,56,174.42857142857142,94.53016651287749,3,8,0
2023-08-17,Bedding,64,16367.28,60,139,77,135,153.42857142857142,102.11244968637428,3,8,0
2023-08-17,BlueStar AC,51,15908.91,49,39,23,22,126.85714285714286,101.54708033128982,3,8,0
2023-08-17,Children's,92,25777.82,87,99,118,76,121.28571428571428,102.66566171431415,3,8,0
2023-08-17,Chocolate,67,17786.91,118,76,116,92,122.71428571428572,102.51945227730197,3,8,0
2023-08-17,Coffee,99,26934.72,101,94,83,83,126.14285714285714,101.12768920433922,3,8,0
2023-08-17,Decorations,233,61746.41,190,160,178,95,103.71428571428572,46.796418259356514,3,8,0
2023-08-17,Dress,86,28164.95,54,113,109,116,94.14285714285714,49.448385789049965,3,8,0
2023-08-17,Fiction,261,82924.62,214,300,215,233,116.14285714285714,63.8786051074699,3,8,0
2023-08-17,Fridge,83,16703.61,103,69,99,142,123.85714285714286,57.34523685953428,3,8,0
2023-08-17,Furniture,191,43165.32,237,175,173,179,145.28571428571428,68.26349509001636,3,8,0
2023-08-17,Headphones,128,27733.98,88,98,92,100,141.0,71.14304838375465,3,8,0
2023-08-17,Jacket,87,21321.45,114,66,102,64,142.85714285714286,70.08668102530451,3,8,0
2023-08-17,Jeans,87,18738.41,29,49,104,90,119.85714285714286,78.00732566331672,3,8,0
2023-08-17,Juice,224,56408.19,182,171,184,170,138.14285714285714,74.93870511164067,3,8,0
2023-08-17,Kitchen,104,26315.42,36,100,111,73,112.71428571428572,75.10817595467208,3,8,0
2023-08-17,Laptop,83,21615.85,54,95,129,63,105.71428571428572,78.37668506580664,3,8,0
2023-08-17,Lighting,117,34034.01,93,105,99,71,85.14285714285714,52.94786294531672,3,8,0
2023-08-17,Literature,68,15065.13,69,54,127,90,82.42857142857143,53.263048926551605,3,8,0
2023-08-17,Mitsubishi 1.5 Ton 3 Star Split AC,112,33543.98,111,120,97,117,82.0,52.9779828482221,3,8,0
2023-08-17,Non-Fiction,310,84552.5,228,236,310,284,110.42857142857144,70.34405244429409,3,8,0
2023-08-17,Shirt,88,23098.12,62,45,62,59,93.28571428571428,64.36281091260146,3,8,0
2023-08-17,Shoes,139,34553.19,166,218,181,131,111.85714285714286,63.83162374933036,3,8,0
2023-08-17,Shorts,109,29074.23,96,22,87,56,117.85714285714286,59.29988356207862,3,8,0
2023-08-17,Smartphone,223,65897.02,246,275,366,313,139.71428571428572,74.78572565606808,3,8,0
2023-08-17,Snacks,97,28954.32,94,69,72,42,143.28571428571428,71.36459039260777,3,8,0
2023-08-17,Soft Drink,170,46587.84,227,180,174,134,159.85714285714286,75.93951227002626,3,8,0
2023-08-17,T-shirt,248,72161.12,177,126,200,191,152.57142857142858,70.56877766372546,3,8,0
2023-08-17,Tablet,182,43290.65,127,165,205,200,161.85714285714286,60.17593254069939,3,8,0
2023-08-17,Television,195,54666.66,145,126,160,155,158.85714285714286,60.45777747438952,3,8,0
2023-08-17,Thriller,103,23145.5,117,146,56,81,161.85714285714286,57.25506839697953,3,8,0
2023-08-17,Tools,52,13353.58,107,100,74,93,142.0,46.25653107039686,3,8,0
2023-08-17,Water,381,92017.02,405,388,227,332,186.42857142857144,104.79003951212329,3,8,0
2023-08-18,Bathroom,49,13470.7,95,88,87,87,167.57142857142858,108.09695824098075,4,8,0
2023-08-18,Bedding,89,23540.04,64,130,75,108,151.42857142857142,114.69068131697674,4,8,0
2023-08-18,BlueStar AC,38,7288.059999999999,51,40,37,33,140.57142857142858,120.8219863309336,4,8,0
2023-08-18,Children's,64,18248.87,92,87,112,60,133.0,122.151545221499,4,8,0
2023-08-18,Chocolate,90,16493.47,67,116,84,88,125.85714285714286,124.67882548295611,4,8,0
2023-08-18,Coffee,98,32806.49,99,119,83,66,124.71428571428572,124.91692477497996,4,8,0
2023-08-18,Decorations,193,59074.59,233,184,189,156,100.14285714285714,61.32543945060159,4,8,0
2023-08-18,Dress,165,38593.72,86,52,90,103,98.85714285714286,61.545182783134216,4,8,0
2023-08-18,Fiction,241,60205.12,261,269,271,367,127.0,83.92258337301057,4,8,0
2023-08-18,Fridge,78,14445.0,83,84,61,87,131.57142857142858,79.86625725310385,4,8,0
2023-08-18,Furniture,225,61025.6,191,115,147,160,145.71428571428572,80.4543644677198,4,8,0
2023-08-18,Headphones,71,21040.73,128,96,84,133,154.42857142857142,73.51157991059861,4,8,0
2023-08-18,Jacket,78,27638.51,87,97,120,79,152.71428571428572,75.14145390686846,4,8,0
2023-08-18,Jeans,97,28603.77,87,108,87,81,131.85714285714286,69.16749856068797,4,8,0
2023-08-18,Juice,148,35241.62,224,221,157,261,151.57142857142858,73.45260862818729,4,8,0
2023-08-18,Kitchen,110,24312.48,104,95,72,57,129.14285714285714,56.47839873623753,4,8,0
2023-08-18,Laptop,147,35315.64,83,71,132,118,129.14285714285714,56.47839873623753,4,8,0
2023-08-18,Lighting,94,18967.36,117,50,138,95,118.57142857142856,49.45994050022316,4,8,0
2023-08-18,Literature,94,19383.68,68,74,51,101,110.0,52.649786324351695,4,8,0
2023-08-18,Mitsubishi 1.5 Ton 3 Star Split AC,96,27307.24,112,89,129,127,113.57142857142856,51.66835634717774,4,8,0
2023-08-18,Non-Fiction,220,60524.03,310,325,309,274,145.42857142857142,88.30979021387708,4,8,0
2023-08-18,Shirt,87,19656.18,88,88,63,68,126.0,82.9397371589753,4,8,0
2023-08-18,Shoes,143,36537.21,139,176,174,160,131.0,82.44594188517254,4,8,0
2023-08-18,Shorts,30,6470.8,109,69,66,107,134.71428571428572,80.48543198557539,4,8,0
2023-08-18,Smartphone,238,57475.89,223,229,245,195,149.85714285714286,86.35475005547057,4,8,0
2023-08-18,Snacks,98,24285.1,97,66,116,88,154.0,82.37718130647555,4,8,0
2023-08-18,Soft Drink,193,48678.37,170,193,192,222,162.28571428571428,80.34034745114924,4,8,0
2023-08-18,T-shirt,192,55740.21,248,184,165,206,153.42857142857142,62.85660172927204,4,8,0
2023-08-18,Tablet,146,36658.95,182,107,167,162,166.85714285714286,56.24182480274637,4,8,0
2023-08-18,Television,113,32540.68,195,163,173,227,174.85714285714286,55.598047242172335,4,8,0
2023-08-18,Thriller,85,24443.42,103,94,125,85,174.0,56.81549084536688,4,8,0
2023-08-18,Tools,116,25923.72,52,69,93,81,149.57142857142858,67.91381092447729,4,8,0
2023-08-18,Water,363,93929.78,381,406,337,406,190.14285714285717,105.63053310387822,4,8,0
2023-08-19,Bathroom,156,35079.11,49,98,130,87,172.85714285714286,118.58250091733387,5,8,1
2023-08-19,Bedding,120,25590.34,89,92,118,113,150.14285714285714,117.0077327521966,5,8,1
2023-08-19,BlueStar AC,29,7393.48,38,35,26,23,129.57142857142858,122.97947951163354,5,8,1
2023-08-19,Children's,110,25827.52,64,88,50,134,110.85714285714286,121.31972712826254,5,8,1
2023-08-19,Chocolate,85,17774.670000000002,90,86,81,51,109.0,121.55931336868665,5,8,1
2023-08-19,Coffee,72,23356.66,98,123,61,82,115.57142857142856,119.18453079553689,5,8,1
2023-08-19,Decorations,146,43613.37,193,167,194,171,88.71428571428571,51.191517154420175,5,8,1
2023-08-19,Dress,106,29118.46,165,115,54,59,105.28571428571428,54.83829041133559,5,8,1
2023-08-19,Fiction,308,83582.81,241,279,253,228,127.0,74.04503134354512,5,8,1
2023-08-19,Fridge,129,33289.98,78,80,68,99,132.71428571428572,67.26493461359603,5,8,1
2023-08-19,Furniture,168,43661.17,225,233,123,113,155.71428571428572,67.37881537920289,5,8,1
2023-08-19,Headphones,87,25502.5,71,93,99,71,153.0,70.76486887337961,5,8,1
2023-08-19,Jacket,82,19766.91,78,88,100,107,150.14285714285714,73.69854944621456,5,8,1
2023-08-19,Jeans,74,24436.75,97,106,88,134,136.42857142857142,73.32543247481718,5,8,1
2023-08-19,Juice,266,69126.8,148,124,183,176,134.0,72.49827584156691,5,8,1
2023-08-19,Kitchen,103,26668.74,110,104,106,92,115.28571428571428,55.09299497429775,5,8,1
2023-08-19,Laptop,50,15858.82,147,112,75,78,125.14285714285714,53.45848411439888,5,8,1
2023-08-19,Lighting,91,26748.49,94,94,61,102,106.42857142857144,30.8050707019522,5,8,1
2023-08-19,Literature,104,25451.07,94,66,90,80,109.71428571428572,27.43911007858415,5,8,1
2023-08-19,Mitsubishi 1.5 Ton 3 Star Split AC,155,41512.57,96,95,99,116,112.28571428571428,24.675995661870694,5,8,1
2023-08-19,Non-Fiction,347,86310.8,220,346,327,226,129.85714285714286,46.29769098428246,5,8,1
2023-08-19,Shirt,94,22316.11,87,81,51,85,121.14285714285714,48.02231624091831,5,8,1
2023-08-19,Shoes,156,39057.3,143,204,246,158,125.85714285714286,48.36468605442169,5,8,1
2023-08-19,Shorts,81,23532.21,30,129,78,109,109.14285714285714,58.90791845875012,5,8,1
2023-08-19,Smartphone,190,49959.25,238,292,267,177,129.71428571428572,75.53523302784832,5,8,1
2023-08-19,Snacks,136,44561.78,98,112,26,52,130.28571428571428,75.23455386481676,5,8,1
2023-08-19,Soft Drink,202,51448.68,193,106,215,143,144.14285714285714,76.78417495688456,5,8,1
2023-08-19,T-shirt,175,46858.880000000005,192,159,163,189,140.14285714285714,72.79979068520358,5,8,1
2023-08-19,Tablet,175,50978.08,146,243,116,152,148.57142857142858,68.9344063654161,5,8,1
2023-08-19,Television,229,56767.31,113,191,231,185,144.28571428571428,70.25836672765763,5,8,1
2023-08-19,Thriller,67,17680.37,85,115,89,80,152.14285714285714,57.21138747786842,5,8,1
2023-08-19,Tools,80,20558.71,116,107,94,100,134.71428571428572,43.67956915887204,5,8,1
2023-08-19,Water,291,75811.26,363,417,326,431,172.57142857142858,93.2574521470126,5,8,1
2023-08-20,Bathroom,87,16926.1,156,46,76,65,167.28571428571428,92.9546740544626,6,8,1
2023-08-20,Bedding,76,23795.65,120,55,93,117,157.0,93.74433316206344,6,8,1
2023-08-20,BlueStar AC,29,6124.5,29,38,27,48,140.28571428571428,105.70038518648528,6,8,1
2023-08-20,Children's,126,30791.69,110,79,65,57,139.85714285714286,105.8354517973197,6,8,1
2023-08-20,Chocolate,104,20655.18,85,94,83,73,139.85714285714286,105.8354517973197,6,8,1
2023-08-20,Coffee,89,28981.5,72,103,59,74,133.57142857142858,108.75485758171432,6,8,1
2023-08-20,Decorations,174,42586.21,146,124,109,188,102.57142857142856,44.26381947240434,6,8,1
2023-08-20,Dress,81,22822.64,106,100,100,69,95.42857142857144,37.761784663231445,6,8,1
2023-08-20,Fiction,333,83936.72,308,276,367,249,122.28571428571428,89.52600047977499,6,8,1
2023-08-20,Fridge,174,44041.75,129,119,144,65,136.57142857142858,79.58613183810547,6,8,1
2023-08-20,Furniture,236,57637.88,168,146,213,190,144.85714285714286,79.37763868879861,6,8,1
2023-08-20,Headphones,41,14952.53,87,60,120,67,145.14285714285714,79.12949001779378,6,8,1
2023-08-20,Jacket,94,24521.28,82,69,140,78,146.57142857142858,77.6656447919691,6,8,1
2023-08-20,Jeans,68,16774.86,74,90,67,86,136.28571428571428,82.37862644665799,6,8,1
2023-08-20,Juice,165,32851.15,266,151,207,163,159.14285714285714,93.95819739194025,6,8,1
2023-08-20,Kitchen,41,11970.95,103,82,50,56,129.85714285714286,68.2627975094007,6,8,1
2023-08-20,Laptop,76,17872.88,50,71,38,111,118.57142857142856,74.65890690970696,6,8,1
2023-08-20,Lighting,45,12118.02,91,102,52,68,107.57142857142856,71.7794240314424,6,8,1
2023-08-20,Literature,77,24240.79,104,81,69,82,110.0,71.25307010929353,6,8,1
2023-08-20,Mitsubishi 1.5 Ton 3 Star Split AC,98,22163.48,155,92,96,115,120.42857142857144,71.81192366837342,6,8,1
2023-08-20,Non-Fiction,332,90349.61,347,180,227,223,159.42857142857142,107.60554066102884,6,8,1
2023-08-20,Shirt,103,29843.33,94,72,89,60,134.85714285714286,98.46391652347972,6,8,1
2023-08-20,Shoes,170,44437.88,156,177,202,167,142.42857142857142,97.64025321361564,6,8,1
2023-08-20,Shorts,101,21312.7,81,163,100,56,146.85714285714286,93.358500008352,6,8,1
2023-08-20,Smartphone,186,52664.07,190,318,273,301,161.0,90.95420092918532,6,8,1
2023-08-20,Snacks,102,24236.34,136,102,95,123,165.57142857142858,88.37959255932522,6,8,1
2023-08-20,Soft Drink,143,35977.01,202,186,188,125,172.28571428571428,89.22390241356136,6,8,1
2023-08-20,T-shirt,190,54532.36,175,197,191,175,147.71428571428572,46.58581431335115,6,8,1
2023-08-20,Tablet,207,55425.47,175,176,196,214,159.28571428571428,40.70918932179862,6,8,1
2023-08-20,Television,233,55109.97,229,158,177,166,169.71428571428572,48.35877819560152,6,8,1
2023-08-20,Thriller,66,13863.18,67,83,101,54,167.71428571428572,52.73112390772061,6,8,1
2023-08-20,Tools,130,38436.21,80,51,67,108,152.0,60.76183012385276,6,8,1
2023-08-20,Water,399,87356.83,291,342,360,345,174.14285714285714,79.3566392337538,6,8,1
2023-08-21,Bathroom,72,14323.47,87,84,97,97,157.71428571428572,84.37360228119165,0,8,0
2023-08-21,Bedding,27,6427.58,76,102,98,107,143.57142857142858,89.15502816789967,0,8,0
2023-08-21,BlueStar AC,37,12889.39,29,27,51,43,122.71428571428572,97.28431577206068,0,8,0
2023-08-21,Children's,78,17829.3,126,81,71,47,108.0,85.61931246317369,0,8,0
2023-08-21,Chocolate,101,30804.63,104,101,94,53,113.28571428571428,83.78885026404967,0,8,0
2023-08-21,Coffee,75,25497.59,89,74,69,67,114.57142857142856,83.26034899209601,0,8,0
2023-08-21,Decorations,260,62480.18,174,219,218,201,97.85714285714286,44.801147944475176,0,8,0
2023-08-21,Dress,70,17220.57,81,87,108,69,97.0,45.09988913511756,0,8,0
2023-08-21,Fiction,224,55743.32,333,236,251,296,133.71428571428572,98.33906359413514,0,8,0
2023-08-21,Fridge,85,26300.78,174,84,92,117,154.42857142857142,87.25223424619179,0,8,0
2023-08-21,Furniture,193,49390.130000000005,236,192,236,146,170.14285714285714,91.099631487415,0,8,0
2023-08-21,Headphones,78,23149.4,41,91,96,72,161.14285714285714,101.26767923253108,0,8,0
2023-08-21,Jacket,113,30957.63,94,68,100,111,161.85714285714286,100.69000044928067,0,8,0
2023-08-21,Jeans,88,27670.34,68,111,69,125,146.71428571428572,106.36997428114462,0,8,0
2023-08-21,Juice,197,53636.04,165,178,225,158,158.71428571428572,102.38442961979804,0,8,0
2023-08-21,Kitchen,99,30207.76,41,84,68,113,117.0,75.49392911574576,0,8,0
2023-08-21,Laptop,119,26235.86,76,71,63,65,103.0,72.17571151941098,0,8,0
2023-08-21,Lighting,105,30863.23,45,80,108,114,75.71428571428571,44.19545333219214,0,8,0
2023-08-21,Literature,42,10241.67,77,74,121,69,80.85714285714286,41.49469271858036,0,8,0
2023-08-21,Mitsubishi 1.5 Ton 3 Star Split AC,102,22878.41,98,84,82,108,81.42857142857143,41.73270956478779,0,8,0
2023-08-21,Non-Fiction,316,79517.62,332,226,260,194,119.14285714285714,102.54987172335277,0,8,0
2023-08-21,Shirt,125,30938.55,103,112,97,91,110.28571428571428,100.58779628714744,0,8,0
2023-08-21,Shoes,175,51175.73,170,181,186,124,128.71428571428572,97.5494990346167,0,8,0
2023-08-21,Shorts,85,23207.12,101,72,119,101,132.28571428571428,95.73873177510076,0,8,0
2023-08-21,Smartphone,291,68024.75,186,289,292,192,152.42857142857142,88.90230057551376,0,8,0
2023-08-21,Snacks,85,23537.86,102,64,66,89,156.0,85.81569398037449,0,8,0
2023-08-21,Soft Drink,128,29724.98,143,165,175,221,162.42857142857142,82.36272851004271,0,8,0
2023-08-21,T-shirt,172,46418.67,190,180,166,214,142.14285714285714,40.46985944884735,0,8,0
2023-08-21,Tablet,203,54831.52,207,186,173,207,157.0,42.73172123844241,0,8,0
2023-08-21,Television,196,62525.79,233,153,193,114,166.0,51.63332257370195,0,8,0
2023-08-21,Thriller,58,14807.83,66,78,78,112,161.0,59.9944441872186,0,8,0
2023-08-21,Tools,102,22891.6,130,78,47,62,153.0,59.83867199952395,0,8,0
2023-08-21,Water,353,89178.57,399,314,328,382,195.42857142857144,105.5128067153574,0,8,0
2023-08-22,Bathroom,133,35502.42,72,110,95,98,185.28571428571428,114.42860115331632,1,8,0
2023-08-22,Bedding,115,33171.63,27,71,88,50,162.0,128.97028081435386,1,8,0
2023-08-22,BlueStar AC,21,3606.02,37,39,42,12,137.71428571428572,134.95149040268024,1,8,0
2023-08-22,Children's,72,21723.19,78,117,78,44,115.57142857142856,129.30952161752165,1,8,0
2023-08-22,Chocolate,73,21038.94,101,93,64,89,120.57142857142856,127.74043622760556,1,8,0
2023-08-22,Coffee,130,36819.21,75,95,75,109,112.71428571428572,128.75132916558442,1,8,0
2023-08-22,Decorations,201,52801.7,260,196,223,167,92.85714285714286,77.92609441307883,1,8,0
2023-08-22,Dress,96,24638.05,70,91,113,98,92.57142857142856,78.01892322348641,1,8,0
2023-08-22,Fiction,205,51915.68,224,217,248,317,120.71428571428572,85.58760479904791,1,8,0
2023-08-22,Fridge,110,27065.65,85,80,126,115,127.57142857142856,79.46667465643885,1,8,0
2023-08-22,Furniture,243,57332.43,193,191,186,171,144.0,79.39773296511642,1,8,0
2023-08-22,Headphones,89,20820.21,78,98,140,99,140.71428571428572,81.90993892830117,1,8,0
2023-08-22,Jacket,105,30277.96,113,112,108,88,146.14285714285714,77.99450530096846,1,8,0
2023-08-22,Jeans,85,16101.67,88,135,138,120,121.57142857142856,61.49487009189436,1,8,0
2023-08-22,Juice,178,43825.46,197,192,216,173,139.71428571428572,62.4705644969802,1,8,0
2023-08-22,Kitchen,63,16246.88,99,121,103,111,121.85714285714286,51.213372509623305,1,8,0
2023-08-22,Laptop,129,28346.85,119,71,84,47,126.71428571428572,48.685091098179285,1,8,0
2023-08-22,Lighting,80,21945.33,105,44,95,108,114.14285714285714,39.142596453770985,1,8,0
2023-08-22,Literature,122,26576.23,42,103,82,72,109.0,46.37887450121987,1,8,0
2023-08-22,Mitsubishi 1.5 Ton 3 Star Split AC,118,23118.84,102,70,117,67,107.42857142857144,46.4071012628342,1,8,0
2023-08-22,Non-Fiction,238,54628.62,316,279,317,169,140.0,90.01851661371268,1,8,0
2023-08-22,Shirt,73,11482.66,125,69,60,125,129.71428571428572,86.46331454382653,1,8,0
2023-08-22,Shoes,144,28012.25,175,251,186,138,140.57142857142858,86.73495478151997,1,8,0
2023-08-22,Shorts,106,36031.29,85,107,54,84,135.71428571428572,89.06498430119076,1,8,0
2023-08-22,Smartphone,363,104985.15,291,261,244,246,162.28571428571428,104.7404956479173,1,8,0
2023-08-22,Snacks,62,14298.7,85,111,48,81,168.42857142857142,97.52240279863396,1,8,0
2023-08-22,Soft Drink,243,62522.74,128,136,114,165,172.14285714285714,95.0340791004793,1,8,0
2023-08-22,T-shirt,165,45649.46,172,207,140,212,151.57142857142858,71.33455717686198,1,8,0
2023-08-22,Tablet,184,41345.23,203,235,212,179,162.71428571428572,72.57344391652305,1,8,0
2023-08-22,Television,206,52825.48,196,126,242,212,165.71428571428572,73.59283091378344,1,8,0
2023-08-22,Thriller,68,10100.07,58,108,59,75,161.85714285714286,79.03465183371243,1,8,0
2023-08-22,Tools,72,21495.6,102,77,24,99,134.85714285714286,56.68753117287888,1,8,0
2023-08-22,Water,401,117093.56,353,347,354,388,173.14285714285714,94.97443264975487,1,8,0
2023-08-23,Bathroom,126,42742.39,133,121,48,55,173.85714285714286,94.59638571571408,2,8,0
2023-08-23,Bedding,85,18099.27,115,60,118,91,165.71428571428572,97.20033313679907,2,8,0
2023-08-23,BlueStar AC,21,4948.31,21,49,54,20,139.71428571428572,109.16915664190454,2,8,0
2023-08-23,Children's,125,31988.5,72,87,47,74,122.0,108.5725563851193,2,8,0
2023-08-23,Chocolate,106,26848.6,73,118,86,66,124.14285714285714,107.23871902043015,2,8,0
2023-08-23,Coffee,95,21303.14,130,101,78,115,128.14285714285714,106.79642405284976,2,8,0
2023-08-23,Decorations,122,29249.14,201,190,88,149,106.42857142857144,57.56114761091553,2,8,0
2023-08-23,Dress,99,23212.28,96,54,84,128,101.14285714285714,56.40162105066435,2,8,0
2023-08-23,Fiction,257,75660.89,205,214,224,314,114.0,68.94925670375208,2,8,0
2023-08-23,Fridge,127,27818.88,110,103,132,130,126.71428571428572,55.91575295541808,2,8,0
2023-08-23,Furniture,165,42827.22,243,237,246,267,151.14285714285714,64.6926800893486,2,8,0
2023-08-23,Headphones,97,26852.45,89,88,93,118,153.42857142857142,61.68429606433333,2,8,0
2023-08-23,Jacket,120,28253.82,105,114,49,86,149.85714285714286,63.94901242768439,2,8,0
2023-08-23,Jeans,83,17472.72,85,29,96,114,133.28571428571428,63.51565236410642,2,8,0
2023-08-23,Juice,182,39876.75,178,182,227,190,145.0,63.0528878535044,2,8,0
2023-08-23,Kitchen,102,22022.77,63,36,56,51,124.71428571428572,63.37379659794739,2,8,0
2023-08-23,Laptop,68,17616.420000000002,129,54,41,58,127.42857142857144,63.04457984330583,2,8,0
2023-08-23,Lighting,77,20718.9,80,93,112,81,104.14285714285714,38.61100262631641,2,8,0
2023-08-23,Literature,74,21105.01,122,69,84,39,108.85714285714286,38.46829244727947,2,8,0
2023-08-23,Mitsubishi 1.5 Ton 3 Star Split AC,62,19305.28,118,111,119,65,110.71428571428572,38.56472604904632,2,8,0
2023-08-23,Non-Fiction,234,55851.46,238,228,231,249,132.57142857142858,59.32918658596545,2,8,0
2023-08-23,Shirt,67,18384.58,73,62,82,86,117.57142857142856,59.20263829384874,2,8,0
2023-08-23,Shoes,157,36632.22,144,166,153,196,129.14285714285714,54.48678301945751,2,8,0
2023-08-23,Shorts,122,27786.75,106,96,84,92,125.85714285714286,55.18583324075215,2,8,0
2023-08-23,Smartphone,374,102316.14,363,246,288,247,166.28571428571428,100.80131329454356,2,8,0
2023-08-23,Snacks,95,19995.66,62,94,79,83,157.71428571428572,107.52164787569392,2,8,0
2023-08-23,Soft Drink,203,59326.71,243,227,150,138,175.57142857142858,110.17388853210949,2,8,0
2023-08-23,T-shirt,229,44182.25,165,177,140,220,165.14285714285714,106.67931472631491,2,8,0
2023-08-23,Tablet,198,49644.36,184,127,193,162,181.0,98.64752066490728,2,8,0
2023-08-23,Television,248,73327.11,206,145,201,170,189.8571428571429,97.54901088073376,2,8,0
2023-08-23,Thriller,101,21458.47,68,117,129,72,184.42857142857144,103.8474155397509,2,8,0
2023-08-23,Tools,101,18443.7,72,107,50,121,142.85714285714286,74.56636545482685,2,8,0
2023-08-23,Water,314,75317.74,401,405,442,349,191.28571428571428,113.3162452103467,2,8,0
2023-08-24,Bathroom,38,12116.7,126,95,60,113,174.57142857142858,113.0455028485684,3,8,0
2023-08-24,Bedding,68,18521.49,85,64,139,82,163.14285714285714,118.10507831507282,3,8,0
2023-08-24,BlueStar AC,30,5495.47,21,51,39,12,139.85714285714286,128.88422268510135,3,8,0
2023-08-24,Children's,58,7236.37,125,92,99,109,128.28571428571428,125.54907975995422,3,8,0
2023-08-24,Chocolate,57,15655.29,106,67,76,91,133.71428571428572,123.30952151086316,3,8,0
2023-08-24,Coffee,152,33066.94,95,99,94,99,137.0,121.68675633225912,3,8,0
2023-08-24,Decorations,176,32031.01,122,233,160,172,97.14285714285714,37.09190644614283,3,8,0
2023-08-24,Dress,115,25881.9,99,86,113,101,93.28571428571428,34.93190655028693,3,8,0
2023-08-24,Fiction,298,70155.24,257,261,300,291,117.85714285714286,70.50869585005884,3,8,0
2023-08-24,Fridge,45,12679.1,127,83,69,96,133.0,56.16345193569627,3,8,0
2023-08-24,Furniture,150,33135.87,165,191,175,135,138.71428571428572,57.238431977457545,3,8,0
2023-08-24,Headphones,116,26297.26,97,128,98,61,137.42857142857142,58.188936929216354,3,8,0
2023-08-24,Jacket,78,20173.0,120,87,66,30,141.0,55.87187724308722,3,8,0
2023-08-24,Jeans,93,22847.63,83,87,49,120,135.42857142857142,59.88282208573938,3,8,0
2023-08-24,Juice,150,45289.51,182,224,171,212,147.28571428571428,59.684487894578126,3,8,0
2023-08-24,Kitchen,87,23796.9,102,104,100,89,125.14285714285714,36.41166741319941,3,8,0
2023-08-24,Laptop,102,29396.48,68,83,95,75,116.71428571428572,42.26785337075144,3,8,0
2023-08-24,Lighting,63,19735.39,77,117,105,54,104.14285714285714,38.42494229632742,3,8,0
2023-08-24,Literature,99,26876.96,74,68,54,34,100.85714285714286,40.08502867417488,3,8,0
2023-08-24,Mitsubishi 1.5 Ton 3 Star Split AC,122,25026.82,62,112,120,67,92.57142857142856,41.44014616631563,3,8,0
2023-08-24,Non-Fiction,317,78444.77,234,310,236,205,114.14285714285714,67.02842325319487,3,8,0
2023-08-24,Shirt,136,36495.13,67,88,45,91,97.71428571428572,61.48906213225777,3,8,0
2023-08-24,Shoes,243,57278.13,157,139,218,182,105.57142857142856,65.51044991159006,3,8,0
2023-08-24,Shorts,110,31001.17,122,109,22,77,113.28571428571428,63.49728153161104,3,8,0
2023-08-24,Smartphone,271,72425.43000000001,374,223,275,283,155.71428571428572,114.19678087365124,3,8,0
2023-08-24,Snacks,80,21712.76,95,97,69,84,158.71428571428572,111.94599037886404,3,8,0
2023-08-24,Soft Drink,145,35728.32,203,170,180,197,178.85714285714286,104.05035411028724,3,8,0
2023-08-24,T-shirt,200,41902.57,229,248,126,221,178.14285714285714,103.62501077029056,3,8,0
2023-08-24,Tablet,100,18197.27,198,182,165,196,196.8571428571429,91.304305432308,3,8,0
2023-08-24,Television,195,52776.33,248,195,126,162,209.8571428571429,91.1618132250352,3,8,0
2023-08-24,Thriller,65,16090.07,101,103,146,132,206.8571428571429,94.80757454167995,3,8,0
2023-08-24,Tools,73,20389.2,101,52,100,74,167.85714285714286,66.5242526487608,3,8,0
2023-08-24,Water,361,83148.93,314,381,388,305,199.14285714285717,77.19116653138616,3,8,0
2023-08-25,Bathroom,94,21073.06,38,49,88,83,175.57142857142858,98.16118911066135,4,8,0
2023-08-25,Bedding,79,23841.65,68,89,130,118,152.57142857142858,102.3293003703517,4,8,0
2023-08-25,BlueStar AC,28,5468.51,30,38,40,67,128.57142857142858,109.3585191664812,4,8,0
2023-08-25,Children's,79,21810.49,58,64,87,127,101.42857142857144,97.73750072320723,4,8,0
2023-08-25,Chocolate,80,20292.370000000003,57,90,116,90,95.14285714285714,99.17396931895016,4,8,0
2023-08-25,Coffee,98,24509.28,152,98,119,90,102.42857142857144,101.52152012070611,4,8,0
2023-08-25,Decorations,144,35379.97,176,193,184,176,82.71428571428571,57.401260978349846,4,8,0
2023-08-25,Dress,114,34168.06,115,165,52,81,93.71428571428572,54.71963171694392,4,8,0
2023-08-25,Fiction,281,73146.74,298,241,269,274,126.57142857142856,92.628032371158,4,8,0
2023-08-25,Fridge,86,18716.65,45,78,84,91,128.71428571428572,90.16228754439416,4,8,0
2023-08-25,Furniture,165,47004.8,150,225,115,164,141.85714285714286,84.67472777523089,4,8,0
2023-08-25,Headphones,99,22796.56,116,71,96,69,150.28571428571428,77.44829304276524,4,8,0
2023-08-25,Jacket,95,13492.69,78,78,97,54,139.71428571428572,82.08677174330847,4,8,0
2023-08-25,Jeans,94,20511.91,93,97,108,79,127.85714285714286,81.96631131432052,4,8,0
2023-08-25,Juice,161,36059.36,150,148,221,179,132.85714285714286,82.11867138766989,4,8,0
2023-08-25,Kitchen,95,27289.76,87,110,95,112,102.71428571428572,38.58200913082829,4,8,0
2023-08-25,Laptop,72,14542.74,102,147,71,97,110.85714285714286,29.25991895311323,4,8,0
2023-08-25,Lighting,83,16828.37,63,94,50,82,98.42857142857144,28.324648528897907,4,8,0
2023-08-25,Literature,121,20566.5,99,94,74,71,96.0,27.276363393969536,4,8,0
2023-08-25,Mitsubishi 1.5 Ton 3 Star Split AC,105,28427.38,122,96,89,95,102.28571428571428,27.505843534989378,4,8,0
2023-08-25,Non-Fiction,270,66174.49,317,220,325,252,134.28571428571428,85.03668676070359,4,8,0
2023-08-25,Shirt,83,20899.74,136,87,88,112,132.28571428571428,84.76971606596712,4,8,0
2023-08-25,Shoes,166,53537.05,243,143,176,155,154.57142857142858,91.1461411559425,4,8,0
2023-08-25,Shorts,99,18937.56,110,30,69,84,155.71428571428572,90.42439620241532,4,8,0
2023-08-25,Smartphone,287,73030.41,271,238,229,279,185.42857142857144,89.04466508978719,4,8,0
2023-08-25,Snacks,98,22743.5,80,98,66,76,182.7142857142857,92.34665539100344,4,8,0
2023-08-25,Soft Drink,255,64528.0,145,193,193,183,186.0,90.21086409075122,4,8,0
2023-08-25,T-shirt,169,45934.64,200,192,184,154,169.28571428571428,70.60149735360714,4,8,0
2023-08-25,Tablet,135,32340.33,100,146,107,176,164.14285714285714,74.62668997847096,4,8,0
2023-08-25,Television,214,49339.23,195,113,163,245,157.28571428571428,68.09237423215158,4,8,0
2023-08-25,Thriller,83,27947.43,65,85,94,59,150.85714285714286,75.0675885928328,4,8,0
2023-08-25,Tools,97,27192.49,73,116,69,78,122.57142857142856,57.50031055816678,4,8,0
2023-08-25,Water,346,84065.51,361,363,406,289,162.71428571428572,102.95098232607944,4,8,0
2023-08-26,Bathroom,125,31206.23,94,156,98,88,155.42857142857142,106.16788143133968,5,8,1
2023-08-26,Bedding,101,23765.57,79,120,92,66,138.14285714285714,107.54290395221862,5,8,1
2023-08-26,BlueStar AC,29,5480.24,28,29,35,23,127.85714285714286,114.984678068324,5,8,1
2023-08-26,Children's,81,21972.94,79,110,88,87,111.28571428571428,112.0159427428584,5,8,1
2023-08-26,Chocolate,139,33972.48,80,85,86,72,113.42857142857144,111.12284065072136,5,8,1
2023-08-26,Coffee,83,21013.37,98,72,123,74,117.0,110.00303026129131,5,8,1
2023-08-26,Decorations,160,39072.35,144,146,167,163,86.0,34.3268602312126,5,8,1
2023-08-26,Dress,81,18526.27,114,106,115,70,88.85714285714286,35.89999336781831,5,8,1
2023-08-26,Fiction,293,74191.4,281,308,279,276,117.71428571428572,80.33827291669894,5,8,1
2023-08-26,Fridge,99,20208.26,86,129,80,101,126.0,72.11333672305872,5,8,1
2023-08-26,Furniture,119,26119.77,165,168,233,151,138.28571428571428,70.0683339931196,5,8,1
2023-08-26,Headphones,104,24005.04,99,87,93,71,141.0,67.76429738438918,5,8,1
2023-08-26,Jacket,75,18848.55,95,82,88,112,140.57142857142858,68.0902762094974,5,8,1
2023-08-26,Jeans,106,33850.89,94,74,106,69,133.42857142857142,70.25870561208511,5,8,1
2023-08-26,Juice,148,38854.3,161,266,124,190,140.14285714285714,70.33829817728123,5,8,1
2023-08-26,Kitchen,87,24078.94,95,103,104,75,113.57142857142856,34.00910242301246,5,8,1
2023-08-26,Laptop,122,23045.1,72,50,112,88,111.57142857142856,36.23928413042422,5,8,1
2023-08-26,Lighting,78,12696.9,83,91,94,116,99.85714285714286,28.521504000947772,5,8,1
2023-08-26,Literature,105,29392.91,121,104,66,111,103.0,29.602927783130276,5,8,1
2023-08-26,Mitsubishi 1.5 Ton 3 Star Split AC,103,24282.52,105,155,95,156,104.42857142857144,29.393066885785764,5,8,1
2023-08-26,Non-Fiction,240,68629.79,270,347,346,219,129.57142857142858,68.39068441158955,5,8,1
2023-08-26,Shirt,46,14434.02,83,94,81,81,118.42857142857144,68.76980234292974,5,8,1
2023-08-26,Shoes,204,47727.24,166,156,204,142,128.57142857142858,69.96393628829286,5,8,1
2023-08-26,Shorts,72,20204.81,99,81,129,118,132.42857142857142,67.00710694360939,5,8,1
2023-08-26,Smartphone,302,67997.85,287,190,292,167,161.57142857142858,84.10679152691736,5,8,1
2023-08-26,Snacks,66,16132.29,98,136,112,78,158.28571428571428,86.37459944087371,5,8,1
2023-08-26,Soft Drink,234,64827.96,255,202,106,176,179.71428571428572,89.50179567232942,5,8,1
2023-08-26,T-shirt,186,40462.88,169,175,159,196,165.28571428571428,80.17629384823206,5,8,1
2023-08-26,Tablet,170,45024.47,135,175,243,216,172.71428571428572,73.4046190320341,5,8,1
2023-08-26,Television,147,36331.32,214,229,191,249,179.57142857142858,74.89961535917496,5,8,1
2023-08-26,Thriller,70,28484.83,83,67,115,88,177.28571428571428,77.95022832062821,5,8,1
2023-08-26,Tools,81,19462.7,97,80,107,83,150.14285714285714,65.45845647286123,5,8,1
2023-08-26,Water,307,66254.69,346,291,417,335,185.57142857142856,93.598178655458,5,8,1
2023-08-27,Bathroom,91,24928.69,125,87,46,125,167.0,90.36776711490272,6,8,1
2023-08-27,Bedding,98,25516.56,101,76,55,71,157.28571428571428,93.71003910238956,6,8,1
2023-08-27,BlueStar AC,47,13804.72,29,29,38,38,142.14285714285714,105.70781833498783,6,8,1
2023-08-27,Children's,93,25463.62,81,126,79,126,123.14285714285714,102.54499593093809,6,8,1
2023-08-27,Chocolate,91,21315.61,139,104,94,94,131.14285714285714,101.06504270588708,6,8,1
2023-08-27,Coffee,65,16090.48,83,89,103,95,129.14285714285714,101.98762763431704,6,8,1
2023-08-27,Decorations,185,47957.9,160,174,124,166,102.57142857142856,43.57314594585688,6,8,1
2023-08-27,Dress,121,37396.86,81,81,100,104,96.28571428571428,42.96787282654315,6,8,1
2023-08-27,Fiction,317,76563.26,293,333,276,234,123.71428571428572,86.10597014863725,6,8,1
2023-08-27,Fridge,130,25483.51,99,174,119,115,133.71428571428572,76.83904017644949,6,8,1
2023-08-27,Furniture,177,50193.46,119,236,146,170,139.14285714285714,73.77539917756768,6,8,1
2023-08-27,Headphones,63,14830.95,104,41,60,61,134.14285714285714,74.96316555799999,6,8,1
2023-08-27,Jacket,58,11400.18,75,94,69,66,133.0,75.92759709091236,6,8,1
2023-08-27,Jeans,64,18701.86,106,68,90,89,125.28571428571428,75.46900972300712,6,8,1
2023-08-27,Juice,146,35427.5,148,165,151,142,134.85714285714286,73.1287188716543,6,8,1
2023-08-27,Kitchen,56,18475.92,87,41,82,70,105.42857142857144,23.472374846876445,6,8,1
2023-08-27,Laptop,124,35016.26,122,76,71,97,108.71428571428572,24.025779804992705,6,8,1
2023-08-27,Lighting,98,28635.08,78,45,102,118,102.85714285714286,26.015563107674964,6,8,1
2023-08-27,Literature,67,17764.48,105,77,81,95,103.0,26.02562839458883,6,8,1
2023-08-27,Mitsubishi 1.5 Ton 3 Star Split AC,78,16741.15,103,98,92,109,107.0,22.978250586149912,6,8,1
2023-08-27,Non-Fiction,213,50970.66,240,332,180,362,126.14285714285714,55.21300743915429,6,8,1
2023-08-27,Shirt,88,24569.57,46,103,72,85,111.57142857142856,61.57612400613529,6,8,1
2023-08-27,Shoes,169,36730.82,204,170,177,156,128.28571428571428,69.2019129931007,6,8,1
2023-08-27,Shorts,82,20117.26,72,101,163,118,121.14285714285714,72.4624697606246,6,8,1
2023-08-27,Smartphone,168,49836.64,302,186,318,239,153.14285714285714,95.9034732972489,6,8,1
2023-08-27,Snacks,73,22648.07,66,102,102,82,147.57142857142858,100.20288941751625,6,8,1
2023-08-27,Soft Drink,204,56683.86,234,143,186,201,166.28571428571428,102.69325567876751,6,8,1
2023-08-27,T-shirt,175,44802.97,186,190,197,219,158.57142857142858,98.16118911066124,6,8,1
2023-08-27,Tablet,137,40320.67,170,207,176,212,176.28571428571428,84.73038472258968,6,8,1
2023-08-27,Television,187,47905.36,147,233,158,174,168.14285714285714,84.36118493602066,6,8,1
2023-08-27,Thriller,73,12348.06,70,66,83,94,167.85714285714286,84.7435908519113,6,8,1
2023-08-27,Tools,85,20609.53,81,130,51,132,136.28571428571428,65.39804860930248,6,8,1
2023-08-27,Water,332,82688.02,307,399,342,326,170.71428571428572,83.234036078426,6,8,1
2023-08-28,Bathroom,109,22363.97,91,72,84,63,150.28571428571428,82.65936987765737,0,8,0
2023-08-28,Bedding,71,20533.73,98,27,102,119,137.71428571428572,83.01348140656447,0,8,0
2023-08-28,BlueStar AC,39,9100.36,47,37,27,56,120.14285714285714,87.91364810886553,0,8,0
2023-08-28,Children's,81,22473.02,93,78,81,118,112.42857142857144,87.53257896893183,0,8,0
2023-08-28,Chocolate,75,21221.55,91,101,101,84,115.42857142857144,86.18556944728212,0,8,0
2023-08-28,Coffee,90,22328.45,65,75,74,155,113.14285714285714,87.45366119919031,0,8,0
2023-08-28,Decorations,201,48277.08,185,260,219,171,95.71428571428572,43.484534744028856,0,8,0
2023-08-28,Dress,124,34706.13,121,70,87,83,100.0,44.41095960833574,0,8,0
2023-08-28,Fiction,217,63999.48,317,224,236,218,131.28571428571428,93.1552723247841,0,8,0
2023-08-28,Fridge,113,29459.75,130,85,84,129,143.14285714285714,85.61625346359645,0,8,0
2023-08-28,Furniture,198,47753.29,177,193,192,89,155.14285714285714,83.27150087000236,0,8,0
2023-08-28,Headphones,88,17668.56,63,78,91,99,151.14285714285714,87.43460141047974,0,8,0
2023-08-28,Jacket,54,10804.35,58,113,68,124,150.14285714285714,88.61607937507428,0,8,0
2023-08-28,Jeans,99,28175.16,64,88,111,129,132.85714285714286,92.40387540831884,0,8,0
2023-08-28,Juice,153,33091.48,146,197,178,189,136.42857142857142,92.3523274257466,0,8,0
2023-08-28,Kitchen,97,29257.84,56,99,84,73,99.14285714285714,50.50553953587088,0,8,0
2023-08-28,Laptop,80,19872.300000000003,124,119,71,73,98.28571428571428,49.94234771451965,0,8,0
2023-08-28,Lighting,91,22929.97,98,105,80,108,87.0,36.23534186398523,0,8,0
2023-08-28,Literature,142,41784.98,67,42,74,55,87.57142857142857,35.822977462595084,0,8,0
2023-08-28,Mitsubishi 1.5 Ton 3 Star Split AC,100,25571.4,78,102,84,101,90.42857142857144,33.81250825191172,0,8,0
2023-08-28,Non-Fiction,260,72996.61,213,316,226,317,111.71428571428572,54.79268286220341,0,8,0
2023-08-28,Shirt,112,39247.7,88,125,112,98,103.42857142857144,53.10322382824113,0,8,0
2023-08-28,Shoes,215,59604.03,169,175,181,182,119.57142857142856,53.4567025509333,0,8,0
2023-08-28,Shorts,95,29762.31,82,85,72,64,113.57142857142856,55.20524474738748,0,8,0
2023-08-28,Smartphone,239,56501.69,168,291,289,201,123.57142857142856,58.17461400203381,0,8,0
2023-08-28,Snacks,70,15105.19,73,85,64,70,124.42857142857144,57.238847946876334,0,8,0
2023-08-28,Soft Drink,128,31080.51,204,128,165,185,142.42857142857142,59.95236204092084,0,8,0
2023-08-28,T-shirt,214,50736.4,175,172,180,163,137.0,53.91351098441459,0,8,0
2023-08-28,Tablet,177,43596.82,137,203,186,175,144.0,49.49073987457923,0,8,0
2023-08-28,Television,238,63548.4,187,196,153,186,146.57142857142858,51.43558153281621,0,8,0
2023-08-28,Thriller,81,23601.92,73,58,78,70,145.28571428571428,53.39386445936177,0,8,0
2023-08-28,Tools,69,19160.82,85,102,78,99,133.42857142857142,56.62701694084697,0,8,0
2023-08-28,Water,387,91266.24,332,353,314,416,170.42857142857142,87.02079663861397,0,8,0
2023-08-29,Bathroom,86,26003.03,109,133,110,106,156.85714285714286,88.31086866184405,1,8,0
2023-08-29,Bedding,105,27871.7,71,115,71,100,142.0,93.35416434203636,1,8,0
2023-08-29,BlueStar AC,8,1935.0,39,21,39,1,128.0,101.24392985919329,1,8,0
2023-08-29,Children's,84,23280.56,81,72,117,69,112.85714285714286,98.847405245709,1,8,0
2023-08-29,Chocolate,89,17614.350000000002,75,73,93,104,113.14285714285714,98.71580179388415,1,8,0
2023-08-29,Coffee,92,23547.37,90,130,95,83,113.85714285714286,98.496071954551,1,8,0
2023-08-29,Decorations,185,47525.98,201,201,196,191,95.14285714285714,51.25891327833698,1,8,0
2023-08-29,Dress,84,18535.88,124,96,91,106,97.28571428571428,52.238919991751786,1,8,0
2023-08-29,Fiction,179,42565.97,217,205,217,213,118.14285714285714,67.04334063730289,1,8,0
2023-08-29,Fridge,101,26281.81,113,110,80,129,128.71428571428572,57.66198714842108,1,8,0
2023-08-29,Furniture,144,36513.6,198,243,191,286,145.42857142857142,58.47750890401352,1,8,0
2023-08-29,Headphones,106,25381.29,88,89,98,156,147.28571428571428,56.02295447913617,1,8,0
2023-08-29,Jacket,75,15860.990000000002,54,105,112,119,142.14285714285714,63.333583959403306,1,8,0
2023-08-29,Jeans,89,16545.0,99,85,135,96,127.57142857142856,59.12939805448412,1,8,0
2023-08-29,Juice,215,56060.61,153,178,192,249,131.71428571428572,59.84901638209839,1,8,0
2023-08-29,Kitchen,124,28000.01,97,63,121,99,114.57142857142856,47.19765934470639,1,8,0
2023-08-29,Laptop,61,16595.8,80,129,71,89,109.85714285714286,48.99465471330611,1,8,0
2023-08-29,Lighting,64,15153.25,91,80,44,137,94.57142857142856,29.87115187410083,1,8,0
2023-08-29,Literature,67,19441.79,142,122,103,141,102.28571428571428,34.50465807063329,1,8,0
2023-08-29,Mitsubishi 1.5 Ton 3 Star Split AC,120,27401.85,100,118,70,121,108.85714285714286,27.43129946750769,1,8,0
2023-08-29,Non-Fiction,286,72228.03,260,238,279,312,131.85714285714286,62.66160060576262,1,8,0
2023-08-29,Shirt,74,20440.5,112,73,69,105,126.0,62.270913488293886,1,8,0
2023-08-29,Shoes,178,42042.27,215,144,251,212,142.85714285714286,68.74694798420354,1,8,0
2023-08-29,Shorts,79,15609.27,95,106,107,102,145.0,66.66333324999533,1,8,0
2023-08-29,Smartphone,267,66583.9,239,363,261,242,166.14285714285714,70.06527568733897,1,8,0
2023-08-29,Snacks,120,27004.7,70,62,111,101,155.85714285714286,78.92491911394525,1,8,0
2023-08-29,Soft Drink,143,35576.14,128,243,136,229,159.85714285714286,76.28767609391095,1,8,0
2023-08-29,T-shirt,152,29931.89,214,165,207,152,153.28571428571428,67.72423073443781,1,8,0
2023-08-29,Tablet,175,43926.0,177,184,235,299,162.57142857142858,65.54097228161174,1,8,0
2023-08-29,Television,199,46971.31,238,206,126,175,165.85714285714286,69.08793568447976,1,8,0
2023-08-29,Thriller,100,32812.73,81,68,108,127,163.85714285714286,71.63664930613014,1,8,0
2023-08-29,Tools,130,32866.92,69,72,77,53,139.57142857142858,70.72683871265309,1,8,0
2023-08-29,Water,389,103245.19,387,401,347,399,184.8571428571429,109.57406714399244,1,8,0
2023-08-30,Bathroom,101,19642.8,86,126,121,98,178.85714285714286,114.2561866617128,2,8,0
2023-08-30,Bedding,87,22191.85,105,85,60,114,163.28571428571428,116.08145744219752,2,8,0
2023-08-30,BlueStar AC,43,8377.45,8,21,49,27,139.14285714285714,129.54719676811274,2,8,0
2023-08-30,Children's,47,12634.56,84,125,87,102,117.14285714285714,122.8650052855142,2,8,0
2023-08-30,Chocolate,74,22705.46,89,106,118,111,118.28571428571428,122.50947485223882,2,8,0
2023-08-30,Coffee,87,20357.06,92,95,101,61,121.57142857142856,121.269475608191,2,8,0
2023-08-30,Decorations,180,42682.6,185,122,190,194,92.71428571428572,51.60657027199138,2,8,0
2023-08-30,Dress,116,31902.28,84,99,54,123,92.42857142857144,51.655451931868754,2,8,0
2023-08-30,Fiction,253,61227.57,179,257,214,294,103.0,61.32427469335911,2,8,0
2023-08-30,Fridge,154,36286.88,101,127,103,128,116.28571428571428,45.29059610159712,2,8,0
2023-08-30,Furniture,135,31242.53,144,165,237,208,124.85714285714286,43.815631044291045,2,8,0
2023-08-30,Headphones,109,23535.36,106,97,88,93,127.28571428571428,41.92737485110034,2,8,0
2023-08-30,Jacket,59,18971.72,75,120,114,50,124.85714285714286,44.71177537453388,2,8,0
2023-08-30,Jeans,96,24902.48,89,83,29,102,111.14285714285714,37.298027523486574,2,8,0
2023-08-30,Juice,171,40833.1,215,182,182,198,129.85714285714286,51.55071474263099,2,8,0
2023-08-30,Kitchen,109,30356.24,124,102,36,112,122.0,46.78318786344707,2,8,0
2023-08-30,Laptop,147,36843.06,61,68,54,94,116.28571428571428,51.93494098618005,2,8,0
2023-08-30,Lighting,83,17732.05,64,77,93,90,104.85714285714286,53.595486661435295,2,8,0
2023-08-30,Literature,60,13990.86,67,74,69,73,99.28571428571428,55.45182379241151,2,8,0
2023-08-30,Mitsubishi 1.5 Ton 3 Star Split AC,101,22999.86,120,62,111,121,105.71428571428572,54.77138634273065,2,8,0
2023-08-30,Non-Fiction,308,85979.85,286,234,228,317,133.85714285714286,86.29296721330259,2,8,0
2023-08-30,Shirt,104,29334.15,74,67,62,75,113.71428571428572,80.45436446771964,2,8,0
2023-08-30,Shoes,185,51344.63,178,157,166,181,121.42857142857144,84.11075464896842,2,8,0
2023-08-30,Shorts,119,28377.48,79,122,96,113,124.0,82.20908303425631,2,8,0
2023-08-30,Smartphone,301,74913.49,267,374,246,318,153.0,92.65707384400436,2,8,0
2023-08-30,Snacks,86,18368.77,120,95,94,120,160.57142857142858,86.41345794658181,2,8,0
2023-08-30,Soft Drink,193,52835.38,143,203,227,172,163.85714285714286,85.04004658870711,2,8,0
2023-08-30,T-shirt,211,53289.71,152,229,177,196,144.71428571428572,65.88807248082182,2,8,0
2023-08-30,Tablet,210,52142.84,175,198,127,189,159.14285714285714,58.46203489282144,2,8,0
2023-08-30,Television,129,23308.39,199,248,145,209,162.14285714285714,60.10665124434628,2,8,0
2023-08-30,Thriller,89,21127.77,100,101,117,98,165.14285714285714,55.62202372989927,2,8,0
2023-08-30,Tools,52,13113.78,130,101,107,117,145.57142857142858,33.52042731856179,2,8,0
2023-08-30,Water,233,60165.27,389,314,405,398,184.0,95.74967362868644,2,8,0
2023-08-31,Bathroom,75,19207.2,101,38,95,78,178.0,99.96999549864933,3,8,0
2023-08-31,Bedding,104,23406.74,87,68,64,77,168.71428571428572,105.64518333508973,3,8,0
2023-08-31,BlueStar AC,54,11892.73,43,30,51,35,149.85714285714286,115.64374687148512,3,8,0
2023-08-31,Children's,80,21819.17,47,58,92,161,128.14285714285714,119.09719919940508,3,8,0
2023-08-31,Chocolate,90,23986.28,74,57,67,84,124.42857142857144,120.5181274647883,3,8,0
2023-08-31,Coffee,70,18548.25,87,152,99,104,118.28571428571428,121.28027358933797,3,8,0
2023-08-31,Decorations,175,34762.96,180,176,233,160,88.42857142857143,45.70870501650192,3,8,0
2023-08-31,Dress,68,21203.23,116,115,86,79,90.57142857142856,46.73634254288187,3,8,0
2023-08-31,Fiction,228,60185.33,253,298,261,206,114.28571428571428,76.9625759394655,3,8,0
2023-08-31,Fridge,93,25410.01,154,45,83,145,130.14285714285714,71.03386181117735,3,8,0
2023-08-31,Furniture,235,63348.41,135,150,191,126,142.71428571428572,60.93634461664092,3,8,0
2023-08-31,Headphones,111,30203.32,109,116,128,76,147.71428571428572,55.55692061814946,3,8,0
2023-08-31,Jacket,86,18211.33,59,78,87,87,143.71428571428572,61.36153595892156,3,8,0
2023-08-31,Jeans,87,20320.68,96,93,87,101,131.71428571428572,61.29631387969435,3,8,0
2023-08-31,Juice,164,42575.15,171,150,224,84,139.57142857142858,62.4602730884651,3,8,0
2023-08-31,Kitchen,81,16829.71,109,87,104,105,119.0,37.66961640367343,3,8,0
2023-08-31,Laptop,91,19557.22,147,102,83,65,118.0,36.66515148384409,3,8,0
2023-08-31,Lighting,93,22282.47,83,63,117,91,110.57142857142856,37.89396232848017,3,8,0
2023-08-31,Literature,71,19059.28,60,99,68,115,103.57142857142856,42.48080799159703,3,8,0
2023-08-31,Mitsubishi 1.5 Ton 3 Star Split AC,95,30262.84,101,122,112,112,109.57142857142856,37.84995439388191,3,8,0
2023-08-31,Non-Fiction,242,62499.83,308,317,310,193,139.85714285714286,83.03097528719496,3,8,0
2023-08-31,Shirt,61,18265.62,104,136,88,104,130.28571428571428,82.70371673573489,3,8,0
2023-08-31,Shoes,177,43061.43,185,243,139,143,141.14285714285714,84.4145101496742,3,8,0
2023-08-31,Shorts,79,25161.91,119,110,109,57,137.14285714285714,84.75342386678415,3,8,0
2023-08-31,Smartphone,341,93484.91,301,271,223,328,168.28571428571428,100.18934455272532,3,8,0
2023-08-31,Snacks,82,24976.23,86,80,97,63,172.0,95.89577675789458,3,8,0
2023-08-31,Soft Drink,158,43746.13,193,145,170,241,185.14285714285717,90.7072738197411,3,8,0
2023-08-31,T-shirt,182,40079.52,211,200,248,282,171.28571428571428,74.83028416738361,3,8,0
2023-08-31,Tablet,141,35098.24,210,100,182,192,186.42857142857144,69.47867093062217,3,8,0
2023-08-31,Television,147,33078.44,129,195,195,231,178.42857142857142,72.81450666558375,3,8,0
2023-08-31,Thriller,96,26492.1,89,65,103,114,174.14285714285714,77.6196465065996,3,8,0
2023-08-31,Tools,105,24237.46,52,73,52,107,138.57142857142858,65.97690793718891,3,8,0
2023-08-31,Water,389,114745.34,233,361,381,450,159.57142857142858,69.74204170335366,3,8,0
2023-09-01,Bathroom,30,3981.52,75,94,49,125,142.71428571428572,74.41933952433345,4,9,0
2023-09-01,Bedding,92,20788.05,104,79,89,134,127.42857142857144,68.83520693864168,4,9,0
2023-09-01,BlueStar AC,43,14633.16,54,28,38,48,105.14285714285714,62.61902951294234,4,9,0
2023-09-01,Children's,72,20814.38,80,79,64,103,98.14285714285714,62.2452905084077,4,9,0
2023-09-01,Chocolate,131,30593.68,90,80,90,63,98.28571428571428,62.221952947262174,4,9,0
2023-09-01,Coffee,71,17414.26,70,98,98,107,100.85714285714286,60.33359642141964,4,9,0
2023-09-01,Decorations,182,48156.34,175,144,193,154,92.57142857142856,39.57211620512928,4,9,0
2023-09-01,Dress,59,11865.31,68,114,165,107,91.57142857142856,40.17402619793359,4,9,0
2023-09-01,Fiction,329,82828.27,228,281,241,281,109.28571428571428,65.7589392800552,4,9,0
2023-09-01,Fridge,126,25888.38,93,86,78,137,114.85714285714286,61.82887289777667,4,9,0
2023-09-01,Furniture,227,52838.47,235,165,225,174,137.0,73.85120175054651,4,9,0
2023-09-01,Headphones,81,19635.01,111,99,71,80,140.0,72.02777242147592,4,9,0
2023-09-01,Jacket,106,21917.13,86,95,78,90,142.28571428571428,69.65082982447534,4,9,0
2023-09-01,Jeans,58,13772.19,87,94,97,124,129.71428571428572,70.69586099556803,4,9,0
2023-09-01,Juice,169,47613.75,164,161,148,139,143.42857142857142,65.87578498673832,4,9,0
2023-09-01,Kitchen,95,20868.5,81,95,110,86,122.42857142857144,57.29414496804151,4,9,0
2023-09-01,Laptop,40,9202.71,91,72,147,87,122.14285714285714,57.47007502874372,4,9,0
2023-09-01,Lighting,86,19157.77,93,83,94,105,101.85714285714286,29.00820901876016,4,9,0
2023-09-01,Literature,100,26204.14,71,121,94,86,96.14285714285714,30.79192844143964,4,9,0
2023-09-01,Mitsubishi 1.5 Ton 3 Star Split AC,76,21414.52,95,105,96,128,97.42857142857144,30.484187938759295,4,9,0
2023-09-01,Non-Fiction,242,58461.99,242,270,220,252,119.57142857142856,61.827332528736456,4,9,0
2023-09-01,Shirt,81,25799.71,61,83,87,56,104.85714285714286,61.74795157581679,4,9,0
2023-09-01,Shoes,201,56764.35,177,166,143,190,118.57142857142856,66.07535380875599,4,9,0
2023-09-01,Shorts,83,23578.52,79,99,30,61,116.85714285714286,67.05825470297768,4,9,0
2023-09-01,Smartphone,271,75941.3,341,287,238,223,152.28571428571428,106.35273744433992,4,9,0
2023-09-01,Snacks,77,13218.09,82,98,98,99,153.85714285714286,105.02448694063112,4,9,0
2023-09-01,Soft Drink,166,40525.11,158,255,193,169,162.85714285714286,101.78969917011644,4,9,0
2023-09-01,T-shirt,96,26095.43,182,169,192,156,154.28571428571428,96.39798456695743,4,9,0
2023-09-01,Tablet,198,56175.38,141,135,146,201,165.71428571428572,87.85919471084426,4,9,0
2023-09-01,Television,192,53605.71,147,214,113,168,161.42857142857142,87.94857804963266,4,9,0
2023-09-01,Thriller,55,13769.42,96,83,85,128,163.85714285714286,85.493525235206,4,9,0
2023-09-01,Tools,95,27580.57,105,97,116,92,130.14285714285714,36.47569314593083,4,9,0
2023-09-01,Water,300,76268.3,389,346,363,360,174.0,99.33780750550092,4,9,0
2023-09-02,Bathroom,145,37262.33,30,125,156,110,155.71428571428572,113.5395882291196,5,9,1
2023-09-02,Bedding,79,29467.29,92,101,120,77,142.85714285714286,115.15124629724792,5,9,1
2023-09-02,BlueStar AC,42,12207.93,43,29,29,23,128.85714285714286,121.21252489110236,5,9,1
2023-09-02,Children's,79,21519.84,72,81,110,118,118.14285714285714,122.6477728720587,5,9,1
2023-09-02,Chocolate,85,27555.12,131,139,85,116,123.14285714285714,122.30757481506518,5,9,1
2023-09-02,Coffee,134,38345.43,71,83,72,83,118.28571428571428,123.81399259334412,5,9,1
2023-09-02,Decorations,227,53249.67,182,160,146,178,88.71428571428571,52.64888186756334,5,9,1
2023-09-02,Dress,105,25314.8,59,81,106,109,92.85714285714286,48.21282184726457,5,9,1
2023-09-02,Fiction,277,69628.16,329,293,308,215,126.71428571428572,101.394796522823,5,9,1
2023-09-02,Fridge,96,25116.43,126,99,129,99,138.57142857142858,94.5989026413748,5,9,1
2023-09-02,Furniture,173,43536.55,227,119,168,173,160.71428571428572,94.5598827652159,5,9,1
2023-09-02,Headphones,87,23325.62,81,104,87,92,153.57142857142858,98.9643995634406,5,9,1
2023-09-02,Jacket,100,27898.68,106,75,82,102,158.57142857142858,94.89794016531124,5,9,1
2023-09-02,Jeans,67,17219.13,58,106,74,104,140.85714285714286,101.16229299402744,5,9,1
2023-09-02,Juice,152,36157.94,169,148,266,184,156.57142857142858,94.6623070760074,5,9,1
2023-09-02,Kitchen,132,31200.6,95,87,103,111,123.14285714285714,57.73915070218331,5,9,1
2023-09-02,Laptop,123,34193.520000000004,40,122,50,129,110.85714285714286,65.63898377089707,5,9,1
2023-09-02,Lighting,96,31274.15,86,78,91,99,90.71428571428572,41.10845122240245,5,9,1
2023-09-02,Literature,76,18569.84,100,105,104,127,93.42857142857144,40.987222166820025,5,9,1
2023-09-02,Mitsubishi 1.5 Ton 3 Star Split AC,123,27973.26,76,103,155,97,89.14285714285714,41.02206142808284,5,9,1
2023-09-02,Non-Fiction,311,78688.09,242,240,347,310,115.42857142857144,67.89172051351784,5,9,1
2023-09-02,Shirt,138,26550.21,81,46,94,62,102.85714285714286,64.37501733702872,5,9,1
2023-09-02,Shoes,205,49296.49,201,204,156,181,118.0,73.97071492602038,5,9,1
2023-09-02,Shorts,103,33480.14,83,72,81,87,124.14285714285714,67.95446654789835,5,9,1
2023-09-02,Smartphone,237,59332.65,271,302,190,366,150.57142857142858,84.58695159983199,5,9,1
2023-09-02,Snacks,122,26717.51,77,66,136,72,147.28571428571428,87.28251884104877,5,9,1
2023-09-02,Soft Drink,188,46448.59,166,234,202,174,160.14285714285714,81.46661600808932,5,9,1
2023-09-02,T-shirt,184,42315.26,96,186,175,200,139.28571428571428,75.48667495153052,5,9,1
2023-09-02,Tablet,232,60578.27,198,170,175,205,156.0,73.35302765848601,5,9,1
2023-09-02,Television,186,43161.54,192,147,229,160,154.71428571428572,72.50681412969432,5,9,1
2023-09-02,Thriller,164,43379.48,55,70,67,56,150.71428571428572,77.70824556359106,5,9,1
2023-09-02,Tools,66,9966.56,95,81,80,74,125.57142857142856,58.36910467835099,5,9,1
2023-09-02,Water,372,89053.87,300,307,291,227,157.42857142857142,83.06996477439361,5,9,1
2023-09-03,Bathroom,110,28201.56,145,91,87,87,154.42857142857142,83.088019880239,6,9,1
2023-09-03,Bedding,69,19570.94,79,98,76,75,152.0,85.29947244854414,6,9,1
2023-09-03,BlueStar AC,45,10427.6,42,47,29,37,129.71428571428572,91.4361603993264,6,9,1
2023-09-03,Children's,66,16960.68,79,93,126,112,113.57142857142856,88.53597600760352,6,9,1
2023-09-03,Chocolate,138,31556.05,85,91,104,84,117.85714285714286,85.9155177513125,6,9,1
2023-09-03,Coffee,121,22055.73,134,65,89,83,123.42857142857144,85.44951168742251,6,9,1
2023-09-03,Decorations,162,39649.11,227,185,174,189,113.0,61.37045977775654,6,9,1
2023-09-03,Dress,61,17492.06,105,121,81,90,107.28571428571428,59.73473106357798,6,9,1
2023-09-03,Fiction,256,64443.6,277,317,333,271,135.57142857142858,85.45146213466627,6,9,1
2023-09-03,Fridge,105,21135.13,96,130,174,61,143.28571428571428,77.68035849066369,6,9,1
2023-09-03,Furniture,130,34021.64,173,177,236,147,156.71428571428572,72.67900725270015,6,9,1
2023-09-03,Headphones,53,16267.93,87,63,41,84,157.0,72.35329985563854,6,9,1
2023-09-03,Jacket,79,22670.16,100,58,94,120,152.14285714285714,75.23835141607944,6,9,1
2023-09-03,Jeans,94,26990.14,67,64,68,87,129.28571428571428,72.97651285565338,6,9,1
2023-09-03,Juice,180,46213.09,152,146,165,157,136.0,72.53045337419715,6,9,1
2023-09-03,Kitchen,116,27817.27,132,56,41,72,115.28571428571428,38.06885991513267,6,9,1
2023-09-03,Laptop,49,15695.56,123,124,76,132,119.14285714285714,37.14578743019762,6,9,1
2023-09-03,Lighting,84,21831.98,96,98,45,138,108.14285714285714,29.05987251307347,6,9,1
2023-09-03,Literature,52,10453.95,76,67,77,51,106.57142857142856,30.647768504176696,6,9,1
2023-09-03,Mitsubishi 1.5 Ton 3 Star Split AC,63,14937.13,123,78,98,129,109.85714285714286,31.056016977006,6,9,1
2023-09-03,Non-Fiction,194,50821.17,311,213,332,309,144.71428571428572,77.35570284022177,6,9,1
2023-09-03,Shirt,102,28804.5,138,88,103,63,142.71428571428572,77.31691122842848,6,9,1
2023-09-03,Shoes,197,47877.07,205,169,170,174,153.14285714285714,80.48898179549876,6,9,1
2023-09-03,Shorts,107,24421.39,103,82,101,66,150.28571428571428,82.07661925646893,6,9,1
2023-09-03,Smartphone,234,55242.27,237,168,186,245,170.42857142857142,83.81697748240312,6,9,1
2023-09-03,Snacks,87,30360.67,122,73,102,116,177.0,76.67898451770623,6,9,1
2023-09-03,Soft Drink,188,49020.27,188,204,143,192,186.28571428571428,72.89196180127182,6,9,1
2023-09-03,T-shirt,182,46634.98,184,175,190,165,168.14285714285714,48.35089992760711,6,9,1
2023-09-03,Tablet,188,54834.14,232,137,207,167,181.57142857142856,51.53269881947787,6,9,1
2023-09-03,Television,185,46404.26,186,187,233,173,178.85714285714286,50.584676768854514,6,9,1
2023-09-03,Thriller,61,15954.17,164,73,66,125,187.57142857142856,39.34402598810087,6,9,1
2023-09-03,Tools,46,11745.01,66,85,130,93,163.14285714285714,53.92410892921153,6,9,1
2023-09-03,Water,322,78811.04000000001,372,332,399,337,198.8571428571429,91.69410844656004,6,9,1
2023-09-04,Bathroom,123,34963.29,110,109,72,130,187.7142857142857,97.7713562104877,0,9,0
2023-09-04,Bedding,65,20726.77,69,71,27,118,171.28571428571428,107.66106428001126,0,9,0
2023-09-04,BlueStar AC,19,4682.97,45,39,37,26,144.57142857142858,113.14571304716895,0,9,0
2023-09-04,Children's,57,18083.93,66,81,78,50,127.42857142857144,114.89974926409668,0,9,0
2023-09-04,Chocolate,98,30454.13,138,75,101,81,123.71428571428572,113.93669921746604,0,9,0
2023-09-04,Coffee,79,20908.79,121,90,75,61,131.57142857142858,111.15583226992165,0,9,0
2023-09-04,Decorations,170,42971.84,162,201,260,194,101.57142857142856,42.7272635166227,0,9,0
2023-09-04,Dress,63,14636.48,61,124,70,54,94.57142857142856,45.0660890354626,0,9,0
2023-09-04,Fiction,210,48216.33,256,217,224,253,121.28571428571428,73.70597959847846,0,9,0
2023-09-04,Fridge,134,29433.53,105,113,85,68,129.85714285714286,66.4916750965319,0,9,0
2023-09-04,Furniture,235,62624.3,130,198,193,123,139.0,60.36555309114559,0,9,0
2023-09-04,Headphones,63,16240.04,53,88,78,99,126.85714285714286,68.58918420914549,0,9,0
2023-09-04,Jacket,96,19818.67,79,54,113,100,120.85714285714286,70.98222446835605,0,9,0
2023-09-04,Jeans,84,24592.33,94,99,88,88,111.14285714285714,69.03967113534125,0,9,0
2023-09-04,Juice,133,28882.7,180,153,197,183,128.14285714285714,69.28546882627045,0,9,0
2023-09-04,Kitchen,117,25354.69,116,97,99,106,108.14285714285714,40.42040974321514,0,9,0
2023-09-04,Laptop,92,18528.05,49,80,119,75,100.14285714285714,46.26528061598738,0,9,0
2023-09-04,Lighting,115,27836.13,84,91,105,61,93.57142857142856,44.55280441175661,0,9,0
2023-09-04,Literature,77,23071.67,52,142,42,90,93.42857142857144,44.70591736693148,0,9,0
2023-09-04,Mitsubishi 1.5 Ton 3 Star Split AC,161,36105.4,63,100,102,99,91.14285714285714,45.958055410805976,0,9,0
2023-09-04,Non-Fiction,289,80668.4,194,260,316,327,105.42857142857144,60.29885886940361,0,9,0
2023-09-04,Shirt,103,22181.59,102,112,125,51,94.28571428571428,50.65805064585445,0,9,0
2023-09-04,Shoes,104,26726.36,197,215,175,246,105.85714285714286,63.95161861758776,0,9,0
2023-09-04,Shorts,47,13152.56,107,95,85,78,114.14285714285714,58.91640567060029,0,9,0
2023-09-04,Smartphone,338,81275.69,234,239,291,267,135.57142857142858,71.96030651884153,0,9,0
2023-09-04,Snacks,71,17222.85,87,70,85,26,140.57142857142858,66.16861578033526,0,9,0
2023-09-04,Soft Drink,165,35006.41,188,128,128,215,158.42857142857142,58.12302223977738,0,9,0
2023-09-04,T-shirt,173,42387.04,182,214,172,163,156.71428571428572,57.066377391344616,0,9,0
2023-09-04,Tablet,183,44135.57,188,177,203,116,169.0,52.38956639128274,0,9,0
2023-09-04,Television,175,40330.65,185,238,196,231,167.28571428571428,51.50959226433508,0,9,0
2023-09-04,Thriller,104,23800.29,61,81,58,89,160.71428571428572,62.28888152716106,0,9,0
2023-09-04,Tools,66,10708.93,46,69,102,94,133.85714285714286,65.8519262472716,0,9,0
2023-09-04,Water,338,90444.21,322,387,353,326,167.42857142857142,92.49478749792156,0,9,0
2023-09-05,Bathroom,109,26162.52,123,86,133,76,158.14285714285714,93.34421705249233,1,9,0
2023-09-05,Bedding,134,35721.8,65,105,115,93,141.42857142857142,98.68275287143967,1,9,0
2023-09-05,BlueStar AC,30,6684.88,19,8,21,27,117.28571428571428,105.80597696682663,1,9,0
2023-09-05,Children's,101,29444.24,57,84,72,65,99.0,103.18107061536628,1,9,0
2023-09-05,Chocolate,58,12721.79,98,89,73,83,104.28571428571428,101.84909471977632,1,9,0
2023-09-05,Coffee,161,36132.65,79,92,130,59,109.0,99.43674706398308,1,9,0
2023-09-05,Decorations,177,42484.5,170,185,201,109,87.28571428571429,48.95138501858702,1,9,0
2023-09-05,Dress,61,15531.37,63,84,96,100,78.71428571428571,46.864038400866974,1,9,0
2023-09-05,Fiction,318,77401.83,210,179,205,367,99.42857142857144,67.35690299406771,1,9,0
2023-09-05,Fridge,163,41532.34,134,101,110,144,115.85714285714286,57.819917477827175,1,9,0
2023-09-05,Furniture,112,22626.32,235,144,243,213,141.28571428571428,66.16069902319666,1,9,0
2023-09-05,Headphones,91,20232.38,63,106,89,120,136.28571428571428,71.1142608429421,1,9,0
2023-09-05,Jacket,77,21549.76,96,75,105,140,138.71428571428572,69.09344948621887,1,9,0
2023-09-05,Jeans,58,11698.38,84,89,85,67,126.42857142857144,70.23972556622746,1,9,0
2023-09-05,Juice,177,35424.32,133,215,178,207,136.42857142857142,64.44857676953744,1,9,0
2023-09-05,Kitchen,109,29802.85,117,124,63,50,123.14285714285714,55.75371010503325,1,9,0
2023-09-05,Laptop,63,16474.33,92,61,129,38,117.14285714285714,56.64341259560619,1,9,0
2023-09-05,Lighting,71,19207.11,115,64,80,52,100.0,23.480488353805576,1,9,0
2023-09-05,Literature,87,25157.2,77,67,122,69,102.0,20.16597794966897,1,9,0
2023-09-05,Mitsubishi 1.5 Ton 3 Star Split AC,103,32138.62,161,120,118,96,111.28571428571428,29.668806771388294,1,9,0
2023-09-05,Non-Fiction,216,57861.96,289,286,238,227,140.57142857142858,70.84691746495137,1,9,0
2023-09-05,Shirt,101,26725.77,103,74,73,89,136.28571428571428,72.27427916327731,1,9,0
2023-09-05,Shoes,252,68351.25,104,178,144,202,134.42857142857142,73.01565389891147,1,9,0
2023-09-05,Shorts,143,34626.66,47,79,106,100,128.0,79.10120100225977,1,9,0
2023-09-05,Smartphone,387,104619.55,338,267,363,273,159.85714285714286,111.33197889110508,1,9,0
2023-09-05,Snacks,105,20344.04,71,120,62,95,159.0,112.09668445884834,1,9,0
2023-09-05,Soft Drink,160,32638.14,165,143,243,188,159.57142857142858,112.1187720572206,1,9,0
2023-09-05,T-shirt,257,63100.66,173,152,165,191,143.0,97.40807632498066,1,9,0
2023-09-05,Tablet,245,73679.07,183,175,184,196,154.42857142857142,96.62273221634916,1,9,0
2023-09-05,Television,148,34913.97,175,199,206,177,164.57142857142858,94.14148420127547,1,9,0
2023-09-05,Thriller,80,22667.2,104,100,68,101,172.71428571428572,84.219384715781,1,9,0
2023-09-05,Tools,75,15929.81,66,130,72,67,133.85714285714286,51.73144940114057,1,9,0
2023-09-05,Water,327,103061.91,338,389,401,360,172.0,85.24083528450413,1,9,0
2023-09-06,Bathroom,134,42838.26,109,101,126,97,164.0,88.5701228782405,2,9,0
2023-09-06,Bedding,92,22687.57,134,87,85,98,158.42857142857142,89.13446236418508,2,9,0
2023-09-06,BlueStar AC,22,5967.04,30,43,21,51,136.57142857142858,100.17960062284286,2,9,0
2023-09-06,Children's,57,15462.14,101,47,125,71,126.0,99.34955124877634,2,9,0
2023-09-06,Chocolate,63,18779.48,58,74,106,94,119.42857142857144,102.5180588040579,2,9,0
2023-09-06,Coffee,117,28899.27,161,87,95,69,133.0,100.53523428795124,2,9,0
2023-09-06,Decorations,220,63349.07,177,180,122,218,110.0,52.99685525261424,2,9,0
2023-09-06,Dress,69,17665.670000000002,61,116,99,108,103.14285714285714,56.15878848238621,2,9,0
2023-09-06,Fiction,290,66804.35,318,253,257,251,129.42857142857142,99.4130392903883,2,9,0
2023-09-06,Fridge,155,46031.02,163,154,127,92,148.42857142857142,89.45363257549864,2,9,0
2023-09-06,Furniture,206,54757.16,112,135,165,236,150.0,88.57388629462561,2,9,0
2023-09-06,Headphones,102,26672.64,91,109,97,96,154.71428571428572,83.59966962796385,2,9,0
2023-09-06,Jacket,49,14515.3,77,59,120,100,142.71428571428572,88.4358793810786,2,9,0
2023-09-06,Jeans,100,25738.03,58,96,83,69,125.71428571428572,92.10811452800812,2,9,0
2023-09-06,Juice,173,49775.2,177,171,182,225,142.28571428571428,88.90390746139724,2,9,0
2023-09-06,Kitchen,76,17814.8,109,109,102,68,112.42857142857144,43.61902162610858,2,9,0
2023-09-06,Laptop,80,18069.76,63,147,68,63,98.14285714285714,40.56446955743477,2,9,0
2023-09-06,Lighting,64,17532.52,71,83,77,108,92.28571428571428,41.18541119423175,2,9,0
2023-09-06,Literature,82,29378.44,87,60,74,121,91.71428571428572,41.23394348395444,2,9,0
2023-09-06,Mitsubishi 1.5 Ton 3 Star Split AC,109,29911.07,103,101,62,82,95.42857142857144,40.856893106128034,2,9,0
2023-09-06,Non-Fiction,316,76752.23,216,308,234,260,118.0,57.13434460404022,2,9,0
2023-09-06,Shirt,86,22800.95,101,104,67,97,107.14285714285714,50.93927290224505,2,9,0
2023-09-06,Shoes,204,48858.51,252,185,157,186,127.57142857142856,74.86400368414013,2,9,0
2023-09-06,Shorts,82,25432.49,143,119,122,119,139.0,69.26037828369056,2,9,0
2023-09-06,Smartphone,257,66650.89,387,301,374,292,184.14285714285717,109.08472024292018,2,9,0
2023-09-06,Snacks,97,27507.72,105,86,95,66,186.7142857142857,106.59692660628043,2,9,0
2023-09-06,Soft Drink,116,27221.18,160,193,203,175,194.8571428571429,101.17547227701078,2,9,0
2023-09-06,T-shirt,251,64922.66,257,211,229,166,200.7142857142857,103.7572716900913,2,9,0
2023-09-06,Tablet,181,54248.54,245,210,198,173,221.28571428571428,94.55988276521629,2,9,0
2023-09-06,Television,249,62372.04,148,129,248,193,206.42857142857144,97.06674188903416,2,9,0
2023-09-06,Thriller,81,22810.22,80,89,101,78,197.42857142857144,106.39996419619872,2,9,0
2023-09-06,Tools,132,39476.4,75,52,101,47,152.85714285714286,74.24156197043172,2,9,0
2023-09-06,Water,370,98817.53,327,233,314,328,184.57142857142856,94.92603637017795,2,9,0
2023-09-07,Bathroom,119,35927.38,134,75,38,95,180.8571428571429,96.54261333978978,3,9,0
2023-09-07,Bedding,99,23243.16,92,104,68,88,157.28571428571428,94.98370787616524,3,9,0
2023-09-07,BlueStar AC,49,9846.2,22,54,30,42,125.42857142857144,98.00996062111378,3,9,0
2023-09-07,Children's,70,18480.27,57,80,58,78,112.42857142857144,100.52007617528744,3,9,0
2023-09-07,Chocolate,86,20184.83,63,90,57,64,110.0,101.63332786705946,3,9,0
2023-09-07,Coffee,101,26724.85,117,70,152,75,116.0,100.45562867919952,3,9,0
2023-09-07,Decorations,209,57495.29,220,175,176,223,100.71428571428572,64.81695839236792,3,9,0
2023-09-07,Dress,51,10850.2,69,68,115,113,91.42857142857144,63.903200605438336,3,9,0
2023-09-07,Fiction,219,66032.77,290,228,298,248,119.71428571428572,98.5997198875567,3,9,0
2023-09-07,Fridge,101,25099.02,155,93,45,126,138.71428571428572,88.9769900699314,3,9,0
2023-09-07,Furniture,218,49700.06,206,235,150,186,160.0,83.84509526501795,3,9,0
2023-09-07,Headphones,57,16333.24,102,111,116,140,165.57142857142858,77.37109094672026,3,9,0
2023-09-07,Jacket,58,15227.66,49,86,78,108,155.85714285714286,88.0216423603278,3,9,0
2023-09-07,Jeans,81,23423.72,100,87,93,138,138.71428571428572,85.08371227936638,3,9,0
2023-09-07,Juice,149,42730.38,173,164,150,216,153.57142857142858,79.79736241016349,3,9,0
2023-09-07,Kitchen,121,31687.56,76,81,87,103,123.0,56.37375275782061,3,9,0
2023-09-07,Laptop,133,33984.3,80,91,102,84,112.28571428571428,56.40542020560879,3,9,0
2023-09-07,Lighting,150,37030.35,64,93,63,95,92.0,40.32782331509077,3,9,0
2023-09-07,Literature,65,16710.31,82,71,99,82,89.14285714285714,40.209570052530594,3,9,0
2023-09-07,Mitsubishi 1.5 Ton 3 Star Split AC,85,19893.79,109,95,122,117,97.71428571428572,36.44500096361568,3,9,0
2023-09-07,Non-Fiction,269,70163.5,316,242,317,317,128.57142857142858,90.32138385206612,3,9,0
2023-09-07,Shirt,111,23992.17,86,61,136,60,116.14285714285714,89.16731196918185,3,9,0
2023-09-07,Shoes,219,54833.0,204,177,243,186,134.42857142857142,92.6208348462642,3,9,0
2023-09-07,Shorts,82,18228.97,82,79,110,54,134.71428571428572,92.42783542799572,3,9,0
2023-09-07,Smartphone,261,77750.64,257,341,271,244,162.28571428571428,96.51375426282358,3,9,0
2023-09-07,Snacks,81,11048.97,97,82,80,48,164.42857142857142,94.58128275519944,3,9,0
2023-09-07,Soft Drink,186,51647.9,116,158,145,114,165.42857142857142,93.9323464749266,3,9,0
2023-09-07,T-shirt,78,26776.41,251,182,200,140,156.14285714285714,78.51417827676806,3,9,0
2023-09-07,Tablet,185,49743.91,181,141,100,212,169.71428571428572,72.33651518127877,3,9,0
2023-09-07,Television,110,27159.85,249,147,195,242,176.14285714285714,77.69261777764224,3,9,0
2023-09-07,Thriller,67,18392.36,81,96,65,59,176.0,77.8952287798593,3,9,0
2023-09-07,Tools,74,17450.99,132,105,73,24,158.14285714285714,70.17698713830235,3,9,0
2023-09-07,Water,359,85739.37,370,389,361,354,197.14285714285717,100.03903999844016,3,9,0
2023-09-08,Bathroom,88,21191.46,119,30,94,48,197.57142857142856,99.63911069932512,4,9,0
2023-09-08,Bedding,92,24377.53,99,92,79,118,175.85714285714286,102.57424720891764,4,9,0
2023-09-08,BlueStar AC,20,5413.31,49,43,28,54,157.0,113.06782625191512,4,9,0
2023-09-08,Children's,102,26763.620000000003,70,72,79,47,131.42857142857142,108.96001887979652,4,9,0
2023-09-08,Chocolate,110,24659.18,86,131,80,86,132.14285714285714,108.59009864536186,4,9,0
2023-09-08,Coffee,137,41428.15,101,71,98,78,127.71428571428572,109.2271551793386,4,9,0
2023-09-08,Decorations,201,52937.5,209,182,144,88,104.71428571428572,51.29234603627155,4,9,0
2023-09-08,Dress,59,19937.79,51,59,114,84,95.0,54.47629453869374,4,9,0
2023-09-08,Fiction,275,64277.21,219,329,281,224,112.14285714285714,72.00562147366965,4,9,0
2023-09-08,Fridge,139,32760.7,101,126,86,132,119.57142857142856,66.90754103700814,4,9,0
2023-09-08,Furniture,196,42417.79,218,227,165,246,140.71428571428572,71.8347972450539,4,9,0
2023-09-08,Headphones,102,27226.63,57,81,99,93,136.57142857142858,76.21867037862584,4,9,0
2023-09-08,Jacket,66,17392.25,58,106,95,49,130.42857142857142,81.1374495179976,4,9,0
2023-09-08,Jeans,113,26495.18,81,58,94,96,112.14285714285714,74.64232171145308,4,9,0
2023-09-08,Juice,183,52760.47,149,169,161,227,126.14285714285714,70.32881953468824,4,9,0
2023-09-08,Kitchen,57,18068.97,121,95,95,56,112.14285714285714,57.31325783629292,4,9,0
2023-09-08,Laptop,142,35841.26,133,40,72,41,116.71428571428572,57.5520468379533,4,9,0
2023-09-08,Lighting,98,22673.71,150,86,83,112,107.0,40.95119045888484,4,9,0
2023-09-08,Literature,101,28507.01,65,100,121,84,108.14285714285714,39.40570420395233,4,9,0
2023-09-08,Mitsubishi 1.5 Ton 3 Star Split AC,100,25155.86,85,76,105,119,112.0,34.72271110766748,4,9,0
2023-09-08,Non-Fiction,321,73911.12,269,242,270,231,138.85714285714286,65.66690838727497,4,9,0
2023-09-08,Shirt,116,29230.58,111,81,83,82,133.42857142857142,66.25671574227233,4,9,0
2023-09-08,Shoes,139,39465.67,219,201,166,153,147.42857142857142,73.18437251867572,4,9,0
2023-09-08,Shorts,87,18448.31,82,83,99,84,140.14285714285714,77.28395385724924,4,9,0
2023-09-08,Smartphone,332,83729.35,261,271,287,288,156.0,89.98703610335544,4,9,0
2023-09-08,Snacks,90,22265.42,81,77,98,79,158.28571428571428,87.45801713910906,4,9,0
2023-09-08,Soft Drink,160,37767.98,186,166,255,150,172.71428571428572,81.47947448225665,4,9,0
2023-09-08,T-shirt,203,58166.51,78,96,169,140,145.42857142857142,75.63257045933072,4,9,0
2023-09-08,Tablet,139,31571.29,185,198,135,193,156.0,75.18865162598182,4,9,0
2023-09-08,Television,168,44688.38,110,192,214,201,140.42857142857142,71.14505638214753,4,9,0
2023-09-08,Thriller,134,33108.37,67,55,83,129,138.28571428571428,73.3887236699526,4,9,0
2023-09-08,Tools,80,14669.61,74,95,97,50,111.57142857142856,52.27127044835981,4,9,0
2023-09-08,Water,379,103625.86,359,300,346,442,151.28571428571428,104.59399964579556,4,9,0
2023-09-09,Bathroom,92,20944.59,88,145,125,60,137.28571428571428,105.7256107189959,5,9,1
2023-09-09,Bedding,124,34027.39,92,79,101,139,139.28571428571428,104.54299639496658,5,9,1
2023-09-09,BlueStar AC,27,9538.62,20,42,29,39,115.71428571428572,110.9244702274388,5,9,1
2023-09-09,Children's,84,18003.760000000002,102,79,81,99,114.57142857142856,111.03431473026214,5,9,1
2023-09-09,Chocolate,101,24605.05,110,85,139,76,120.71428571428572,109.1370915954087,5,9,1
2023-09-09,Coffee,99,26976.78,137,134,83,94,129.71428571428572,107.22362035440064,5,9,1
2023-09-09,Decorations,191,55028.42,201,227,160,160,107.14285714285714,54.65780996779908,5,9,1
2023-09-09,Dress,111,30561.42,59,105,81,113,103.0,57.38176249181012,5,9,1
2023-09-09,Fiction,172,53928.62,275,277,293,300,129.14285714285714,86.05701321687502,5,9,1
2023-09-09,Fridge,77,17519.82,139,96,99,69,146.14285714285714,71.41061679103532,5,9,1
2023-09-09,Furniture,174,46066.38,196,173,119,175,159.57142857142858,70.55932998278097,5,9,1
2023-09-09,Headphones,116,33853.52,102,87,104,98,158.42857142857142,71.5538425310081,5,9,1
2023-09-09,Jacket,90,22804.18,66,100,75,66,148.28571428571428,79.6695556360019,5,9,1
2023-09-09,Jeans,141,36749.63,113,67,106,49,135.71428571428572,76.85855902394985,5,9,1
2023-09-09,Juice,181,39569.21,183,152,148,171,153.42857142857142,70.23497975334153,5,9,1
2023-09-09,Kitchen,89,16273.02,57,132,87,100,122.28571428571428,53.73922926414773,5,9,1
2023-09-09,Laptop,131,35525.31,142,123,122,95,122.71428571428572,53.90644453035863,5,9,1
2023-09-09,Lighting,95,19526.42,98,96,78,105,108.71428571428572,43.403971729608,5,9,1
2023-09-09,Literature,131,32358.93,101,76,105,54,108.57142857142856,43.43139088591986,5,9,1
2023-09-09,Mitsubishi 1.5 Ton 3 Star Split AC,79,23058.74,100,123,103,120,113.42857142857144,39.610003546481,5,9,1
2023-09-09,Non-Fiction,277,76525.33,321,311,240,236,143.14285714285714,87.86244660723617,5,9,1
2023-09-09,Shirt,109,29244.33,116,138,46,45,133.57142857142858,86.4346711739697,5,9,1
2023-09-09,Shoes,208,51592.97,139,205,204,218,145.28571428571428,79.61514572348239,5,9,1
2023-09-09,Shorts,79,17480.95,87,103,72,22,137.42857142857142,82.64957580624522,5,9,1
2023-09-09,Smartphone,302,73996.93,332,237,302,275,170.85714285714286,107.60023012898006,5,9,1
2023-09-09,Snacks,99,24993.78,90,122,66,69,169.28571428571428,108.86339189662444,5,9,1
2023-09-09,Soft Drink,126,30821.73,160,188,234,180,177.85714285714286,104.78458628925095,5,9,1
2023-09-09,T-shirt,147,33143.43,203,184,186,126,161.0,85.66601815578098,5,9,1
2023-09-09,Tablet,228,64807.35,139,232,170,165,164.28571428571428,84.07876126131991,5,9,1
2023-09-09,Television,148,44412.93,168,186,147,126,168.42857142857142,83.33638089665473,5,9,1
2023-09-09,Thriller,105,19572.96,134,164,70,146,175.14285714285714,77.36155068126203,5,9,1
2023-09-09,Tools,124,35973.45,80,66,81,100,139.14285714285714,43.368300909874485,5,9,1
2023-09-09,Water,353,91556.53,379,372,307,388,180.42857142857144,95.28003838310347,5,9,1
2023-09-10,Bathroom,106,32084.16,92,110,91,88,170.71428571428572,101.0044789200197,6,9,1
2023-09-10,Bedding,92,22730.68,124,69,98,130,159.42857142857142,101.20911873090112,6,9,1
2023-09-10,BlueStar AC,25,4144.6,27,45,47,40,143.42857142857142,113.12803534470262,6,9,1
2023-09-10,Children's,69,15814.02,84,66,93,87,131.42857142857142,114.53362991258186,6,9,1
2023-09-10,Chocolate,85,17636.91,101,138,91,116,126.71428571428572,115.08795808093032,6,9,1
2023-09-10,Coffee,105,20753.28,99,121,65,119,129.42857142857142,114.02171890018263,6,9,1
2023-09-10,Decorations,127,32006.55,191,162,185,184,102.57142857142856,49.09466075130329,6,9,1
2023-09-10,Dress,108,23311.24,111,61,121,52,105.28571428571428,48.937764169449046,6,9,1
2023-09-10,Fiction,310,85800.65,172,256,317,269,112.14285714285714,54.9861454411568,6,9,1
2023-09-10,Fridge,98,19206.4,77,105,130,84,119.28571428571428,44.28963116318872,6,9,1
2023-09-10,Furniture,207,50195.65,174,130,177,115,132.14285714285714,45.388796603817816,6,9,1
2023-09-10,Headphones,92,24507.54,116,53,63,96,134.28571428571428,44.006493027408105,6,9,1
2023-09-10,Jacket,82,26452.4,90,79,58,97,133.0,45.3210767744974,6,9,1
2023-09-10,Jeans,145,38153.04,141,94,64,108,125.85714285714286,38.00626514768411,6,9,1
2023-09-10,Juice,210,62211.41,181,180,146,221,135.85714285714286,42.400584003164575,6,9,1
2023-09-10,Kitchen,96,30191.42,89,116,56,95,124.0,42.213741838409376,6,9,1
2023-09-10,Laptop,104,26655.01,131,49,124,71,131.71428571428572,36.77732220501262,6,9,1
2023-09-10,Lighting,43,13486.7,95,84,98,50,120.42857142857144,33.62467914521887,6,9,1
2023-09-10,Literature,59,14444.58,131,52,67,74,122.57142857142856,33.77305209214767,6,9,1
2023-09-10,Mitsubishi 1.5 Ton 3 Star Split AC,51,5894.99,79,63,78,89,121.0,35.73980040981208,6,9,1
2023-09-10,Non-Fiction,289,82610.56,277,194,213,325,140.42857142857142,69.47147410474037,6,9,1
2023-09-10,Shirt,134,44026.75,109,102,88,88,130.14285714285714,67.77272945029394,6,9,1
2023-09-10,Shoes,170,44700.91,208,197,169,176,147.14285714285714,70.59846214431845,6,9,1
2023-09-10,Shorts,98,25935.25,79,107,82,69,139.71428571428572,75.16806566114359,6,9,1
2023-09-10,Smartphone,287,61583.44,302,234,168,229,169.28571428571428,93.19998978131936,6,9,1
2023-09-10,Snacks,36,8383.54,99,87,73,66,164.71428571428572,96.12962478811978,6,9,1
2023-09-10,Soft Drink,209,40873.3,126,188,204,193,171.42857142857142,90.62901879430775,6,9,1
2023-09-10,T-shirt,222,46403.46,147,182,175,184,152.85714285714286,77.80194635831916,6,9,1
2023-09-10,Tablet,186,55294.48,228,188,137,107,169.85714285714286,79.6019860963037,6,9,1
2023-09-10,Television,214,56582.1,148,185,187,163,161.28571428571428,78.02502651011845,6,9,1
2023-09-10,Thriller,82,28379.52,105,61,73,94,165.0,73.96846174778318,6,9,1
2023-09-10,Tools,83,20301.29,124,46,85,69,139.57142857142858,43.23138189963717,6,9,1
2023-09-10,Water,350,87383.75,353,322,332,406,175.85714285714286,87.4670005800824,6,9,1
2023-09-11,Bathroom,109,32650.72,106,123,109,98,173.0,89.66604708583924,0,9,0
2023-09-11,Bedding,103,21486.13,92,65,71,92,165.14285714285714,94.59814757070802,0,9,0
2023-09-11,BlueStar AC,32,8908.51,25,19,39,35,136.14285714285714,102.87116306563313,0,9,0
2023-09-11,Children's,100,21530.87,69,57,81,88,124.85714285714286,105.64946532666124,0,9,0
2023-09-11,Chocolate,117,34345.06,85,98,75,86,122.0,106.54263622293756,0,9,0
2023-09-11,Coffee,62,16549.22,105,79,90,123,119.28571428571428,106.72505842227476,0,9,0
2023-09-11,Decorations,194,45529.91,127,170,201,167,87.0,32.8684245642099,0,9,0
2023-09-11,Dress,83,22270.65,108,63,124,115,87.28571428571429,33.069191531866224,0,9,0
2023-09-11,Fiction,261,67895.24,310,210,217,279,118.42857142857144,90.6933609162522,0,9,0
2023-09-11,Fridge,104,31397.99,98,134,113,80,128.85714285714286,81.93377116392688,0,9,0
2023-09-11,Furniture,219,54521.84,207,235,198,233,148.57142857142858,81.73301483663514,0,9,0
2023-09-11,Headphones,123,26950.39,92,63,88,93,149.57142857142858,80.86378905883824,0,9,0
2023-09-11,Jacket,77,18347.0,82,96,54,88,146.28571428571428,83.40406522009582,0,9,0
2023-09-11,Jeans,140,37363.83,145,84,99,106,148.85714285714286,82.98680331118574,0,9,0
2023-09-11,Juice,206,51926.12,210,133,153,124,163.42857142857142,83.5700447585874,0,9,0
2023-09-11,Kitchen,117,25482.87,96,117,97,104,132.85714285714286,55.4148853992265,0,9,0
2023-09-11,Laptop,39,12100.94,104,92,80,112,133.71428571428572,54.82917193646079,0,9,0
2023-09-11,Lighting,34,9547.81,43,115,91,94,110.28571428571428,53.31264479687674,0,9,0
2023-09-11,Literature,62,16404.61,59,77,142,66,105.57142857142856,56.55928200527504,0,9,0
2023-09-11,Mitsubishi 1.5 Ton 3 Star Split AC,47,16425.63,51,161,100,95,101.14285714285714,59.83150945621684,0,9,0
2023-09-11,Non-Fiction,199,59013.32,289,289,260,346,121.71428571428572,92.99052691128254,0,9,0
2023-09-11,Shirt,65,18834.6,134,103,112,81,110.85714285714286,85.06356166896245,0,9,0
2023-09-11,Shoes,141,31368.65,170,104,215,204,121.42857142857144,87.47353341222085,0,9,0
2023-09-11,Shorts,80,22911.45,98,47,95,129,120.57142857142856,87.70187596408024,0,9,0
2023-09-11,Smartphone,274,76176.93000000001,287,338,239,292,155.42857142857142,99.43650761978198,0,9,0
2023-09-11,Snacks,45,9123.79,36,71,70,112,152.14285714285714,103.45277275392912,0,9,0
2023-09-11,Soft Drink,190,46830.91,209,165,128,106,174.71428571428572,94.56164530032618,0,9,0
2023-09-11,T-shirt,187,47767.58,222,173,214,159,165.14285714285714,83.8499226225609,0,9,0
2023-09-11,Tablet,162,35049.74,186,183,177,243,172.57142857142858,82.9294019891959,0,9,0
2023-09-11,Television,162,33628.38,214,175,238,191,178.85714285714286,84.35723357924205,0,9,0
2023-09-11,Thriller,79,16576.22,82,104,81,115,176.57142857142858,87.08589082596745,0,9,0
2023-09-11,Tools,67,16570.27,83,66,69,107,147.42857142857142,77.58835209586734,0,9,0
2023-09-11,Water,321,71117.19,350,338,387,417,192.28571428571428,91.8816526583956,0,9,0
2023-09-12,Bathroom,79,15530.44,109,109,86,46,178.0,96.50733996265056,1,9,0
2023-09-12,Bedding,84,22002.25,103,134,105,55,161.0,97.93535282691973,1,9,0
2023-09-12,BlueStar AC,39,13639.57,32,30,8,38,139.0,108.14804667676567,1,9,0
2023-09-12,Children's,84,20523.17,100,101,84,79,122.71428571428572,103.45323305035612,1,9,0
2023-09-12,Chocolate,100,21546.73,117,58,89,94,127.71428571428572,101.99299695847408,1,9,0
2023-09-12,Coffee,67,16610.36,62,161,92,103,124.71428571428572,103.81989900096848,1,9,0
2023-09-12,Decorations,231,62279.75,194,177,185,124,102.42857142857144,50.40124715010087,1,9,0
2023-09-12,Dress,93,20756.57,83,61,84,100,98.71428571428572,50.79276288906317,1,9,0
2023-09-12,Fiction,168,42913.42,261,318,179,276,121.28571428571428,79.82421162720384,1,9,0
2023-09-12,Fridge,94,21700.6,104,163,101,119,131.57142857142858,70.49552501839337,1,9,0
2023-09-12,Furniture,160,42033.01,219,112,144,146,148.57142857142858,75.76467326060092,1,9,0
2023-09-12,Headphones,123,30560.35,123,91,106,60,149.42857142857142,75.38093734018977,1,9,0
2023-09-12,Jacket,99,23975.67,77,77,75,69,151.57142857142858,72.64492903352318,1,9,0
2023-09-12,Jeans,57,17400.3,140,58,89,90,143.85714285714286,70.21497601753313,1,9,0
2023-09-12,Juice,188,44818.39,206,177,215,151,161.42857142857142,67.79591222400975,1,9,0
2023-09-12,Kitchen,113,32413.64,117,109,124,82,140.85714285714286,52.71757635877002,1,9,0
2023-09-12,Laptop,42,9939.66,39,63,61,71,131.57142857142858,64.66286194010894,1,9,0
2023-09-12,Lighting,145,44049.13,34,71,64,102,105.14285714285714,60.655938350195285,1,9,0
2023-09-12,Literature,91,30508.5,62,87,67,81,96.42857142857144,62.02917900165105,1,9,0
2023-09-12,Mitsubishi 1.5 Ton 3 Star Split AC,103,21967.43,47,103,120,92,92.14285714285714,64.57922413962562,1,9,0
2023-09-12,Non-Fiction,258,56562.76,199,216,286,180,100.57142857142856,74.89293945995315,1,9,0
2023-09-12,Shirt,83,20036.25,65,101,74,72,80.42857142857143,59.10966402334035,1,9,0
2023-09-12,Shoes,178,44114.58,141,252,178,177,83.85714285714286,62.19975501406195,1,9,0
2023-09-12,Shorts,75,21057.9,80,143,79,163,89.71428571428571,59.12617662173474,1,9,0
2023-09-12,Smartphone,308,78811.03,274,387,267,318,124.0,85.24865590338182,1,9,0
2023-09-12,Snacks,90,26533.49,45,105,120,102,121.57142857142856,87.52115390551155,1,9,0
2023-09-12,Soft Drink,160,40809.89,190,160,143,186,142.0,83.82521498133218,1,9,0
2023-09-12,T-shirt,221,38754.69,187,257,152,197,140.28571428571428,82.57867821198147,1,9,0
2023-09-12,Tablet,173,48081.06,162,245,175,176,154.14285714285714,75.69110157173542,1,9,0
2023-09-12,Television,211,47849.11,162,148,199,158,157.14285714285714,75.49929044131986,1,9,0
2023-09-12,Thriller,110,27033.24,79,80,100,83,157.0,75.67033764956989,1,9,0
2023-09-12,Tools,113,25070.72,67,75,130,51,127.42857142857144,61.435215587524254,1,9,0
2023-09-12,Water,472,119632.57,321,327,389,342,166.85714285714286,84.10197891335723,1,9,0
2023-09-13,Bathroom,77,15412.35,79,134,101,84,151.0,89.31405264570577,2,9,0
2023-09-13,Bedding,91,18326.39,84,92,87,102,136.28571428571428,90.86567794591812,2,9,0
2023-09-13,BlueStar AC,16,1736.48,39,22,43,27,118.71428571428572,96.76554876902875,2,9,0
2023-09-13,Children's,99,31219.49,84,57,47,81,107.57142857142856,95.43210002030528,2,9,0
2023-09-13,Chocolate,52,8280.67,100,63,74,101,110.57142857142856,94.71159229094164,2,9,0
2023-09-13,Coffee,107,26590.85,67,117,87,74,110.57142857142856,94.71159229094164,2,9,0
2023-09-13,Decorations,212,62427.98,231,220,180,219,97.71428571428572,61.762216836600444,2,9,0
2023-09-13,Dress,99,24765.69,93,69,116,87,99.71428571428572,61.27999751336419,2,9,0
2023-09-13,Fiction,203,60264.83,168,290,253,236,111.71428571428572,65.75133531144398,2,9,0
2023-09-13,Fridge,91,23843.74,94,155,154,84,119.57142857142856,58.50030524950764,2,9,0
2023-09-13,Furniture,161,43456.46,160,206,135,192,130.42857142857142,57.8470890735704,2,9,0
2023-09-13,Headphones,102,26828.17,123,102,109,91,133.71428571428572,56.46743688685814,2,9,0
2023-09-13,Jacket,132,32144.02,99,49,59,68,138.28571428571428,51.21755651373834,2,9,0
2023-09-13,Jeans,57,14839.64,57,100,96,111,113.42857142857144,39.63524165376348,2,9,0
2023-09-13,Juice,186,48759.23,188,173,171,178,127.0,47.046076705004864,2,9,0
2023-09-13,Kitchen,89,20348.5,113,76,109,84,119.14285714285714,43.51792186914926,2,9,0
2023-09-13,Laptop,81,19505.72,42,80,147,71,111.71428571428572,52.11434314950737,2,9,0
2023-09-13,Lighting,70,21365.73,145,64,83,80,109.57142857142856,50.06614672230017,2,9,0
2023-09-13,Literature,85,23134.45,91,82,60,74,105.0,50.0965734024444,2,9,0
2023-09-13,Mitsubishi 1.5 Ton 3 Star Split AC,87,16755.57,103,109,101,84,105.57142857142856,50.03950820054305,2,9,0
2023-09-13,Non-Fiction,209,55592.62,258,316,308,226,134.28571428571428,70.86069499544847,2,9,0
2023-09-13,Shirt,87,24387.31,83,86,104,112,119.28571428571428,68.67487237147188,2,9,0
2023-09-13,Shoes,248,69652.66,178,204,185,181,128.57142857142858,71.99735444874985,2,9,0
2023-09-13,Shorts,110,30052.17,75,82,119,72,133.28571428571428,66.23371318222043,2,9,0
2023-09-13,Smartphone,293,67636.45,308,257,301,289,156.57142857142858,93.90927739553904,2,9,0
2023-09-13,Snacks,110,26530.42,90,97,86,64,156.42857142857142,94.02633876181876,2,9,0
2023-09-13,Soft Drink,224,57227.89,160,116,193,165,164.57142857142858,91.04917561929,2,9,0
2023-09-13,T-shirt,184,47102.46,221,251,211,180,159.28571428571428,85.63432778528724,2,9,0
2023-09-13,Tablet,155,34128.97,173,181,210,186,172.14285714285714,78.75156838952142,2,9,0
2023-09-13,Television,157,37858.89,211,249,129,153,176.85714285714286,80.1361935944644,2,9,0
2023-09-13,Thriller,76,16074.61,110,81,89,78,181.8571428571429,73.54234284054428,2,9,0
2023-09-13,Tools,59,16709.96,113,132,52,78,154.0,51.39390365922059,2,9,0
2023-09-13,Water,330,64628.54,472,370,233,314,208.57142857142856,123.84783290104724,2,9,0
2023-09-14,Bathroom,118,35931.95,77,119,75,110,196.7142857142857,132.91440138389098,3,9,0
2023-09-14,Bedding,63,18320.03,91,99,104,71,178.14285714285714,137.94253461910438,3,9,0
2023-09-14,BlueStar AC,11,1089.71,16,49,54,39,155.71428571428572,151.05817233295042,3,9,0
2023-09-14,Children's,97,20175.66,99,70,80,117,139.71428571428572,150.155157848711,3,9,0
2023-09-14,Chocolate,58,12961.24,52,86,90,93,131.42857142857142,153.6281844181559,3,9,0
2023-09-14,Coffee,73,25211.83,107,101,70,95,130.57142857142858,153.76481732704303,3,9,0
2023-09-14,Decorations,133,36039.04,212,209,175,196,93.42857142857144,60.91211467586321,3,9,0
2023-09-14,Dress,111,31908.32,99,51,68,91,96.57142857142856,60.48927492499957,3,9,0
2023-09-14,Fiction,255,64520.92,203,219,228,217,112.57142857142856,72.40823420683735,3,9,0
2023-09-14,Fridge,126,24536.55,91,101,93,80,123.28571428571428,60.26805202790235,3,9,0
2023-09-14,Furniture,176,42379.54,161,218,235,191,132.14285714285714,60.65868602661992,3,9,0
2023-09-14,Headphones,109,25287.49,102,57,111,98,139.28571428571428,51.970229573330144,3,9,0
2023-09-14,Jacket,79,18914.58,132,58,86,112,142.85714285714286,50.21098343134439,3,9,0
2023-09-14,Jeans,95,20324.37,57,81,87,135,120.71428571428572,48.794515694948814,3,9,0
2023-09-14,Juice,144,44468.04,186,149,164,192,133.14285714285714,53.221012678039656,3,9,0
2023-09-14,Kitchen,81,16863.61,89,121,81,121,116.85714285714286,45.105168112712185,3,9,0
2023-09-14,Laptop,78,16713.02,81,133,91,71,115.42857142857144,46.20554491565072,3,9,0
2023-09-14,Lighting,104,22345.15,70,150,93,44,102.42857142857144,43.99567078269019,3,9,0
2023-09-14,Literature,155,45489.53,85,65,71,103,100.0,44.489699182317935,3,9,0
2023-09-14,Mitsubishi 1.5 Ton 3 Star Split AC,64,16979.35,87,85,95,70,93.57142857142856,42.29206837716552,3,9,0
2023-09-14,Non-Fiction,297,71061.61,209,269,242,279,115.28571428571428,56.88794332051327,3,9,0
2023-09-14,Shirt,95,22613.76,87,111,61,69,101.14285714285714,47.98759760406154,3,9,0
2023-09-14,Shoes,173,41199.52,248,219,177,251,123.85714285714286,72.60034107226613,3,9,0
2023-09-14,Shorts,100,23937.69,110,82,79,107,128.0,70.54549359573952,3,9,0
2023-09-14,Smartphone,274,79314.71,293,261,341,261,159.85714285714286,88.14463222724402,3,9,0
2023-09-14,Snacks,58,12575.43,110,81,82,111,163.42857142857142,85.05852327046537,3,9,0
2023-09-14,Soft Drink,161,39966.78,224,186,158,136,183.0,80.16233529532404,3,9,0
2023-09-14,T-shirt,202,55504.52,184,78,182,207,179.42857142857142,79.36383967285728,3,9,0
2023-09-14,Tablet,233,57803.69,155,185,141,235,189.14285714285717,69.74340726651388,3,9,0
2023-09-14,Television,224,62859.72,157,110,147,126,176.14285714285714,65.28253613187424,3,9,0
2023-09-14,Thriller,87,26206.57,76,67,96,108,171.28571428571428,71.94839420425839,3,9,0
2023-09-14,Tools,89,24130.71,59,74,105,77,137.85714285714286,59.20424695190988,3,9,0
2023-09-14,Water,359,93962.34,330,359,389,347,169.28571428571428,91.52361131736096,3,9,0
2023-09-15,Bathroom,129,35687.65,118,88,30,121,154.14285714285714,89.71329996425331,4,9,0
2023-09-15,Bedding,65,15699.08,63,92,92,60,136.85714285714286,94.52941089316803,4,9,0
2023-09-15,BlueStar AC,11,2679.35,11,20,43,49,116.28571428571428,105.0106570555481,4,9,0
2023-09-15,Children's,98,28167.75,97,102,72,87,107.71428571428572,103.57238094800137,4,9,0
2023-09-15,Chocolate,53,15179.38,58,110,131,118,105.14285714285714,104.70821134853436,4,9,0
2023-09-15,Coffee,87,26846.82,73,137,71,101,107.14285714285714,103.80980777593228,4,9,0
2023-09-15,Decorations,199,51847.45,133,201,182,190,79.0,41.06498914322397,4,9,0
2023-09-15,Dress,115,25927.56,111,59,59,54,78.0,40.029156040729866,4,9,0
2023-09-15,Fiction,234,61013.24,255,275,329,214,105.42857142857144,76.86754222439316,4,9,0
2023-09-15,Fridge,137,33570.82,126,139,126,103,121.85714285714286,64.63855550012472,4,9,0
2023-09-15,Furniture,202,58977.49,176,196,227,237,133.14285714285714,66.44654134823516,4,9,0
2023-09-15,Headphones,90,21917.07,109,102,81,88,140.42857142857142,59.239224457158414,4,9,0
2023-09-15,Jacket,73,21070.41,79,66,106,114,141.28571428571428,58.13408147181231,4,9,0
2023-09-15,Jeans,86,19601.43,95,113,58,29,135.85714285714286,60.75203308375282,4,9,0
2023-09-15,Juice,151,39067.81,144,183,169,182,140.57142857142858,59.774178212270414,4,9,0
2023-09-15,Kitchen,95,29045.62,81,57,95,36,115.71428571428572,35.51391410754288,4,9,0
2023-09-15,Laptop,108,31482.5,78,142,40,54,108.85714285714286,37.759893058764746,4,9,0
2023-09-15,Lighting,100,28459.37,104,98,86,93,98.57142857142856,23.557427299095902,4,9,0
2023-09-15,Literature,177,50247.08,155,101,100,69,105.14285714285714,31.89267717114192,4,9,0
2023-09-15,Mitsubishi 1.5 Ton 3 Star Split AC,117,25744.98,64,100,76,111,103.0,34.35112807463266,4,9,0
2023-09-15,Non-Fiction,297,75847.92,297,321,242,228,131.85714285714286,80.43927020104084,4,9,0
2023-09-15,Shirt,89,22012.62,95,116,81,62,124.85714285714286,81.33352849312952,4,9,0
2023-09-15,Shoes,240,45133.46,173,139,201,166,138.0,80.49430621685741,4,9,0
2023-09-15,Shorts,88,20054.6,100,87,83,96,141.14285714285714,78.15674117103445,4,9,0
2023-09-15,Smartphone,286,66321.46,274,332,271,246,165.42857142857142,90.17918670228536,4,9,0
2023-09-15,Snacks,95,21871.92,58,90,77,94,151.57142857142858,99.063712062586,4,9,0
2023-09-15,Soft Drink,211,44109.72,161,160,166,227,165.42857142857142,91.24848335334478,4,9,0
2023-09-15,T-shirt,190,46340.79,202,203,96,177,151.85714285714286,73.81830976893714,4,9,0
2023-09-15,Tablet,113,29859.57,233,139,198,127,171.57142857142858,74.52708040897383,4,9,0
2023-09-15,Television,185,47501.38,224,168,192,145,178.85714285714286,77.13716910246842,4,9,0
2023-09-15,Thriller,61,11852.89,87,134,55,117,177.0,79.47326594522178,4,9,0
2023-09-15,Tools,52,16519.2,89,80,95,107,150.57142857142858,72.27460859540471,4,9,0
2023-09-15,Water,395,107147.28,359,379,300,405,193.57142857142856,94.22642435972529,4,9,0
2023-09-16,Bathroom,89,24080.49,129,92,145,95,189.0,96.8108120683496,5,9,1
2023-09-16,Bedding,118,31304.18,65,124,79,64,169.42857142857142,107.05116711625482,5,9,1
2023-09-16,BlueStar AC,17,3568.7,11,27,42,51,137.71428571428572,117.45738842336812,5,9,1
2023-09-16,Children's,108,25355.12,98,84,79,92,119.71428571428572,111.53581530269967,5,9,1
2023-09-16,Chocolate,84,21639.91,53,101,85,67,114.85714285714286,113.91287397455432,5,9,1
2023-09-16,Coffee,100,32534.11,87,99,134,99,114.57142857142856,113.991018860927,5,9,1
2023-09-16,Decorations,216,54615.67,199,191,227,233,91.71428571428572,60.1240780545079,5,9,1
2023-09-16,Dress,94,23242.4,115,111,105,86,89.71428571428571,58.89740878769247,5,9,1
2023-09-16,Fiction,295,76581.02,234,172,277,261,113.85714285714286,78.46533963355641,5,9,1
2023-09-16,Fridge,64,18835.06,137,77,96,83,131.85714285714286,64.0687874382635,5,9,1
2023-09-16,Furniture,160,47972.66,202,174,173,191,146.71428571428572,66.90469411960561,5,9,1
2023-09-16,Headphones,53,12497.26,90,116,87,128,152.0,59.29586832149356,5,9,1
2023-09-16,Jacket,81,20491.69,73,90,100,87,150.0,62.02687589531841,5,9,1
2023-09-16,Jeans,124,27974.07,86,141,67,87,133.85714285714286,61.85312865012889,5,9,1
2023-09-16,Juice,168,50313.39,151,181,152,224,139.0,61.51964455900689,5,9,1
2023-09-16,Kitchen,129,29782.78,95,89,132,104,119.14285714285714,46.29409095276311,5,9,1
2023-09-16,Laptop,83,20741.98,108,131,123,83,115.0,45.723808531950894,5,9,1
2023-09-16,Lighting,63,20738.92,100,95,96,117,100.42857142857144,24.878753605279236,5,9,1
2023-09-16,Literature,40,11090.51,177,131,76,68,112.85714285714286,37.387290939694445,5,9,1
2023-09-16,Mitsubishi 1.5 Ton 3 Star Split AC,109,27930.5,117,79,123,112,119.14285714285714,33.01226323367378,5,9,1
2023-09-16,Non-Fiction,199,60250.82,297,277,311,310,149.28571428571428,71.54652166181566,5,9,1
2023-09-16,Shirt,107,33835.92,89,109,138,88,140.42857142857142,75.05077646246525,5,9,1
2023-09-16,Shoes,202,52810.27,240,208,205,139,161.14285714285714,80.25257746936298,5,9,1
2023-09-16,Shorts,123,29746.47,88,79,103,109,158.28571428571428,82.77623307390034,5,9,1
2023-09-16,Smartphone,293,73193.04,286,302,237,223,184.8571428571429,90.44598493286558,5,9,1
2023-09-16,Snacks,136,40532.06,95,99,122,97,173.14285714285714,96.72543369667288,5,9,1
2023-09-16,Soft Drink,228,57677.69,211,126,188,170,186.57142857142856,94.1220079521912,5,9,1
2023-09-16,T-shirt,109,24028.82,190,147,184,248,171.28571428571428,80.96854180423837,5,9,1
2023-09-16,Tablet,127,30654.39,113,228,232,182,174.71428571428572,77.32984392784394,5,9,1
2023-09-16,Television,143,44857.68,185,148,186,195,166.85714285714286,72.21594600323937,5,9,1
2023-09-16,Thriller,61,14607.67,61,105,164,103,163.0,77.64663547121614,5,9,1
2023-09-16,Tools,93,20982.75,52,124,66,52,129.57142857142858,65.24787900219881,5,9,1
2023-09-16,Water,256,62531.76,395,353,372,381,172.42857142857142,116.86439027473531,5,9,1
2023-09-17,Bathroom,82,21609.95,89,106,110,49,155.0,119.22667486766504,6,9,1
2023-09-17,Bedding,69,12995.32,118,92,69,89,144.71428571428572,118.80897032030585,6,9,1
2023-09-17,BlueStar AC,41,6714.280000000001,17,25,45,38,131.0,128.24585763290705,6,9,1
2023-09-17,Children's,114,28539.86,108,69,66,64,120.0,126.12692020341989,6,9,1
2023-09-17,Chocolate,87,13584.19,84,85,138,90,123.28571428571428,124.62438804358456,6,9,1
2023-09-17,Coffee,64,16652.71,100,105,121,98,130.14285714285714,121.3252221255308,6,9,1
2023-09-17,Decorations,201,46941.65,216,127,162,193,104.57142857142856,59.10966402334054,6,9,1
2023-09-17,Dress,89,20654.53,94,108,61,165,105.28571428571428,58.920042672856646,6,9,1
2023-09-17,Fiction,231,60281.32,295,310,256,241,130.57142857142858,93.25923929716336,6,9,1
2023-09-17,Fridge,129,30149.91,64,98,105,78,137.28571428571428,85.05040522285184,6,9,1
2023-09-17,Furniture,224,63417.03,160,207,130,225,144.71428571428572,84.33408620029023,6,9,1
2023-09-17,Headphones,73,22815.83,53,92,53,71,140.28571428571428,88.75192821513595,6,9,1
2023-09-17,Jacket,121,37485.66,81,82,79,78,137.57142857142858,90.46335748588444,6,9,1
2023-09-17,Jeans,99,25650.42,124,145,94,97,124.42857142857144,83.59197956514072,6,9,1
2023-09-17,Juice,186,47330.36,168,210,180,148,135.0,83.7814617521872,6,9,1
2023-09-17,Kitchen,82,20372.56,129,96,116,110,111.28571428571428,45.85380495194772,6,9,1
2023-09-17,Laptop,88,18293.53,83,104,49,147,114.0,43.06584106535605,6,9,1
2023-09-17,Lighting,93,21372.4,63,43,84,94,100.14285714285714,41.36999142465479,6,9,1
2023-09-17,Literature,85,21241.92,40,59,52,94,98.28571428571428,44.044349943035584,6,9,1
2023-09-17,Mitsubishi 1.5 Ton 3 Star Split AC,95,24462.72,109,51,63,96,102.28571428571428,43.48070179483367,6,9,1
2023-09-17,Non-Fiction,265,69454.36,199,289,194,220,113.0,56.89463946629628,6,9,1
2023-09-17,Shirt,128,33684.020000000004,107,134,102,87,104.28571428571428,51.48046323837735,6,9,1
2023-09-17,Shoes,179,41706.5,202,170,197,143,114.71428571428572,63.34749215165983,6,9,1
2023-09-17,Shorts,90,21949.35,123,98,107,30,120.42857142857144,61.794975909202336,6,9,1
2023-09-17,Smartphone,285,78395.09,293,287,234,238,153.28571428571428,83.5039206379237,6,9,1
2023-09-17,Snacks,110,26403.05,136,36,87,98,167.0,68.29592471980486,6,9,1
2023-09-17,Soft Drink,153,39338.29,228,209,188,193,184.0,66.2319157707718,6,9,1
2023-09-17,T-shirt,179,47299.81,109,222,182,192,171.14285714285714,71.37092912250371,6,9,1
2023-09-17,Tablet,165,39045.46,127,186,188,146,174.0,68.7265111389576,6,9,1
2023-09-17,Television,155,35905.27,143,214,185,113,165.57142857142858,68.33704984086084,6,9,1
2023-09-17,Thriller,134,29369.07,61,82,61,85,156.71428571428572,78.09548490088697,6,9,1
2023-09-17,Tools,84,20891.48,93,83,46,116,128.14285714285714,52.22524476224168,6,9,1
2023-09-17,Water,320,70681.63,256,350,322,363,145.28571428571428,71.4066156732319,6,9,1
2023-09-18,Bathroom,124,30132.56,82,109,123,156,124.42857142857144,64.17646802075433,0,9,0
2023-09-18,Bedding,74,15288.72,69,103,65,120,118.71428571428572,67.47521590854386,0,9,0
2023-09-18,BlueStar AC,31,7918.72,41,32,19,29,106.42857142857144,73.293603956636,0,9,0
2023-09-18,Children's,125,36091.45,114,100,57,110,102.28571428571428,71.68382961708485,0,9,0
2023-09-18,Chocolate,87,23960.36,87,117,98,85,106.0,69.8379075669737,0,9,0
2023-09-18,Coffee,96,23511.64,64,62,79,72,101.85714285714286,71.57613329275813,0,9,0
2023-09-18,Decorations,228,67499.43,201,194,170,146,94.0,52.243021862571695,0,9,0
2023-09-18,Dress,99,31450.98,89,83,63,106,95.0,52.04164998665152,0,9,0
2023-09-18,Fiction,247,58447.8,231,261,210,308,118.14285714285714,71.08780620103589,0,9,0
2023-09-18,Fridge,103,24830.71,129,104,134,129,130.71428571428572,62.42519332693033,0,9,0
2023-09-18,Furniture,146,33979.25,224,219,235,168,146.42857142857142,70.79985203105255,0,9,0
2023-09-18,Headphones,93,25094.1,73,123,63,87,144.42857142857142,72.92429211828022,0,9,0
2023-09-18,Jacket,102,19792.31,121,77,96,82,152.57142857142858,65.22233038578335,0,9,0
2023-09-18,Jeans,54,17118.67,99,140,84,74,138.0,63.981768236479226,0,9,0
2023-09-18,Juice,115,33194.19,186,206,133,266,151.85714285714286,62.076373850895045,0,9,0
2023-09-18,Kitchen,66,20372.94,82,117,117,103,130.57142857142858,55.62630415806517,0,9,0
2023-09-18,Laptop,79,20429.92,88,39,92,50,124.71428571428572,57.93017142996056,0,9,0
2023-09-18,Lighting,110,26965.61,93,34,115,91,106.0,38.36665218649954,0,9,0
2023-09-18,Literature,87,19802.99,85,62,77,104,107.71428571428572,36.88592453187613,0,9,0
2023-09-18,Mitsubishi 1.5 Ton 3 Star Split AC,87,20832.69,95,47,161,155,104.0,36.63331816802605,0,9,0
2023-09-18,Non-Fiction,291,78637.06,265,199,289,347,127.71428571428572,70.72414553675868,0,9,0
2023-09-18,Shirt,94,27213.85,128,65,103,94,119.42857142857144,65.99711393401151,0,9,0
2023-09-18,Shoes,219,54796.31,179,141,104,156,133.28571428571428,67.00426425662248,0,9,0
2023-09-18,Shorts,142,34026.49,90,80,47,81,133.57142857142858,66.78287490781038,0,9,0
2023-09-18,Smartphone,258,72421.19,285,274,338,190,161.0,84.43735350344996,0,9,0
2023-09-18,Snacks,74,16765.09,110,45,71,136,164.57142857142858,81.15182713666377,0,9,0
2023-09-18,Soft Drink,113,24400.09,153,190,165,202,172.85714285714286,75.63823674004293,0,9,0
2023-09-18,T-shirt,216,53674.16,179,187,173,175,160.57142857142858,64.31396204779814,0,9,0
2023-09-18,Tablet,154,35821.82,165,162,183,175,165.85714285714286,62.69085146289504,0,9,0
2023-09-18,Television,214,50439.67,155,162,175,229,162.42857142857142,62.50828516513328,0,9,0
2023-09-18,Thriller,102,26263.0,134,79,104,67,168.71428571428572,55.87102494649032,0,9,0
2023-09-18,Tools,51,10474.75,84,67,66,80,140.0,33.1963853453938,0,9,0
2023-09-18,Water,282,75379.85,320,321,338,291,170.0,72.81483365358955,0,9,0
2023-09-19,Bathroom,91,25148.94,124,79,109,87,165.85714285714286,74.74273336235505,1,9,0
2023-09-19,Bedding,90,31906.89,74,84,134,76,150.85714285714286,81.86254449060377,1,9,0
2023-09-19,BlueStar AC,53,15305.55,31,39,30,29,131.71428571428572,92.92418824990956,1,9,0
2023-09-19,Children's,88,19673.2,125,84,101,126,127.42857142857144,92.3613503994983,1,9,0
2023-09-19,Chocolate,44,8964.89,87,100,58,104,120.71428571428572,93.50528378245768,1,9,0
2023-09-19,Coffee,114,28962.26,96,67,161,89,122.42857142857144,92.82754106919042,1,9,0
2023-09-19,Decorations,206,50060.42,228,231,177,174,109.28571428571428,61.3778306494937,1,9,0
2023-09-19,Dress,50,12928.15,99,93,61,81,105.71428571428572,61.105685184805765,1,9,0
2023-09-19,Fiction,209,54444.27,247,168,318,333,130.42857142857142,78.61691324148329,1,9,0
2023-09-19,Fridge,136,40718.82,103,94,163,174,140.71428571428572,67.34170150734714,1,9,0
2023-09-19,Furniture,170,40935.87,146,160,112,236,143.71428571428572,66.99182608277404,1,9,0
2023-09-19,Headphones,106,31115.65,93,123,91,41,144.57142857142858,66.17869028334522,1,9,0
2023-09-19,Jacket,123,34065.3,102,99,77,94,145.42857142857142,65.4799133140762,1,9,0
2023-09-19,Jeans,99,27338.28,54,57,58,68,120.57142857142856,61.83541903811194,1,9,0
2023-09-19,Juice,181,51192.77,115,188,177,165,122.85714285714286,61.19757231412623,1,9,0
2023-09-19,Kitchen,137,33670.97,66,113,109,41,97.0,30.58321979996791,1,9,0
2023-09-19,Laptop,82,18553.15,79,42,63,76,93.57142857142856,31.138706582304582,1,9,0
2023-09-19,Lighting,113,31092.01,110,145,71,45,88.42857142857143,22.926383221495087,1,9,0
2023-09-19,Literature,56,11574.73,87,91,87,77,87.57142857142857,22.838980879602538,1,9,0
2023-09-19,Mitsubishi 1.5 Ton 3 Star Split AC,59,9658.7,87,103,103,98,85.42857142857143,21.945820732404776,1,9,0
2023-09-19,Non-Fiction,195,41923.59,291,258,216,332,119.28571428571428,77.6073756926789,1,9,0
2023-09-19,Shirt,145,42318.63,94,83,101,103,116.28571428571428,78.20425028030512,1,9,0
2023-09-19,Shoes,119,27932.23,219,178,252,170,138.14285714285714,83.03900403109411,1,9,0
2023-09-19,Shorts,88,21968.0,142,75,143,101,147.14285714285714,78.86999550194025,1,9,0
2023-09-19,Smartphone,332,83820.96,258,308,387,186,168.28571428571428,86.70200744641389,1,9,0
2023-09-19,Snacks,45,11567.43,74,90,105,102,166.42857142857142,88.84604126025515,1,9,0
2023-09-19,Soft Drink,200,57928.92,113,160,160,143,170.14285714285714,85.45062623415608,1,9,0
2023-09-19,T-shirt,170,35477.88,216,221,257,190,159.42857142857142,71.30183995488674,1,9,0
2023-09-19,Tablet,192,41043.42,154,173,245,207,168.0,65.49554692241742,1,9,0
2023-09-19,Television,247,66365.13,214,211,148,233,167.28571428571428,64.87093413261451,1,9,0
2023-09-19,Thriller,90,22981.89,102,110,80,66,161.57142857142858,69.09379408421778,1,9,0
2023-09-19,Tools,79,20178.98,51,113,75,130,132.0,65.128078941932,1,9,0
2023-09-19,Water,312,80448.68000000001,282,472,327,399,161.71428571428572,80.00565456206623,1,9,0
2023-09-20,Bathroom,49,15228.75,91,77,134,72,158.57142857142858,82.62739082341652,2,9,0
2023-09-20,Bedding,73,18776.52,90,91,92,27,140.57142857142858,81.75136521358887,2,9,0
2023-09-20,BlueStar AC,39,11873.76,53,16,22,37,126.14285714285714,87.6839562889132,2,9,0
2023-09-20,Children's,108,27691.43,88,99,57,78,108.14285714285714,79.16107749693664,2,9,0
2023-09-20,Chocolate,116,23426.3,44,52,63,101,99.85714285714286,82.86018056828823,2,9,0
2023-09-20,Coffee,67,18516.24,114,107,117,75,108.85714285714286,80.04254820912028,2,9,0
2023-09-20,Decorations,148,35982.68,206,212,220,260,98.0,53.34479043605353,2,9,0
2023-09-20,Dress,92,21102.25,50,99,69,70,92.14285714285714,56.40457597106801,2,9,0
2023-09-20,Fiction,266,69903.06,209,203,290,224,109.14285714285714,71.55051495605053,2,9,0
2023-09-20,Fridge,113,28914.53,136,91,155,85,121.0,67.4561586019629,2,9,0
2023-09-20,Furniture,265,59813.21,170,161,206,193,132.71428571428572,67.88891486763227,2,9,0
2023-09-20,Headphones,98,24820.01,106,102,102,78,141.57142857142858,57.659509602657245,2,9,0
2023-09-20,Jacket,123,33220.36,123,132,49,113,142.85714285714286,57.039251314126375,2,9,0
2023-09-20,Jeans,115,25661.44,99,57,100,88,127.57142857142856,51.351264648032114,2,9,0
2023-09-20,Juice,173,43449.77,181,186,173,197,146.28571428571428,41.24606763362998,2,9,0
2023-09-20,Kitchen,73,22120.93,137,89,76,99,136.0,30.60501048303255,2,9,0
2023-09-20,Laptop,70,15130.64,82,81,80,119,128.28571428571428,36.78638464483766,2,9,0
2023-09-20,Lighting,69,16291.83,113,70,64,105,120.14285714285714,32.01264631062797,2,9,0
2023-09-20,Literature,90,21590.29,56,85,82,42,113.0,40.22022708372609,2,9,0
2023-09-20,Mitsubishi 1.5 Ton 3 Star Split AC,109,30831.84,59,87,109,102,103.85714285714286,44.60354459542428,2,9,0
2023-09-20,Non-Fiction,196,42439.94,195,209,316,316,117.57142857142856,56.13037544519796,2,9,0
2023-09-20,Shirt,75,19024.35,145,87,86,125,112.42857142857144,50.74070405127301,2,9,0
2023-09-20,Shoes,229,68333.6,119,248,204,175,109.85714285714286,49.73405463539055,2,9,0
2023-09-20,Shorts,68,16977.9,88,110,82,85,110.71428571428572,49.22301049209185,2,9,0
2023-09-20,Smartphone,264,66376.66,332,293,257,291,142.0,97.16652372773868,2,9,0
2023-09-20,Snacks,49,10460.28,45,110,97,85,140.42857142857142,98.86330148721645,2,9,0
2023-09-20,Soft Drink,130,28885.37,200,224,116,128,160.57142857142858,93.73874535618816,2,9,0
2023-09-20,T-shirt,177,45244.94,170,184,251,172,157.0,92.6786562987036,2,9,0
2023-09-20,Tablet,155,42979.33,192,155,181,203,163.71428571428572,93.36436558936536,2,9,0
2023-09-20,Television,129,31003.47,247,157,249,196,182.0,95.65388997143089,2,9,0
2023-09-20,Thriller,81,21036.21,90,76,81,58,182.28571428571428,95.3287544687927,2,9,0
2023-09-20,Tools,60,17862.58,79,59,132,102,146.14285714285714,74.87195418719486,2,9,0
2023-09-20,Water,314,91045.83,312,330,370,353,184.28571428571428,82.39076462345787,2,9,0
2023-09-21,Bathroom,74,20315.01,49,118,119,133,162.71428571428572,96.20068309825734,3,9,0
2023-09-21,Bedding,65,20911.79,73,63,99,115,148.85714285714286,101.7995228728639,3,9,0
2023-09-21,BlueStar AC,48,14689.3,39,11,49,21,127.0,107.27068565083312,3,9,0
2023-09-21,Children's,69,15800.29,108,97,70,72,107.14285714285714,93.31207240835818,3,9,0
2023-09-21,Chocolate,80,18101.16,116,58,86,73,110.85714285714286,93.03302025164336,3,9,0
2023-09-21,Coffee,86,21634.3,67,73,101,130,109.14285714285714,93.82506518592292,3,9,0
2023-09-21,Decorations,163,42391.53,148,133,209,201,85.71428571428571,39.44495863737913,3,9,0
2023-09-21,Dress,117,34382.66,92,111,51,96,91.85714285714286,35.96956385347649,3,9,0
2023-09-21,Fiction,278,76511.58,266,255,219,205,119.42857142857144,73.49797535274168,3,9,0
2023-09-21,Fridge,90,22458.7,113,126,101,110,130.0,64.80997865555267,3,9,0
2023-09-21,Furniture,172,44378.41,265,176,218,243,152.42857142857142,81.05729895750048,3,9,0
2023-09-21,Headphones,87,21164.15,98,109,57,89,149.85714285714286,82.67492278280487,3,9,0
2023-09-21,Jacket,91,26556.4,123,79,58,105,157.85714285714286,75.73952858630753,3,9,0
2023-09-21,Jeans,64,16567.7,115,95,81,85,153.14285714285714,77.46274065946858,3,9,0
2023-09-21,Juice,123,28686.68,173,144,149,178,164.71428571428572,72.71110480459417,3,9,0
2023-09-21,Kitchen,85,22049.54,73,81,121,63,137.14285714285714,63.9698589739162,3,9,0
2023-09-21,Laptop,82,17931.07,70,78,133,129,131.0,68.57356147476368,3,9,0
2023-09-21,Lighting,120,30922.61,69,104,150,80,103.0,37.89019222261194,3,9,0
2023-09-21,Literature,85,19749.07,90,155,65,122,101.85714285714286,38.18563679111128,3,9,0
2023-09-21,Mitsubishi 1.5 Ton 3 Star Split AC,104,21571.48,109,64,85,118,99.85714285714286,37.24884146488319,3,9,0
2023-09-21,Non-Fiction,271,61305.55,196,297,269,238,111.42857142857144,52.2840228714172,3,9,0
2023-09-21,Shirt,119,32127.51,75,95,111,73,97.42857142857144,45.76336650952945,3,9,0
2023-09-21,Shoes,220,51923.33,229,173,219,144,119.71428571428572,65.57874220028371,3,9,0
2023-09-21,Shorts,48,12088.27,68,100,82,106,119.42857142857144,65.83529231563841,3,9,0
2023-09-21,Smartphone,357,96577.09,264,274,261,363,147.28571428571428,80.55166930965066,3,9,0
2023-09-21,Snacks,107,26118.32,49,58,81,62,141.42857142857142,86.66959702005614,3,9,0
2023-09-21,Soft Drink,196,47138.29,130,161,186,243,144.42857142857142,85.7182538763998,3,9,0
2023-09-21,T-shirt,187,42481.71,177,202,78,165,141.71428571428572,84.09858160855809,3,9,0
2023-09-21,Tablet,216,44737.3,155,233,185,184,153.14285714285714,78.78965365966155,3,9,0
2023-09-21,Television,253,69747.34,129,224,110,206,138.85714285714286,71.46894097305064,3,9,0
2023-09-21,Thriller,73,16327.75,81,87,67,68,140.71428571428572,69.46153440505498,3,9,0
2023-09-21,Tools,66,16766.84,60,89,74,72,111.57142857142856,48.853035193515616,3,9,0
2023-09-21,Water,433,108302.91,314,359,359,401,149.42857142857142,83.01577589602435,3,9,0
2023-09-22,Bathroom,48,8605.86,74,129,88,126,141.42857142857142,87.76266697340955,4,9,0
2023-09-22,Bedding,80,15314.68,65,65,92,85,125.42857142857144,90.36750364088611,4,9,0
2023-09-22,BlueStar AC,48,11401.47,48,11,20,21,110.14285714285714,93.52616135147792,4,9,0
2023-09-22,Children's,103,26905.6,69,98,102,125,101.57142857142856,94.25648897707536,4,9,0
2023-09-22,Chocolate,83,20733.48,80,53,110,106,101.42857142857144,94.29361438764306,4,9,0
2023-09-22,Coffee,88,21730.22,86,87,137,95,105.14285714285714,92.8913856275669,4,9,0
2023-09-22,Decorations,173,41628.89,163,199,201,122,83.57142857142857,37.06236699967816,4,9,0
2023-09-22,Dress,68,17098.71,117,115,59,99,89.71428571428571,38.737209870758925,4,9,0
2023-09-22,Fiction,283,72741.99,278,234,275,257,120.14285714285714,78.91224782720802,4,9,0
2023-09-22,Fridge,91,20432.56,90,137,139,127,126.14285714285714,73.95365344012902,4,9,0
2023-09-22,Furniture,236,51510.73,172,202,196,165,140.85714285714286,70.87178228187433,4,9,0
2023-09-22,Headphones,96,21978.07,87,90,102,97,141.85714285714286,69.91287094526584,4,9,0
2023-09-22,Jacket,76,20251.38,91,73,66,120,142.57142857142858,69.26965940645,4,9,0
2023-09-22,Jeans,130,31109.42,64,86,113,83,128.42857142857142,74.3255387756158,4,9,0
2023-09-22,Juice,123,31865.78,123,151,183,182,129.28571428571428,74.2062762074158,4,9,0
2023-09-22,Kitchen,158,36378.71,85,95,57,102,101.71428571428572,35.50452687434717,4,9,0
2023-09-22,Laptop,86,26147.35,82,108,142,68,100.57142857142856,36.06871748416058,4,9,0
2023-09-22,Lighting,85,22674.53,120,100,98,77,93.14285714285714,21.192990755026905,4,9,0
2023-09-22,Literature,108,21979.16,85,177,101,74,92.85714285714286,21.302805538457186,4,9,0
2023-09-22,Mitsubishi 1.5 Ton 3 Star Split AC,126,28563.28,104,117,100,62,94.71428571428572,21.677286774515004,4,9,0
2023-09-22,Non-Fiction,302,87427.8,271,297,321,234,124.28571428571428,66.87230190373745,4,9,0
2023-09-22,Shirt,115,28367.84,119,89,116,67,123.71428571428572,66.90220296750032,4,9,0
2023-09-22,Shoes,174,47736.91,220,240,139,157,143.0,73.05705532892226,4,9,0
2023-09-22,Shorts,90,27751.37,48,88,87,122,138.14285714285714,78.70075935980155,4,9,0
2023-09-22,Smartphone,252,65354.21,357,286,332,374,172.0,113.06930028379314,4,9,0
2023-09-22,Snacks,113,24611.69,107,95,90,95,175.14285714285714,110.52515335347628,4,9,0
2023-09-22,Soft Drink,84,18079.02,196,211,160,203,188.28571428571428,106.03413646198116,4,9,0
2023-09-22,T-shirt,127,31760.69,187,190,203,229,176.28571428571428,99.67566450863532,4,9,0
2023-09-22,Tablet,211,56967.38,216,113,139,198,190.14285714285717,97.0934748432808,4,9,0
2023-09-22,Television,156,39609.47,253,185,168,248,194.8571428571429,99.55472292735696,4,9,0
2023-09-22,Thriller,113,33810.79,73,61,134,101,198.42857142857144,93.68361141426502,4,9,0
2023-09-22,Tools,33,8273.36,66,52,80,101,156.85714285714286,74.11124199793232,4,9,0
2023-09-22,Water,386,92081.22,433,395,379,314,203.42857142857144,123.519036512403,4,9,0
2023-09-23,Bathroom,118,29955.66,48,89,92,38,182.28571428571428,136.94002858394387,5,9,1
2023-09-23,Bedding,75,20820.54,80,118,124,68,167.0,142.1970463828272,5,9,1
2023-09-23,BlueStar AC,24,7706.71,48,17,27,30,143.0,146.65606022254883,5,9,1
2023-09-23,Children's,107,27892.21,103,108,84,58,121.57142857142856,138.6444579284926,5,9,1
2023-09-23,Chocolate,49,9026.42,83,84,101,57,123.0,138.11106641636837,5,9,1
2023-09-23,Coffee,128,38022.18,88,100,99,152,126.14285714285714,136.84227973769427,5,9,1
2023-09-23,Decorations,156,48609.93,173,216,191,176,89.0,42.292631351885234,5,9,1
2023-09-23,Dress,166,45723.33,68,94,111,115,91.85714285714286,39.6544599064972,5,9,1
2023-09-23,Fiction,232,50505.15,283,295,172,298,120.85714285714286,81.59131606453411,5,9,1
2023-09-23,Fridge,104,33280.97,91,64,77,45,127.0,76.66159403508286,5,9,1
2023-09-23,Furniture,153,34902.18,236,160,174,150,146.0,85.67379996241486,5,9,1
2023-09-23,Headphones,66,17573.75,96,53,116,116,147.85714285714286,84.20892385693298,5,9,1
2023-09-23,Jacket,94,25496.99,76,81,90,78,146.14285714285714,85.73880601654501,5,9,1
2023-09-23,Jeans,79,23116.89,130,124,141,93,140.0,85.03136676152631,5,9,1
2023-09-23,Juice,187,37204.73,123,168,181,150,147.85714285714286,79.63966468083646,5,9,1
2023-09-23,Kitchen,94,22452.12,158,129,89,87,130.0,54.25556807062775,5,9,1
2023-09-23,Laptop,84,22207.57,86,83,131,102,129.28571428571428,54.88386006138734,5,9,1
2023-09-23,Lighting,123,29163.4,85,63,95,63,107.71428571428572,29.97062053474902,5,9,1
2023-09-23,Literature,81,20907.66,108,40,131,99,109.42857142857144,29.52883981723982,5,9,1
2023-09-23,Mitsubishi 1.5 Ton 3 Star Split AC,83,26096.56,126,109,79,122,116.57142857142856,25.922044305035374,5,9,1
2023-09-23,Non-Fiction,268,66277.45,302,199,277,317,141.14285714285714,75.28706965437507,5,9,1
2023-09-23,Shirt,102,24636.89,115,107,109,136,140.0,75.6681350811987,5,9,1
2023-09-23,Shoes,201,49143.78,174,202,208,243,142.28571428571428,76.53912787089989,5,9,1
2023-09-23,Shorts,100,21696.02,90,123,79,110,142.85714285714286,76.06231780899172,5,9,1
2023-09-23,Smartphone,223,59803.0,252,293,302,271,166.71428571428572,80.92530359476362,5,9,1
2023-09-23,Snacks,89,20841.76,113,136,99,80,167.42857142857142,80.34064380884028,5,9,1
2023-09-23,Soft Drink,199,46746.82,84,228,126,145,161.42857142857142,85.36169543547587,5,9,1
2023-09-23,T-shirt,165,39316.83,127,109,147,200,136.42857142857142,58.8355253874639,5,9,1
2023-09-23,Tablet,198,50495.74,211,127,228,100,150.14285714285714,63.97246431454762,5,9,1
2023-09-23,Television,236,60543.920000000006,156,143,148,195,147.57142857142858,63.210909245310845,5,9,1
2023-09-23,Thriller,69,19012.75,113,61,105,65,150.85714285714286,60.247900575948734,5,9,1
2023-09-23,Tools,72,18021.73,33,93,124,73,119.57142857142856,55.659252428973744,5,9,1
2023-09-23,Water,399,104036.65,386,256,353,361,158.57142857142858,114.6601603912722,5,9,1
2023-09-24,Bathroom,102,31585.57,118,82,106,94,163.42857142857142,111.65550761584616,6,9,1
2023-09-24,Bedding,104,29530.01,75,69,92,79,156.0,116.1234974786178,6,9,1
2023-09-24,BlueStar AC,37,6724.1900000000005,24,41,25,28,129.28571428571428,122.68620444819626,6,9,1
2023-09-24,Children's,115,32058.64,107,114,69,79,122.28571428571428,122.3052387617606,6,9,1
2023-09-24,Chocolate,105,28123.04,49,87,85,80,113.14285714285714,125.4663680984245,6,9,1
2023-09-24,Coffee,89,20697.43,128,64,105,98,126.71428571428572,120.38786523249736,6,9,1
2023-09-24,Decorations,143,39829.28,156,201,127,144,93.85714285714286,46.60267721718712,6,9,1
2023-09-24,Dress,77,18993.64,166,89,108,114,100.71428571428572,53.7330261127913,6,9,1
2023-09-24,Fiction,275,71040.92,232,231,310,281,123.14285714285714,71.15342243215973,6,9,1
2023-09-24,Fridge,96,24963.3,104,129,98,86,134.57142857142858,57.73461452443912,6,9,1
2023-09-24,Furniture,169,43621.41,153,224,207,165,141.14285714285714,56.68165067999868,6,9,1
2023-09-24,Headphones,94,22970.78,66,73,92,99,143.57142857142858,52.268081856447104,6,9,1
2023-09-24,Jacket,125,32525.7,94,121,82,95,138.71428571428572,55.439800040866814,6,9,1
2023-09-24,Jeans,89,22782.36,79,99,145,94,127.71428571428572,58.96528437907015,6,9,1
2023-09-24,Juice,165,47822.16,187,186,210,161,130.71428571428572,61.708222806240485,6,9,1
2023-09-24,Kitchen,80,17212.9,94,82,96,95,111.0,43.23578764557393,6,9,1
2023-09-24,Laptop,70,16182.16,84,88,104,72,108.14285714285714,44.42007268277128,6,9,1
2023-09-24,Lighting,71,21347.81,123,93,43,83,103.85714285714286,40.658859516010494,6,9,1
2023-09-24,Literature,95,19238.96,81,85,59,121,106.0,38.67815921162514,6,9,1
2023-09-24,Mitsubishi 1.5 Ton 3 Star Split AC,116,36615.54,83,95,51,105,104.42857142857144,39.46245955697053,6,9,1
2023-09-24,Non-Fiction,256,57775.88,268,265,289,270,131.42857142857142,71.12162620670011,6,9,1
2023-09-24,Shirt,76,23846.22,102,128,134,83,119.28571428571428,67.20048185768167,6,9,1
2023-09-24,Shoes,224,55207.72,201,179,170,166,134.57142857142858,72.4542548620777,6,9,1
2023-09-24,Shorts,91,25527.08,100,90,98,99,136.85714285714286,70.82708655928222,6,9,1
2023-09-24,Smartphone,244,59677.77,223,285,287,287,151.14285714285714,77.35077799959572,6,9,1
2023-09-24,Snacks,95,21920.72,89,110,36,98,152.28571428571428,76.1921130776538,6,9,1
2023-09-24,Soft Drink,191,60881.98,199,153,209,255,168.85714285714286,71.05262972245363,6,9,1
2023-09-24,T-shirt,209,51327.17,165,179,222,169,154.14285714285714,56.215147933121614,6,9,1
2023-09-24,Tablet,249,64340.58,198,165,186,135,167.85714285714286,52.99191312967259,6,9,1
2023-09-24,Television,190,53308.59,236,155,214,214,172.85714285714286,58.05006049789647,6,9,1
2023-09-24,Thriller,58,16072.9,69,134,82,83,168.42857142857142,65.26831069479499,6,9,1
2023-09-24,Tools,67,21879.95,72,84,83,97,146.85714285714286,69.06863391204485,6,9,1
2023-09-24,Water,300,72663.43,399,320,350,346,191.14285714285717,111.89493371228266,6,9,1
2023-09-25,Bathroom,105,31157.99,102,124,109,125,177.28571428571428,116.66435371856883,0,9,0
2023-09-25,Bedding,69,15383.67,104,74,103,101,168.57142857142858,119.96646356775,0,9,0
2023-09-25,BlueStar AC,34,10076.38,37,31,32,29,145.57142857142858,128.51310846609746,0,9,0
2023-09-25,Children's,119,27525.1,115,125,100,81,128.28571428571428,122.31068948339968,0,9,0
2023-09-25,Chocolate,59,18028.72,105,87,117,139,133.42857142857142,120.13999770109416,0,9,0
2023-09-25,Coffee,59,13779.05,89,96,62,83,135.85714285714286,118.85625572013193,0,9,0
2023-09-25,Decorations,168,46767.14,143,228,194,160,99.28571428571428,32.15957237336836,0,9,0
2023-09-25,Dress,58,11174.67,77,99,83,81,95.71428571428572,33.17988489890494,0,9,0
2023-09-25,Fiction,224,58354.47,275,247,261,293,120.14285714285714,75.83189428252494,0,9,0
2023-09-25,Fridge,65,13124.6,96,103,104,99,128.57142857142858,67.91626497105761,0,9,0
2023-09-25,Furniture,170,46504.19,169,146,219,119,136.28571428571428,69.1730060204458,0,9,0
2023-09-25,Headphones,86,21470.82,94,93,123,104,134.71428571428572,70.12064433463678,0,9,0
2023-09-25,Jacket,86,20328.33,125,102,77,75,139.85714285714286,67.47945013465998,0,9,0
2023-09-25,Jeans,192,54994.61,89,54,140,106,132.14285714285714,70.096192410687,0,9,0
2023-09-25,Juice,202,46928.28,165,115,206,148,144.71428571428572,66.34936393996534,0,9,0
2023-09-25,Kitchen,78,21851.73,80,66,117,87,116.85714285714286,36.95686030778818,0,9,0
2023-09-25,Laptop,64,18846.69,70,79,39,122,113.14285714285714,40.53569855254376,0,9,0
2023-09-25,Lighting,92,22987.96,71,110,34,78,99.14285714285714,34.50327796711519,0,9,0
2023-09-25,Literature,88,24092.38,95,87,62,105,99.28571428571428,34.48049828387908,0,9,0
2023-09-25,Mitsubishi 1.5 Ton 3 Star Split AC,121,24838.7,116,87,47,103,98.0,33.51616525399584,0,9,0
2023-09-25,Non-Fiction,340,82917.82,256,291,199,240,121.85714285714286,67.87102614868911,0,9,0
2023-09-25,Shirt,58,10081.11,76,94,65,46,109.14285714285714,66.76932572029385,0,9,0
2023-09-25,Shoes,203,47311.82,224,219,141,204,129.71428571428572,77.59878496839553,0,9,0
2023-09-25,Shorts,56,10339.56,91,142,80,72,132.71428571428572,75.27663268618817,0,9,0
2023-09-25,Smartphone,300,61133.45,244,258,274,302,157.42857142857142,79.89546742015848,0,9,0
2023-09-25,Snacks,88,23880.73,95,74,45,66,157.42857142857142,79.89546742015848,0,9,0
2023-09-25,Soft Drink,127,31810.6,191,113,190,234,168.14285714285714,78.4292219593103,0,9,0
2023-09-25,T-shirt,138,34943.73,209,216,187,186,161.42857142857142,71.34623826303395,0,9,0
2023-09-25,Tablet,152,37475.23,249,154,162,170,186.14285714285717,66.62939434270821,0,9,0
2023-09-25,Television,171,34289.08,190,214,162,147,181.28571428571428,64.61866161234965,0,9,0
2023-09-25,Thriller,130,31897.73,58,102,79,70,176.57142857142858,72.96770322742542,0,9,0
2023-09-25,Tools,114,29335.13,67,51,67,81,151.28571428571428,76.29922298799193,0,9,0
2023-09-25,Water,271,53865.03,300,282,321,307,180.57142857142856,89.32498184132086,0,9,0
2023-09-26,Bathroom,77,20639.83,105,91,79,91,168.28571428571428,93.4696283750574,1,9,0
2023-09-26,Bedding,100,26519.29,69,90,84,98,148.28571428571428,98.16604009825043,1,9,0
2023-09-26,BlueStar AC,76,27091.21,34,53,39,47,117.57142857142856,94.98571321143808,1,9,0
2023-09-26,Children's,64,16245.09,119,88,84,93,107.42857142857144,89.600701527865,1,9,0
2023-09-26,Chocolate,117,26709.41,59,44,100,91,107.57142857142856,89.50951000286068,1,9,0
2023-09-26,Coffee,54,14059.4,59,114,67,65,106.42857142857144,90.16255161809448,1,9,0
2023-09-26,Decorations,204,51645.58,168,206,231,185,87.57142857142857,45.83978309596946,1,9,0
2023-09-26,Dress,72,17931.91,58,50,93,121,80.85714285714286,46.3012907358891,1,9,0
2023-09-26,Fiction,257,61304.18,224,209,168,317,103.0,70.45092854840995,1,9,0
2023-09-26,Fridge,71,20282.79,65,136,94,130,107.42857142857144,66.23910512392874,1,9,0
2023-09-26,Furniture,115,27579.31,170,170,160,177,114.71428571428572,70.39818720609648,1,9,0
2023-09-26,Headphones,113,32571.01,86,106,123,63,118.57142857142856,67.51754622036331,1,9,0
2023-09-26,Jacket,61,18132.36,86,123,99,58,122.42857142857144,64.23876592540444,1,9,0
2023-09-26,Jeans,75,21321.93,192,99,57,64,125.85714285714286,67.62748103009639,1,9,0
2023-09-26,Juice,167,40304.04,202,181,188,146,146.42857142857142,65.411153847176,1,9,0
2023-09-26,Kitchen,55,13881.37,78,137,113,56,125.57142857142856,59.57028661689404,1,9,0
2023-09-26,Laptop,83,16832.55,64,82,42,124,125.42857142857144,59.74070957857998,1,9,0
2023-09-26,Lighting,88,25184.61,92,113,145,98,114.28571428571428,57.26463214967804,1,9,0
2023-09-26,Literature,59,12222.46,88,56,91,67,114.57142857142856,57.10474919787518,1,9,0
2023-09-26,Mitsubishi 1.5 Ton 3 Star Split AC,90,22800.93,121,59,103,78,119.57142857142856,55.70115840464091,1,9,0
2023-09-26,Non-Fiction,233,60549.6,340,195,258,213,140.71428571428572,99.01971905587612,1,9,0
2023-09-26,Shirt,49,11088.06,58,145,83,88,120.14285714285714,99.12354004209112,1,9,0
2023-09-26,Shoes,196,49306.19,203,119,178,169,138.0,101.49712639610314,1,9,0
2023-09-26,Shorts,108,28901.02,56,88,75,82,136.85714285714286,102.50923303362838,1,9,0
2023-09-26,Smartphone,290,69391.86,300,332,308,168,166.57142857142858,116.5273317622048,1,9,0
2023-09-26,Snacks,122,25579.54,88,45,90,73,166.57142857142858,116.5273317622048,1,9,0
2023-09-26,Soft Drink,245,59844.87,127,200,160,204,167.42857142857142,116.15773348175723,1,9,0
2023-09-26,T-shirt,222,54672.76,138,170,221,175,138.57142857142858,87.76076789176501,1,9,0
2023-09-26,Tablet,166,39743.26,152,192,173,137,152.0,80.24753371080355,1,9,0
2023-09-26,Television,126,32789.75,171,247,211,187,147.42857142857142,77.7299966612135,1,9,0
2023-09-26,Thriller,80,20415.16,130,90,110,73,158.0,67.59437846448395,1,9,0
2023-09-26,Tools,110,24149.83,114,79,113,85,131.42857142857142,26.594843753735024,1,9,0
2023-09-26,Water,369,85520.37,271,312,472,332,157.57142857142858,53.313091396819296,1,9,0
2023-09-27,Bathroom,63,19188.83,77,49,77,109,150.42857142857142,60.901168962116536,2,9,0
2023-09-27,Bedding,47,16205.97,100,73,91,71,145.0,63.81744797989455,2,9,0
2023-09-27,BlueStar AC,51,13887.51,76,39,16,39,134.14285714285714,68.70572167204169,2,9,0
2023-09-27,Children's,76,14621.48,64,108,99,81,118.85714285714286,71.00335337486563,2,9,0
2023-09-27,Chocolate,37,11118.23,117,116,52,75,117.0,70.8331372546295,2,9,0
2023-09-27,Coffee,111,28189.22,54,67,107,90,108.42857142857144,74.77712917476097,2,9,0
2023-09-27,Decorations,160,40982.1,204,148,212,201,98.85714285714286,51.011203251273024,2,9,0
2023-09-27,Dress,109,27710.04,72,92,99,124,98.14285714285714,51.40177873520221,2,9,0
2023-09-27,Fiction,340,90037.85,257,266,203,217,120.57142857142856,79.12407375520361,2,9,0
2023-09-27,Fridge,87,27606.73,71,113,91,113,119.85714285714286,79.61454760579905,2,9,0
2023-09-27,Furniture,187,48194.11,115,265,161,198,127.14285714285714,75.89780095942207,2,9,0
2023-09-27,Headphones,62,19355.17,113,98,102,88,126.57142857142856,76.00187967600257,2,9,0
2023-09-27,Jacket,49,12084.6,61,123,132,54,127.57142857142856,74.92631300786287,2,9,0
2023-09-27,Jeans,87,22086.4,75,115,57,99,109.14285714285714,68.59161409246295,2,9,0
2023-09-27,Juice,128,37132.79,167,173,186,153,122.71428571428572,69.41112851628776,2,9,0
2023-09-27,Kitchen,87,20773.71,55,73,89,97,93.85714285714286,40.06423413897585,2,9,0
2023-09-27,Laptop,78,19872.67,83,70,81,80,95.57142857142856,39.16995933474449,2,9,0
2023-09-27,Lighting,89,19682.85,88,69,70,91,91.71428571428572,38.256652082628015,2,9,0
2023-09-27,Literature,98,25077.99,59,90,85,142,84.0,38.69108424430374,2,9,0
2023-09-27,Mitsubishi 1.5 Ton 3 Star Split AC,95,27988.46,90,109,87,100,88.14285714285714,37.34714880428408,2,9,0
2023-09-27,Non-Fiction,218,53993.99,233,196,209,260,110.71428571428572,65.33685607606631,2,9,0
2023-09-27,Shirt,53,12570.48,49,75,87,112,93.85714285714286,63.59357559646004,2,9,0
2023-09-27,Shoes,198,60449.02,196,229,248,215,114.0,71.11961754677709,2,9,0
2023-09-27,Shorts,57,8589.08,108,68,110,95,117.57142857142856,69.9210439063393,2,9,0
2023-09-27,Smartphone,209,53065.93,290,264,293,239,146.42857142857142,93.41815873240203,2,9,0
2023-09-27,Snacks,67,16015.45,122,49,110,70,155.42857142857142,86.35943712734745,2,9,0
2023-09-27,Soft Drink,122,26492.2,245,130,224,128,177.57142857142858,86.65805818052335,2,9,0
2023-09-27,T-shirt,160,40775.09,222,177,184,214,176.0,85.57842407211405,2,9,0
2023-09-27,Tablet,156,39769.41,166,155,155,177,192.7142857142857,65.77414458005545,2,9,0
2023-09-27,Television,163,36210.37,126,129,157,238,182.7142857142857,70.35319060690395,2,9,0
2023-09-27,Thriller,74,19508.82,80,81,76,81,178.71428571428572,75.88744798650622,2,9,0
2023-09-27,Tools,95,25045.78,110,60,59,69,153.0,60.91250555783456,2,9,0
2023-09-27,Water,391,100491.81,369,314,330,387,188.28571428571428,99.3658463888441,2,9,0
2023-09-28,Bathroom,67,16348.38,63,74,118,86,162.28571428571428,105.66411293293795,3,9,0
2023-09-28,Bedding,77,18939.76,47,65,63,105,137.28571428571428,109.80241995771908,3,9,0
2023-09-28,BlueStar AC,26,7238.719999999999,51,48,11,8,120.85714285714286,113.33641452394156,3,9,0
2023-09-28,Children's,81,16094.13,76,69,97,84,113.71428571428572,114.52760116483395,3,9,0
2023-09-28,Chocolate,92,22409.17,37,80,58,89,107.57142857142856,117.745286024334,3,9,0
2023-09-28,Coffee,29,8272.36,111,86,73,92,107.71428571428572,117.74933019726524,3,9,0
2023-09-28,Decorations,172,42400.82,160,163,133,185,77.85714285714286,43.61356276598668,3,9,0
2023-09-28,Dress,96,26070.09,109,117,111,84,84.42857142857143,44.45918406380012,3,9,0
2023-09-28,Fiction,400,110293.58,340,278,255,179,126.28571428571428,102.88458628598336,3,9,0
2023-09-28,Fridge,75,17266.97,87,90,126,101,131.42857142857142,99.33253435281036,3,9,0
2023-09-28,Furniture,181,45592.16,187,172,176,144,147.28571428571428,97.8582551205466,3,9,0
2023-09-28,Headphones,63,12337.6,62,87,109,106,150.85714285714286,93.52259721840537,3,9,0
2023-09-28,Jacket,93,28701.11,49,91,79,75,142.0,100.59489715354958,3,9,0
2023-09-28,Jeans,160,45097.58,87,64,95,89,131.57142857142858,102.189133706177,3,9,0
2023-09-28,Juice,151,50433.65,128,123,144,215,134.28571428571428,101.74103447104304,3,9,0
2023-09-28,Kitchen,78,17962.28,87,85,81,124,98.14285714285714,46.33367591514143,3,9,0
2023-09-28,Laptop,110,23855.22,78,82,78,61,96.85714285714286,46.81676541378479,3,9,0
2023-09-28,Lighting,109,25674.21,89,120,104,64,82.85714285714286,24.882581400302357,3,9,0
2023-09-28,Literature,74,23104.83,98,85,155,67,88.0,23.537204591875845,3,9,0
2023-09-28,Mitsubishi 1.5 Ton 3 Star Split AC,134,30227.19,95,104,64,120,94.57142857142856,16.07126984048066,3,9,0
2023-09-28,Non-Fiction,231,55498.65,218,271,297,286,113.28571428571428,48.77743428305702,3,9,0
2023-09-28,Shirt,89,23896.96,53,119,95,74,102.57142857142856,53.0561248203468,3,9,0
2023-09-28,Shoes,204,56131.78,198,220,173,178,118.42857142857144,63.23727050523479,3,9,0
2023-09-28,Shorts,83,20149.19,57,48,100,79,115.42857142857144,65.91625278299908,3,9,0
2023-09-28,Smartphone,239,53927.81,209,357,274,267,132.57142857142858,73.10918123568513,3,9,0
2023-09-28,Snacks,107,30064.85,67,107,58,120,128.14285714285714,76.41646544087249,3,9,0
2023-09-28,Soft Drink,164,40535.42,122,196,161,143,132.0,75.13543327440925,3,9,0
2023-09-28,T-shirt,179,46689.75,160,187,202,152,123.71428571428572,66.8074703550281,3,9,0
2023-09-28,Tablet,159,41248.72,156,216,233,175,138.42857142857142,59.589868106518416,3,9,0
2023-09-28,Television,212,51348.89,163,253,224,199,133.42857142857142,55.05408596055569,3,9,0
2023-09-28,Thriller,93,18990.25,74,73,87,100,135.85714285714286,51.37258857739928,3,9,0
2023-09-28,Tools,96,28595.66,95,66,89,130,119.57142857142856,41.42807881480352,3,9,0
2023-09-28,Water,406,115672.92,391,433,359,389,165.85714285714286,105.04828821614738,3,9,0
2023-09-29,Bathroom,99,30861.82,67,48,129,101,158.0,110.77605035987352,4,9,0
2023-09-29,Bedding,128,31977.82,77,80,65,87,146.14285714285714,114.89187463499212,4,9,0
2023-09-29,BlueStar AC,30,7541.84,26,48,11,43,127.57142857142856,123.2367060347102,4,9,0
2023-09-29,Children's,65,15192.66,81,103,98,47,115.85714285714286,123.20501690465386,4,9,0
2023-09-29,Chocolate,74,20755.79,92,83,53,74,118.42857142857144,122.3708259660729,4,9,0
2023-09-29,Coffee,112,23501.77,29,88,87,87,109.0,126.93436624229538,4,9,0
2023-09-29,Decorations,220,68693.49,172,173,199,180,77.71428571428571,48.76376484547279,4,9,0
2023-09-29,Dress,44,12533.48,96,68,115,116,81.85714285714286,48.933385234173215,4,9,0
2023-09-29,Fiction,235,68809.51,400,283,234,253,128.0,129.5209120824376,4,9,0
2023-09-29,Fridge,89,26628.12,75,91,137,154,135.0,124.30875539022398,4,9,0
2023-09-29,Furniture,201,56960.18,181,236,202,135,149.28571428571428,122.80569243824972,4,9,0
2023-09-29,Headphones,100,24023.58,63,96,90,109,145.14285714285714,125.51949194106366,4,9,0
2023-09-29,Jacket,46,10961.88,93,76,73,59,154.28571428571428,117.73942172684274,4,9,0
2023-09-29,Jeans,85,17842.1,160,130,86,96,152.57142857142858,117.52568108411714,4,9,0
2023-09-29,Juice,292,83384.44,151,123,151,171,160.42857142857142,114.92295555843322,4,9,0
2023-09-29,Kitchen,146,39876.01,78,158,95,109,114.42857142857144,48.013390989239255,4,9,0
2023-09-29,Laptop,89,25896.14,110,86,108,147,119.42857142857144,44.94758852581045,4,9,0
2023-09-29,Lighting,77,15760.61,109,85,100,83,109.14285714285714,35.82098347536954,4,9,0
2023-09-29,Literature,162,30107.41,74,108,177,60,110.71428571428572,33.633883142419606,4,9,0
2023-09-29,Mitsubishi 1.5 Ton 3 Star Split AC,47,6734.75,134,126,117,101,116.57142857142856,33.604846589228224,4,9,0
2023-09-29,Non-Fiction,268,65782.4,231,302,297,308,126.71428571428572,53.63989275938159,4,9,0
2023-09-29,Shirt,101,23969.18,89,115,89,104,117.85714285714286,54.078426294374005,4,9,0
2023-09-29,Shoes,202,48084.06,204,174,240,185,135.85714285714286,59.31674460450492,4,9,0
2023-09-29,Shorts,58,16668.510000000002,83,90,88,119,132.0,62.09133058111415,4,9,0
2023-09-29,Smartphone,188,58200.63,239,252,286,301,150.57142857142858,72.61509747257986,4,9,0
2023-09-29,Snacks,120,31811.34,107,113,95,86,155.28571428571428,67.72176972907599,4,9,0
2023-09-29,Soft Drink,150,37091.52,164,84,211,193,159.57142857142858,67.0965899353483,4,9,0
2023-09-29,T-shirt,212,50172.69,179,127,190,211,152.14285714285714,60.41641215053035,4,9,0
2023-09-29,Tablet,186,45086.41,159,211,113,210,162.14285714285714,53.635897716076606,4,9,0
2023-09-29,Television,216,53424.33,212,156,185,129,163.28571428571428,54.75008153940355,4,9,0
2023-09-29,Thriller,102,29925.97,93,113,61,89,164.71428571428572,52.385475995145896,4,9,0
2023-09-29,Tools,78,18211.81,96,33,52,52,144.28571428571428,46.09307354225051,4,9,0
2023-09-29,Water,340,83009.49,406,386,395,233,187.0,105.73551910309014,4,9,0
2023-09-30,Bathroom,64,19262.52,99,118,89,75,177.71428571428572,110.8237554042665,5,9,1
2023-09-30,Bedding,78,18678.31,128,75,118,104,170.42857142857142,112.39047578695876,5,9,1
2023-09-30,BlueStar AC,6,2208.63,30,24,17,54,152.0,124.50033467157115,5,9,1
2023-09-30,Children's,91,27751.2,65,107,108,80,131.0,125.08930143434807,5,9,1
2023-09-30,Chocolate,121,35839.59,74,49,84,90,128.28571428571428,126.25201554260944,5,9,1
2023-09-30,Coffee,40,12115.85,112,128,100,70,130.57142857142858,125.71377164397003,5,9,1
2023-09-30,Decorations,184,48963.91,220,156,216,175,104.0,60.57777370180005,5,9,1
2023-09-30,Dress,149,34376.92,44,166,94,68,96.14285714285714,64.75705514054829,5,9,1
2023-09-30,Fiction,219,59466.46,235,232,295,228,111.42857142857144,83.45828727146008,5,9,1
2023-09-30,Fridge,123,35807.67,89,104,64,93,119.85714285714286,76.55810118558786,5,9,1
2023-09-30,Furniture,207,48314.34,201,153,160,235,139.28571428571428,77.56656127850006,5,9,1
2023-09-30,Headphones,83,19804.83,100,66,53,111,143.0,74.48042248358433,5,9,1
2023-09-30,Jacket,125,25087.44,46,94,81,86,133.57142857142858,82.77450723271578,5,9,1
2023-09-30,Jeans,79,20985.44,85,79,124,87,114.28571428571428,74.60499153478007,5,9,1
2023-09-30,Juice,114,26732.14,292,187,168,164,149.71428571428572,92.42242564391312,5,9,1
2023-09-30,Kitchen,75,23008.87,146,94,129,81,137.0,84.51824260674856,5,9,1
2023-09-30,Laptop,119,40214.56,89,84,83,91,137.0,84.51824260674856,5,9,1
2023-09-30,Lighting,103,24568.11,77,123,63,93,119.28571428571428,81.82036072134662,5,9,1
2023-09-30,Literature,53,11796.98,162,81,40,71,128.14285714285714,82.73537850969632,5,9,1
2023-09-30,Mitsubishi 1.5 Ton 3 Star Split AC,88,20743.96,47,83,109,95,128.28571428571428,82.57060470836231,5,9,1
2023-09-30,Non-Fiction,265,76846.15,268,268,199,242,154.42857142857142,94.66582829943944,5,9,1
2023-09-30,Shirt,89,21952.8,101,102,107,61,127.14285714285714,73.58312435929894,5,9,1
2023-09-30,Shoes,171,39814.49,202,201,202,177,135.14285714285714,78.83194904653864,5,9,1
2023-09-30,Shorts,66,21572.66,58,100,123,79,130.71428571428572,82.63517065131103,5,9,1
2023-09-30,Smartphone,222,56936.63,188,223,293,341,146.57142857142858,81.24829668544199,5,9,1
2023-09-30,Snacks,97,29674.47,120,89,136,82,140.57142857142858,81.46953856678947,5,9,1
2023-09-30,Soft Drink,174,45786.06,150,199,228,158,155.28571428571428,70.28682732374536,5,9,1
2023-09-30,T-shirt,195,48081.82,212,165,109,182,147.28571428571428,57.30827248520048,5,9,1
2023-09-30,Tablet,217,53138.51,186,198,127,141,159.42857142857142,54.81744595429715,5,9,1
2023-09-30,Television,182,48636.95,216,236,143,147,161.42857142857142,56.84733105097335,5,9,1
2023-09-30,Thriller,80,26358.23,102,69,61,96,167.71428571428572,44.62329095033237,5,9,1
2023-09-30,Tools,73,16552.26,78,72,93,105,152.0,54.55272678794248,5,9,1
2023-09-30,Water,285,74414.91,340,399,256,389,183.42857142857144,86.85400996856156,5,9,1
2023-10-01,Bathroom,73,17010.64,64,102,82,30,171.14285714285714,97.76745977305596,6,10,1
2023-10-01,Bedding,96,22871.04,78,104,69,92,152.0,101.48234657646896,6,10,1
2023-10-01,BlueStar AC,33,8987.720000000001,6,37,41,43,126.28571428571428,113.52197186112454,6,10,1
2023-10-01,Children's,142,37692.76,91,115,114,72,108.42857142857144,106.68310885180252,6,10,1
2023-10-01,Chocolate,112,33317.11,121,105,87,131,111.14285714285714,106.7339817356342,6,10,1
2023-10-01,Coffee,81,22402.51,40,89,64,71,105.71428571428572,109.62772502992992,6,10,1
2023-10-01,Decorations,191,44144.02,184,143,201,182,83.42857142857143,57.54956455918826,6,10,1
2023-10-01,Dress,97,25935.07,149,77,89,59,95.57142857142856,61.592361925963374,6,10,1
2023-10-01,Fiction,365,90762.17,219,275,231,329,115.71428571428572,76.20961069251442,6,10,1
2023-10-01,Fridge,150,40680.99,123,96,129,126,132.42857142857142,59.03066192767042,6,10,1
2023-10-01,Furniture,114,33716.23,207,169,224,227,149.0,61.6846820531637,6,10,1
2023-10-01,Headphones,87,19765.56,83,94,73,81,143.57142857142858,66.07535380875586,6,10,1
2023-10-01,Jacket,140,45821.18,125,125,121,106,155.71428571428572,49.63437748749685,6,10,1
2023-10-01,Jeans,86,24860.5,79,89,99,58,140.71428571428572,55.21386989309217,6,10,1
2023-10-01,Juice,154,30783.41,114,165,186,169,135.71428571428572,55.91873355061465,6,10,1
2023-10-01,Kitchen,89,23496.16,75,80,82,95,115.14285714285714,45.7326599978181,6,10,1
2023-10-01,Laptop,102,26165.26,119,70,88,40,114.57142857142856,45.64302481525031,6,10,1
2023-10-01,Lighting,115,25912.97,103,71,93,86,99.71428571428572,20.59704093402528,6,10,1
2023-10-01,Literature,78,25225.92,53,95,85,100,95.42857142857144,26.83192838675953,6,10,1
2023-10-01,Mitsubishi 1.5 Ton 3 Star Split AC,99,25621.69,88,116,95,76,90.14285714285714,23.46933155863896,6,10,1
2023-10-01,Non-Fiction,229,58481.1,265,256,265,242,116.71428571428572,69.29818248149037,6,10,1
2023-10-01,Shirt,97,30922.16,89,76,128,81,113.14285714285714,70.10094761943448,6,10,1
2023-10-01,Shoes,117,33300.18,171,224,179,201,126.85714285714286,70.7823626134556,6,10,1
2023-10-01,Shorts,101,21945.12,66,91,90,83,119.28571428571428,74.49992010222523,6,10,1
2023-10-01,Smartphone,311,77235.0,222,244,285,271,136.28571428571428,83.23003121012252,6,10,1
2023-10-01,Snacks,61,12607.97,97,95,110,77,142.57142857142858,77.34523717906357,6,10,1
2023-10-01,Soft Drink,146,37200.69,174,191,153,166,154.85714285714286,73.98970327333454,6,10,1
2023-10-01,T-shirt,186,49100.4,195,209,179,96,144.85714285714286,60.03728999943349,6,10,1
2023-10-01,Tablet,171,52968.05,217,249,165,198,163.14285714285714,59.68089747825042,6,10,1
2023-10-01,Television,165,40910.98,182,190,155,192,164.71428571428572,60.06583689506606,6,10,1
2023-10-01,Thriller,159,39663.79,80,58,134,55,166.71428571428572,56.34925106190867,6,10,1
2023-10-01,Tools,69,22079.69,73,67,84,95,145.42857142857142,60.00793598310368,6,10,1
2023-10-01,Water,328,76396.73,285,300,320,300,172.28571428571428,74.93489237490118,6,10,1
2023-10-02,Bathroom,107,27253.24,73,105,124,145,157.85714285714286,83.75445972489723,0,10,0
2023-10-02,Bedding,77,19138.45,96,69,74,79,143.71428571428572,84.78937489590298,0,10,0
2023-10-02,BlueStar AC,32,6135.77,33,34,31,42,117.42857142857144,86.78106003588705,0,10,0
2023-10-02,Children's,69,15209.35,142,119,125,79,111.71428571428572,83.05763919454533,0,10,0
2023-10-02,Chocolate,62,16093.84,112,59,87,85,116.28571428571428,81.89365926963625,0,10,0
2023-10-02,Coffee,90,25191.91,81,59,96,134,117.42857142857144,81.2421424771994,0,10,0
2023-10-02,Decorations,213,55637.4,191,168,228,227,104.0,51.10772935672092,0,10,0
2023-10-02,Dress,50,11102.0,97,58,99,105,107.42857142857144,49.45994050022252,0,10,0
2023-10-02,Fiction,266,59700.85,365,224,247,277,145.85714285714286,108.438044632912,0,10,0
2023-10-02,Fridge,85,23542.18,150,65,103,96,162.57142857142858,96.50363921092458,0,10,0
2023-10-02,Furniture,151,37091.14,114,170,146,173,158.57142857142858,98.0660613104875,0,10,0
2023-10-02,Headphones,100,25734.43,87,86,93,87,155.0,100.47055953528496,0,10,0
2023-10-02,Jacket,92,27279.35,140,86,102,100,163.42857142857142,95.58391974744303,0,10,0
2023-10-02,Jeans,166,46493.02,86,192,54,67,148.42857142857142,98.72327848225872,0,10,0
2023-10-02,Juice,195,43858.3,154,202,115,152,156.57142857142858,96.08998758604156,0,10,0
2023-10-02,Kitchen,151,37701.88,89,78,66,132,117.14285714285714,30.661749088118103,0,10,0
2023-10-02,Laptop,68,16071.0,102,64,79,123,110.28571428571428,27.268506166845167,0,10,0
2023-10-02,Lighting,142,31951.92,115,92,110,96,110.42857142857144,27.29381580051103,0,10,0
2023-10-02,Literature,75,17475.07,78,88,87,76,109.14285714285714,28.754295745320672,0,10,0
2023-10-02,Mitsubishi 1.5 Ton 3 Star Split AC,57,17445.86,99,121,87,123,103.28571428571428,25.401537261314115,0,10,0
2023-10-02,Non-Fiction,310,87394.08,229,340,291,311,123.71428571428572,52.36956586197076,0,10,0
2023-10-02,Shirt,113,30768.12,97,58,94,138,115.57142857142856,51.29605944208158,0,10,0
2023-10-02,Shoes,163,44255.73,117,203,219,205,119.57142857142856,49.95283489738668,0,10,0
2023-10-02,Shorts,141,31619.16,101,56,142,103,119.42857142857144,50.01285549021944,0,10,0
2023-10-02,Smartphone,202,46853.07,311,300,258,237,147.42857142857142,87.7493725387953,0,10,0
2023-10-02,Snacks,98,32544.33,61,88,74,122,145.0,90.19238696623216,0,10,0
2023-10-02,Soft Drink,151,35141.49,146,127,113,188,151.71428571428572,87.91798125850785,0,10,0
2023-10-02,T-shirt,178,34674.53,186,138,216,184,145.57142857142858,82.98163881818844,0,10,0
2023-10-02,Tablet,183,47389.32,171,152,154,232,156.14285714285714,80.43719821788157,0,10,0
2023-10-02,Television,187,37445.15,165,171,214,186,163.0,78.56844150166098,0,10,0
2023-10-02,Thriller,110,23303.1,159,130,102,164,171.28571428571428,73.85732706986288,0,10,0
2023-10-02,Tools,93,26116.67,69,114,51,66,136.71428571428572,50.50648237508377,0,10,0
2023-10-02,Water,309,78163.67,328,271,282,372,174.85714285714286,77.43691749079461,0,10,0
2023-10-03,Bathroom,80,22025.43,107,77,91,110,169.28571428571428,81.1720688531757,1,10,0
2023-10-03,Bedding,62,16625.86,77,100,90,69,153.71428571428572,87.62936015916512,1,10,0
2023-10-03,BlueStar AC,79,17886.57,32,76,53,45,133.85714285714286,98.17404370373434,1,10,0
2023-10-03,Children's,73,18398.93,69,64,88,66,120.14285714285714,99.79049482361894,1,10,0
2023-10-03,Chocolate,101,31165.83,62,117,44,138,106.28571428571428,100.22926100647756,1,10,0
2023-10-03,Coffee,109,29629.65,90,54,114,121,109.28571428571428,99.23660998797072,1,10,0
2023-10-03,Decorations,195,53569.1,213,204,206,162,92.85714285714286,57.90632829961402,1,10,0
2023-10-03,Dress,134,36842.25,50,72,50,61,84.71428571428571,59.56988692763516,1,10,0
2023-10-03,Fiction,241,71722.0,266,257,209,256,111.71428571428572,90.3635514384604,1,10,0
2023-10-03,Fridge,105,22329.74,85,71,136,105,119.28571428571428,84.60834136520636,1,10,0
2023-10-03,Furniture,163,45553.0,151,115,170,130,131.0,82.12591957881838,1,10,0
2023-10-03,Headphones,53,11286.14,100,113,106,53,136.42857142857142,77.95480986412748,1,10,0
2023-10-03,Jacket,79,20060.94,92,61,123,79,136.71428571428572,77.75970311524675,1,10,0
2023-10-03,Jeans,89,20524.62,166,75,99,94,130.0,71.88184749990694,1,10,0
2023-10-03,Juice,154,35266.99,195,167,181,180,150.71428571428572,65.60415201726695,1,10,0
2023-10-03,Kitchen,77,21171.25,151,55,137,116,134.28571428571428,42.11774877536365,1,10,0
2023-10-03,Laptop,125,28275.44,68,83,82,49,131.85714285714286,45.76544756119044,1,10,0
2023-10-03,Lighting,65,13493.49,142,88,113,84,130.57142857142858,45.26167305368778,1,10,0
2023-10-03,Literature,59,12288.61,75,59,56,52,127.0,48.91489207456702,1,10,0
2023-10-03,Mitsubishi 1.5 Ton 3 Star Split AC,68,15154.06,57,90,59,63,122.0,54.55272678794219,1,10,0
2023-10-03,Non-Fiction,267,62686.1,310,233,195,194,142.57142857142858,89.72338443396801,1,10,0
2023-10-03,Shirt,135,34646.46,113,49,145,102,130.85714285714286,87.05061472390302,1,10,0
2023-10-03,Shoes,172,43836.27,163,196,119,197,132.57142857142858,87.6296318658949,1,10,0
2023-10-03,Shorts,104,22819.1,141,108,88,107,143.0,82.87943049997327,1,10,0
2023-10-03,Smartphone,238,63701.9,202,290,332,234,151.57142857142858,85.80958987365938,1,10,0
2023-10-03,Snacks,45,13641.35,98,122,45,87,154.85714285714286,82.77565779750373,1,10,0
2023-10-03,Soft Drink,183,40043.78,151,245,200,188,168.28571428571428,71.04860844453395,1,10,0
2023-10-03,T-shirt,146,33811.08,178,222,170,182,149.42857142857142,36.07795791919152,1,10,0
2023-10-03,Tablet,255,57975.9,183,166,192,188,159.42857142857142,33.93551307434398,1,10,0
2023-10-03,Television,213,53130.24,187,126,247,185,162.85714285714286,35.5313409608492,1,10,0
2023-10-03,Thriller,83,25268.22,110,80,90,61,158.42857142857142,40.31896635107316,1,10,0
2023-10-03,Tools,119,30231.98,93,110,79,46,142.85714285714286,41.71102400816144,1,10,0
2023-10-03,Water,321,81857.7,309,369,312,322,173.0,70.32069396699627,1,10,0
2023-10-04,Bathroom,81,19163.84,80,63,49,123,162.85714285714286,78.64991750669198,2,10,0
2023-10-04,Bedding,102,25878.28,62,47,73,65,146.28571428571428,86.73275868189211,2,10,0
2023-10-04,BlueStar AC,34,7567.820000000001,79,51,39,19,131.42857142857142,88.28902752297286,2,10,0
2023-10-04,Children's,82,23444.72,73,76,108,57,115.14285714285714,86.83207658353781,2,10,0
2023-10-04,Chocolate,55,17189.86,101,37,116,98,113.85714285714286,86.98741014543066,2,10,0
2023-10-04,Coffee,80,23646.79,109,111,67,79,116.14285714285714,86.55716525593193,2,10,0
2023-10-04,Decorations,222,51980.55,195,160,148,170,99.85714285714286,44.945999345244125,2,10,0
2023-10-04,Dress,114,27640.34,134,109,92,63,107.57142857142856,45.59918545638238,2,10,0
2023-10-04,Fiction,319,84136.68000000001,241,340,266,210,133.14285714285714,62.74931227094103,2,10,0
2023-10-04,Fridge,98,22640.31,105,87,113,134,136.85714285714286,59.70602585844589,2,10,0
2023-10-04,Furniture,150,39234.58,163,187,265,235,149.71428571428572,52.97393788683263,2,10,0
2023-10-04,Headphones,130,39848.83,53,62,98,63,142.85714285714286,62.568438719608615,2,10,0
2023-10-04,Jacket,102,31236.73,79,49,123,96,138.57142857142858,66.1963169742265,2,10,0
2023-10-04,Jeans,112,21403.94,89,87,115,84,123.42857142857144,63.19244982025605,2,10,0
2023-10-04,Juice,139,40479.17,154,128,173,133,126.28571428571428,64.19427359122176,2,10,0
2023-10-04,Kitchen,98,31565.06,77,87,73,117,102.85714285714286,41.13566405374648,2,10,0
2023-10-04,Laptop,120,24267.93,125,78,70,92,105.71428571428572,41.99489764925336,2,10,0
2023-10-04,Lighting,113,29035.91,65,89,69,115,91.71428571428572,35.55612598748506,2,10,0
2023-10-04,Literature,85,21149.58,59,98,90,77,92.57142857142856,34.524663372033004,2,10,0
2023-10-04,Mitsubishi 1.5 Ton 3 Star Split AC,59,9429.57,68,95,109,161,91.0,35.48238999841772,2,10,0
2023-10-04,Non-Fiction,243,58187.03,267,218,196,289,116.42857142857144,75.2769489792121,2,10,0
2023-10-04,Shirt,85,19465.56,135,53,75,103,113.71428571428572,74.02863024018441,2,10,0
2023-10-04,Shoes,181,45079.71,172,198,229,104,127.28571428571428,74.87926790443822,2,10,0
2023-10-04,Shorts,84,24616.97,104,57,68,47,124.28571428571428,75.4049385776862,2,10,0
2023-10-04,Smartphone,188,46462.32,238,209,264,338,149.0,80.8867521085287,2,10,0
2023-10-04,Snacks,107,21124.07,45,67,49,71,147.0,83.61020671345435,2,10,0
2023-10-04,Soft Drink,125,35023.83,183,122,130,165,163.42857142857142,76.49587601707019,2,10,0
2023-10-04,T-shirt,183,47222.93,146,160,177,173,146.14285714285714,61.36619202630568,2,10,0
2023-10-04,Tablet,191,47644.81,255,156,155,183,163.28571428571428,73.32965358733136,2,10,0
2023-10-04,Television,184,45025.6,213,163,129,175,169.14285714285714,75.73952858630773,2,10,0
2023-10-04,Thriller,92,20663.78,83,74,81,104,166.14285714285714,79.09156839054413,2,10,0
2023-10-04,Tools,67,14579.69,119,95,60,66,149.14285714285714,73.67593132864192,2,10,0
2023-10-04,Water,359,98241.86,321,391,314,338,188.57142857142856,82.0322236336775,2,10,0
2023-10-05,Bathroom,51,11348.75,81,67,74,109,174.0,91.67878707749108,3,10,0
2023-10-05,Bedding,125,33810.61,102,77,65,134,167.71428571428572,95.35322802736164,3,10,0
2023-10-05,BlueStar AC,27,6477.289999999999,34,26,48,30,136.14285714285714,98.18083413006872,3,10,0
2023-10-05,Children's,84,19896.49,82,81,69,101,117.42857142857144,93.46096715181278,3,10,0
2023-10-05,Chocolate,94,25142.53,55,92,80,58,113.42857142857144,95.75116560275156,3,10,0
2023-10-05,Coffee,129,37602.92,80,29,86,161,107.85714285714286,96.50462609192726,3,10,0
2023-10-05,Decorations,114,23747.88,222,172,163,177,93.71428571428572,60.65947105416628,3,10,0
2023-10-05,Dress,64,14721.7,114,96,117,61,98.42857142857144,60.788861761720206,3,10,0
2023-10-05,Fiction,276,70715.23,319,400,278,318,129.42857142857142,103.3470804987684,3,10,0
2023-10-05,Fridge,105,33427.64,98,75,90,163,138.57142857142858,96.07264116777606,3,10,0
2023-10-05,Furniture,141,33090.91,150,181,172,112,148.28571428571428,92.78059115589848,3,10,0
2023-10-05,Headphones,82,18053.87,130,63,87,91,159.0,84.14075508733315,3,10,0
2023-10-05,Jacket,69,23100.29,102,93,91,77,162.14285714285714,81.05230527552013,3,10,0
2023-10-05,Jeans,74,18783.61,112,160,64,58,146.42857142857142,78.12352855757096,3,10,0
2023-10-05,Juice,225,65802.15000000001,139,151,123,177,150.0,76.95669778085096,3,10,0
2023-10-05,Kitchen,78,19676.87,98,78,85,109,118.42857142857144,21.212081014182143,3,10,0
2023-10-05,Laptop,61,15863.45,120,110,82,63,121.57142857142856,19.21680811908068,3,10,0
2023-10-05,Lighting,112,22810.66,113,109,120,71,116.28571428571428,14.63687450372986,3,10,0
2023-10-05,Literature,37,9348.43,85,74,85,87,109.85714285714286,17.25715862502733,3,10,0
2023-10-05,Mitsubishi 1.5 Ton 3 Star Split AC,109,26362.3,59,134,104,103,103.71428571428572,25.972512942941236,3,10,0
2023-10-05,Non-Fiction,307,85836.16,243,231,271,216,122.42857142857144,59.05888909344835,3,10,0
2023-10-05,Shirt,74,13337.1,85,89,119,101,114.71428571428572,60.05196162689387,3,10,0
2023-10-05,Shoes,167,42719.07,181,204,220,252,126.57142857142856,64.24914303671481,3,10,0
2023-10-05,Shorts,130,36177.5,84,83,48,143,121.42857142857144,66.27180683331511,3,10,0
2023-10-05,Smartphone,171,42440.22,188,239,357,387,132.14285714285714,70.60318352460737,3,10,0
2023-10-05,Snacks,82,20664.26,107,107,107,105,135.28571428571428,68.61660218371328,3,10,0
2023-10-05,Soft Drink,145,46891.57,125,164,196,160,144.71428571428572,60.43374963741686,3,10,0
2023-10-05,T-shirt,234,73722.7,183,179,187,257,136.14285714285714,46.91278635733969,3,10,0
2023-10-05,Tablet,202,53352.95,191,159,216,245,151.28571428571428,44.7091127389558,3,10,0
2023-10-05,Television,168,38790.09,184,212,253,148,151.71428571428572,45.05446439482618,3,10,0
2023-10-05,Thriller,80,22747.15,92,93,73,80,152.85714285714286,43.110047442285314,3,10,0
2023-10-05,Tools,90,31227.77,67,96,66,75,135.57142857142858,50.3251333591767,3,10,0
2023-10-05,Water,376,109826.2,359,406,433,327,171.57142857142858,95.94070589493792,3,10,0
2023-10-06,Bathroom,60,14044.49,51,99,48,134,161.0,105.52566828343984,4,10,0
2023-10-06,Bedding,155,29052.84,125,128,80,92,152.71428571428572,105.78707275421068,4,10,0
2023-10-06,BlueStar AC,39,10488.48,27,30,48,22,129.28571428571428,113.75516733422688,4,10,0
2023-10-06,Children's,85,19965.15,84,65,103,57,115.0,112.00446419674458,4,10,0
2023-10-06,Chocolate,52,11773.24,94,74,83,63,115.28571428571428,111.93854606541008,4,10,0
2023-10-06,Coffee,87,22552.92,129,112,88,117,124.14285714285714,109.91576861613645,4,10,0
2023-10-06,Decorations,152,41465.18,114,220,173,220,89.14285714285714,38.42494229632605,4,10,0
2023-10-06,Dress,59,16803.44,64,44,68,69,91.0,36.54221303278076,4,10,0
2023-10-06,Fiction,280,66152.09,276,235,283,290,112.57142857142856,79.39743308792933,4,10,0
2023-10-06,Fridge,45,12624.03,105,89,91,155,123.71428571428572,70.34371397102905,4,10,0
2023-10-06,Furniture,202,52719.27,141,201,236,206,131.85714285714286,68.24814666941066,4,10,0
2023-10-06,Headphones,59,18602.4,82,100,96,102,130.14285714285714,69.49683103429527,4,10,0
2023-10-06,Jacket,56,15542.53,69,46,76,49,121.57142857142856,73.25948662768684,4,10,0
2023-10-06,Jeans,90,30180.48,74,85,130,100,115.85714285714286,75.4750037461147,4,10,0
2023-10-06,Juice,194,48301.44,225,292,123,173,138.85714285714286,81.34172478178755,4,10,0
2023-10-06,Kitchen,112,27211.39,78,146,158,76,110.57142857142856,56.26383427761457,4,10,0
2023-10-06,Laptop,83,16026.86,61,89,86,80,104.28571428571428,59.36248614996325,4,10,0
2023-10-06,Lighting,127,39109.12,112,77,85,64,100.14285714285714,57.35104931160952,4,10,0
2023-10-06,Literature,105,22909.29,37,162,108,82,93.71428571428572,62.05297276175596,4,10,0
2023-10-06,Mitsubishi 1.5 Ton 3 Star Split AC,93,23533.89,109,47,126,109,99.42857142857144,61.23413302741256,4,10,0
2023-10-06,Non-Fiction,296,71361.05,307,268,302,316,132.71428571428572,97.62293836613382,4,10,0
2023-10-06,Shirt,97,24660.1,74,101,115,86,111.14285714285714,90.23567027775668,4,10,0
2023-10-06,Shoes,172,42857.11,167,202,174,204,123.85714285714286,91.05388253012264,4,10,0
2023-10-06,Shorts,84,17924.11,130,58,90,82,133.71428571428572,86.74813021176863,4,10,0
2023-10-06,Smartphone,172,45031.88,171,188,252,257,142.14285714285714,87.15202918163222,4,10,0
2023-10-06,Snacks,119,32687.99,82,120,113,97,148.57142857142858,79.42052031823351,4,10,0
2023-10-06,Soft Drink,207,52859.99,145,150,84,116,153.71428571428572,77.5751555712566,4,10,0
2023-10-06,T-shirt,123,31339.33,234,212,127,251,143.28571428571428,55.21990669349217,4,10,0
2023-10-06,Tablet,214,52617.63,202,186,211,181,161.57142857142858,49.33172455549233,4,10,0
2023-10-06,Television,147,25782.2,168,216,156,249,161.71428571428572,49.35150887836507,4,10,0
2023-10-06,Thriller,83,20926.93,80,102,113,81,154.57142857142858,57.63059703218092,4,10,0
2023-10-06,Tools,80,12972.36,90,78,33,132,143.0,61.76568626672812,4,10,0
2023-10-06,Water,428,118977.38,376,340,386,370,185.0,100.92076099594156,4,10,0
2023-10-07,Bathroom,72,18283.26,60,64,118,119,172.85714285714286,111.1326963160533,5,10,1
2023-10-07,Bedding,107,25751.68,155,78,75,99,161.57142857142858,107.85152933988604,5,10,1
2023-10-07,BlueStar AC,51,10316.77,39,6,24,49,138.28571428571428,115.02567001284818,5,10,1
2023-10-07,Children's,96,27942.41,85,91,107,70,126.42857142857144,115.72792394643672,5,10,1
2023-10-07,Chocolate,115,33141.38,52,121,49,86,122.42857142857144,118.06051716931265,5,10,1
2023-10-07,Coffee,39,10081.7,87,40,128,101,122.0,118.20321484629702,5,10,1
2023-10-07,Decorations,169,47603.01,152,184,156,209,90.0,46.63332142005826,5,10,1
2023-10-07,Dress,94,20357.88,59,149,166,51,89.85714285714286,46.74194608496015,5,10,1
2023-10-07,Fiction,275,72132.07,280,219,232,219,107.71428571428572,84.44665828342718,5,10,1
2023-10-07,Fridge,121,33188.65,45,123,104,101,108.57142857142856,83.65974169785734,5,10,1
2023-10-07,Furniture,172,30623.83,202,207,153,218,125.28571428571428,89.63948959715216,5,10,1
2023-10-07,Headphones,74,13389.58,59,83,66,57,126.28571428571428,88.71999828245012,5,10,1
2023-10-07,Jacket,104,23653.06,56,125,94,58,121.85714285714286,91.73045399689263,5,10,1
2023-10-07,Jeans,72,22867.22,90,79,79,81,113.0,91.32725040570588,5,10,1
2023-10-07,Juice,151,42617.83,194,114,187,149,132.28571428571428,92.2726291770098,5,10,1
2023-10-07,Kitchen,54,8602.25,112,75,94,121,108.28571428571428,65.37765746214775,5,10,1
2023-10-07,Laptop,108,24893.82,83,119,84,133,113.71428571428572,60.653975647970505,5,10,1
2023-10-07,Lighting,93,17948.02,127,103,123,150,103.0,47.700454225648144,5,10,1
2023-10-07,Literature,123,36180.71,105,53,81,65,109.57142857142856,43.622842421742895,5,10,1
2023-10-07,Mitsubishi 1.5 Ton 3 Star Split AC,83,24948.75,93,88,83,85,114.85714285714286,37.91845887967182,5,10,1
2023-10-07,Non-Fiction,205,51382.98,296,265,268,269,144.28571428571428,76.11332403224799,5,10,1
2023-10-07,Shirt,103,24918.67,97,89,102,111,130.42857142857142,74.36364959408759,5,10,1
2023-10-07,Shoes,110,26070.74,172,171,201,219,139.0,75.33702055873023,5,10,1
2023-10-07,Shorts,150,34312.96,84,66,100,82,139.14285714285714,75.21398046336022,5,10,1
2023-10-07,Smartphone,261,68654.03,172,222,223,261,145.57142857142858,75.92289321598328,5,10,1
2023-10-07,Snacks,79,22220.44,119,97,89,81,147.57142857142858,74.85287156116505,5,10,1
2023-10-07,Soft Drink,224,49407.58,207,174,199,186,163.85714285714286,73.38807480653405,5,10,1
2023-10-07,T-shirt,171,50339.23,123,195,165,78,139.14285714285714,45.17900903232311,5,10,1
2023-10-07,Tablet,166,42216.44,214,217,198,185,155.85714285714286,48.50920383950617,5,10,1
2023-10-07,Television,149,40687.16,147,182,236,110,152.28571428571428,48.04065738418511,5,10,1
2023-10-07,Thriller,90,18054.31,83,80,69,67,152.14285714285714,48.27845817556129,5,10,1
2023-10-07,Tools,82,18535.92,80,73,72,74,139.0,54.13871073455552,5,10,1
2023-10-07,Water,404,102432.28,428,285,399,359,183.14285714285717,120.46220509829132,5,10,1
2023-10-08,Bathroom,109,26341.5,72,73,102,88,163.85714285714286,126.65363341469038,6,10,1
2023-10-08,Bedding,74,22385.32,107,96,104,92,161.57142857142858,127.65429506138427,6,10,1
2023-10-08,BlueStar AC,33,10993.1,51,33,37,20,138.28571428571428,131.31097223222173,6,10,1
2023-10-08,Children's,172,42255.51,96,142,115,102,131.0,132.15899515356443,6,10,1
2023-10-08,Chocolate,97,27820.05,115,112,105,110,135.57142857142858,130.76806075753203,6,10,1
2023-10-08,Coffee,77,22607.54,39,81,89,137,129.71428571428572,134.53588652067756,6,10,1
2023-10-08,Decorations,223,61277.41,169,191,143,201,92.71428571428572,43.94206142074548,6,10,1
2023-10-08,Dress,67,12416.27,94,97,77,59,95.85714285714286,42.99003206724402,6,10,1
2023-10-08,Fiction,314,68814.95,275,365,275,275,119.85714285714286,80.64826629967136,6,10,1
2023-10-08,Fridge,144,31978.04,121,150,96,139,129.85714285714286,74.81628292341217,6,10,1
2023-10-08,Furniture,201,45954.23,172,114,169,196,140.71428571428572,74.59828926928986,6,10,1
2023-10-08,Headphones,82,28319.87,74,87,94,102,134.85714285714286,78.46321552470346,6,10,1
2023-10-08,Jacket,74,16959.670000000002,104,140,125,66,144.14285714285714,68.43349221793922,6,10,1
2023-10-08,Jeans,92,21184.14,72,86,89,113,130.28571428571428,72.27427916327701,6,10,1
2023-10-08,Juice,123,31240.0,151,154,165,183,138.42857142857142,70.6985552489271,6,10,1
2023-10-08,Kitchen,128,31628.92,54,89,80,57,106.85714285714286,43.758536582127086,6,10,1
2023-10-08,Laptop,127,29856.98,108,102,70,142,105.0,43.332051263083486,6,10,1
2023-10-08,Lighting,114,25276.96,93,115,71,98,93.71428571428572,31.700232836756445,6,10,1
2023-10-08,Literature,97,20030.7,123,78,95,101,100.71428571428572,32.029748077444864,6,10,1
2023-10-08,Mitsubishi 1.5 Ton 3 Star Split AC,50,17080.95,83,99,116,100,97.71428571428572,32.64819691659216,6,10,1
2023-10-08,Non-Fiction,298,67949.91,205,229,256,321,116.71428571428572,49.52680851725265,6,10,1
2023-10-08,Shirt,84,20831.07,103,97,76,116,109.85714285714286,47.25966769324586,6,10,1
2023-10-08,Shoes,165,37320.93,110,117,224,139,117.85714285714286,40.48221243718496,6,10,1
2023-10-08,Shorts,64,17884.46,150,101,91,87,123.85714285714286,41.866568092087306,6,10,1
2023-10-08,Smartphone,265,63383.7,261,311,244,332,147.85714285714286,63.6930885089538,6,10,1
2023-10-08,Snacks,41,7005.32,79,61,95,90,141.57142857142858,68.54161058037862,6,10,1
2023-10-08,Soft Drink,153,34532.16,224,146,191,160,161.71428571428572,69.17541539620862,6,10,1
2023-10-08,T-shirt,181,38287.44,171,186,209,203,156.85714285714286,66.78180533505693,6,10,1
2023-10-08,Tablet,109,17485.92,166,171,249,139,165.85714285714286,62.41642030595356,6,10,1
2023-10-08,Television,206,40043.9,149,165,190,168,171.42857142857142,58.19752899352616,6,10,1
2023-10-08,Thriller,66,16918.69,90,159,58,134,162.85714285714286,65.80128816223468,6,10,1
2023-10-08,Tools,80,18374.72,82,69,67,80,137.28571428571428,55.23801313622688,6,10,1
2023-10-08,Water,337,78643.23,404,328,300,379,183.7142857142857,108.74850847362484,6,10,1
2023-10-09,Bathroom,93,21575.68,109,107,105,92,167.28571428571428,110.32333431889208,0,10,0
2023-10-09,Bedding,127,28791.98,74,77,69,124,153.42857142857142,115.73800462374328,0,10,0
2023-10-09,BlueStar AC,32,8510.69,33,32,34,27,134.42857142857142,123.9554451444238,0,10,0
2023-10-09,Children's,92,17238.31,172,69,119,84,137.71428571428572,124.70861275484536,0,10,0
2023-10-09,Chocolate,69,21288.03,97,62,59,101,138.71428571428572,124.28960037712184,0,10,0
2023-10-09,Coffee,132,36217.72,77,90,59,99,138.0,124.68359956305352,0,10,0
2023-10-09,Decorations,212,62001.84,223,213,168,191,112.14285714285714,64.63339841348301,0,10,0
2023-10-09,Dress,75,24269.28,67,50,58,111,106.14285714285714,66.88405034442829,0,10,0
2023-10-09,Fiction,289,78646.88,314,266,224,172,140.42857142857142,100.65097638681372,0,10,0
2023-10-09,Fridge,114,29064.0,144,85,65,77,156.28571428571428,88.97137046210244,0,10,0
2023-10-09,Furniture,228,50150.4,201,151,170,174,160.42857142857142,90.48730508172018,0,10,0
2023-10-09,Headphones,70,22419.42,82,100,86,116,158.28571428571428,92.3971757968717,0,10,0
2023-10-09,Jacket,154,42325.46,74,92,86,90,157.85714285714286,92.84292931510424,0,10,0
2023-10-09,Jeans,95,25911.46,92,166,192,141,139.14285714285714,90.70176141514236,0,10,0
2023-10-09,Juice,163,32573.49,123,195,202,181,147.14285714285714,85.60457264155201,0,10,0
2023-10-09,Kitchen,116,30666.08,128,151,78,89,120.57142857142856,43.878077832621216,0,10,0
2023-10-09,Laptop,80,28964.58,127,68,64,131,118.14285714285714,42.82300227458802,0,10,0
2023-10-09,Lighting,41,9326.91,114,142,92,95,105.71428571428572,22.63267759762244,0,10,0
2023-10-09,Literature,83,17378.2,97,75,88,131,107.85714285714286,20.63515262384441,0,10,0
2023-10-09,Mitsubishi 1.5 Ton 3 Star Split AC,59,13499.15,50,57,121,79,104.42857142857144,27.909718396146605,0,10,0
2023-10-09,Non-Fiction,258,66503.04,298,310,340,277,133.85714285714286,77.38093772893554,0,10,0
2023-10-09,Shirt,97,25027.61,84,113,58,109,128.28571428571428,79.66327946574859,0,10,0
2023-10-09,Shoes,176,41035.16,165,163,203,208,133.57142857142858,80.85966679553898,0,10,0
2023-10-09,Shorts,67,13865.37,64,141,56,79,124.57142857142856,85.10749505352376,0,10,0
2023-10-09,Smartphone,182,51960.82,265,202,300,302,146.14285714285714,99.84225653738044,0,10,0
2023-10-09,Snacks,89,25065.33,41,98,88,99,138.14285714285714,106.46036597630786,0,10,0
2023-10-09,Soft Drink,181,49649.65,153,151,127,126,152.85714285714286,99.11176951877496,0,10,0
2023-10-09,T-shirt,215,59938.49,181,178,138,147,136.14285714285714,78.21855826555958,0,10,0
2023-10-09,Tablet,117,36778.8,109,183,152,228,139.71428571428572,75.97963386266514,0,10,0
2023-10-09,Television,121,33012.15,206,187,171,148,145.57142857142858,79.7409496282741,0,10,0
2023-10-09,Thriller,107,20294.68,66,110,130,105,145.85714285714286,79.40283070400842,0,10,0
2023-10-09,Tools,61,17331.92,80,93,114,124,119.42857142857144,62.02380495384197,0,10,0
2023-10-09,Water,360,74807.24,337,309,271,353,161.71428571428572,92.87215995785832,0,10,0
2023-10-10,Bathroom,80,30638.13,93,80,77,106,153.14285714285714,96.50808009596624,1,10,0
2023-10-10,Bedding,120,33865.05,127,62,100,92,145.42857142857142,96.06743663152608,1,10,0
2023-10-10,BlueStar AC,38,11158.51,32,79,76,25,134.42857142857142,104.9330852541383,1,10,0
2023-10-10,Children's,93,17086.86,92,73,64,69,118.14285714285714,100.73633666065771,1,10,0
2023-10-10,Chocolate,82,20502.13,69,101,117,85,118.57142857142856,100.48359259576772,1,10,0
2023-10-10,Coffee,76,13528.66,132,109,54,105,126.0,99.06899952390016,1,10,0
2023-10-10,Decorations,140,38944.35,212,195,204,127,108.14285714285714,57.0538592659838,1,10,0
2023-10-10,Dress,54,9829.89,75,134,72,108,105.57142857142856,58.24333192980582,1,10,0
2023-10-10,Fiction,230,57832.46,289,241,257,310,128.71428571428572,91.09649514976574,1,10,0
2023-10-10,Fridge,123,30082.8,114,105,71,98,140.42857142857142,81.33645583389367,1,10,0
2023-10-10,Furniture,111,31413.55,228,163,115,207,159.85714285714286,84.03853991161503,1,10,0
2023-10-10,Headphones,75,23177.12,70,53,113,92,160.0,83.85900865937575,1,10,0
2023-10-10,Jacket,127,37301.2,154,79,61,82,163.14285714285714,83.04301811195681,1,10,0
2023-10-10,Jeans,63,13724.49,95,89,75,145,146.42857142857142,83.3443802201781,1,10,0
2023-10-10,Juice,183,48022.39,163,154,167,210,159.0,77.18376340483312,1,10,0
2023-10-10,Kitchen,111,31247.49,116,77,55,96,134.28571428571428,52.30906322271479,1,10,0
2023-10-10,Laptop,80,19309.78,80,125,83,104,129.42857142857142,55.95789233240994,1,10,0
2023-10-10,Lighting,78,20945.1,41,65,88,43,102.71428571428572,44.52607582721893,1,10,0
2023-10-10,Literature,90,19102.02,83,59,59,59,104.57142857142856,43.18509443028006,1,10,0
2023-10-10,Mitsubishi 1.5 Ton 3 Star Split AC,82,22727.03,59,68,90,51,91.0,39.862262855987,1,10,0
2023-10-10,Non-Fiction,279,66735.42,258,267,233,289,114.28571428571428,74.84587337926257,1,10,0
2023-10-10,Shirt,99,26742.44,97,135,49,134,104.85714285714286,71.78075083527628,1,10,0
2023-10-10,Shoes,249,67644.37,176,172,196,170,113.42857142857144,76.74385348429469,1,10,0
2023-10-10,Shorts,34,8770.12,67,104,108,98,111.57142857142856,77.83713154798862,1,10,0
2023-10-10,Smartphone,278,67413.67,182,238,290,287,131.71428571428572,74.71214601324631,1,10,0
2023-10-10,Snacks,73,26296.17,89,45,122,36,132.57142857142858,74.09196344826425,1,10,0
2023-10-10,Soft Drink,196,46412.21,181,183,245,209,150.0,67.99999999999933,1,10,0
2023-10-10,T-shirt,219,56897.7,215,146,222,222,143.85714285714286,57.79396903780493,1,10,0
2023-10-10,Tablet,141,27138.83,117,255,166,186,146.71428571428572,55.54191896130944,1,10,0
2023-10-10,Television,147,33554.82,121,213,126,214,138.85714285714286,54.590684710330805,1,10,0
2023-10-10,Thriller,50,12215.2,107,83,80,82,144.57142857142858,47.44068978860812,1,10,0
2023-10-10,Tools,77,15544.76,61,119,110,83,127.28571428571428,53.22190741199807,1,10,0
2023-10-10,Water,344,96739.02,360,321,369,350,166.0,99.3260623737124,1,10,0
2023-10-11,Bathroom,90,20933.72,80,81,63,109,151.57142857142858,104.00938602334068,2,10,0
2023-10-11,Bedding,109,24059.08,120,102,47,103,138.0,100.49212241099576,2,10,0
2023-10-11,BlueStar AC,39,13011.73,38,34,51,32,126.71428571428572,107.43946246718644,2,10,0
2023-10-11,Children's,126,39315.2,93,82,76,100,122.71428571428572,108.20615245248898,2,10,0
2023-10-11,Chocolate,47,12637.28,82,55,37,117,119.14285714285714,109.2190895576839,2,10,0
2023-10-11,Coffee,71,10401.73,76,80,111,62,121.28571428571428,108.02887621019646,2,10,0
2023-10-11,Decorations,220,57117.78,140,222,160,194,89.85714285714286,32.84523593779349,2,10,0
2023-10-11,Dress,119,18961.91,54,114,109,83,86.14285714285714,35.507879742520736,2,10,0
2023-10-11,Fiction,257,63226.14,230,319,340,261,101.85714285714286,65.04467329312479,2,10,0
2023-10-11,Fridge,99,17622.56,123,98,87,104,114.0,58.767905072977605,2,10,0
2023-10-11,Furniture,211,53895.58,111,150,187,219,116.57142857142856,58.08573302414481,2,10,0
2023-10-11,Headphones,154,39243.95,75,130,62,123,115.57142857142856,58.83552538746375,2,10,0
2023-10-11,Jacket,81,20169.57,127,102,49,77,122.85714285714286,56.21811265487349,2,10,0
2023-10-11,Jeans,73,19242.64,63,112,87,140,111.85714285714286,59.72835332131656,2,10,0
2023-10-11,Juice,156,37632.25,183,139,128,206,130.28571428571428,58.79544847949229,2,10,0
2023-10-11,Kitchen,90,15520.37,111,98,87,117,113.28571428571428,39.04576069909854,2,10,0
2023-10-11,Laptop,137,31065.35,80,120,78,39,107.14285714285714,40.61374386185073,2,10,0
2023-10-11,Lighting,50,10742.91,78,113,89,34,102.42857142857144,41.9835568719334,2,10,0
2023-10-11,Literature,64,11975.57,90,85,98,62,104.57142857142856,40.71386800119672,2,10,0
2023-10-11,Mitsubishi 1.5 Ton 3 Star Split AC,101,27238.04,82,59,95,47,98.14285714285714,40.130738723277965,2,10,0
2023-10-11,Non-Fiction,209,52953.95,279,243,218,199,129.0,75.79797710581201,2,10,0
2023-10-11,Shirt,123,29413.75,99,85,53,65,117.0,72.39705334703326,2,10,0
2023-10-11,Shoes,186,42908.57,249,181,198,141,136.71428571428572,87.66929201211018,2,10,0
2023-10-11,Shorts,70,13873.76,34,84,57,80,130.14285714285714,94.11593660910673,2,10,0
2023-10-11,Smartphone,298,79152.72,278,188,209,274,158.71428571428572,105.3371005956813,2,10,0
2023-10-11,Snacks,69,17814.46,73,107,67,45,156.28571428571428,107.36187139097076,2,10,0
2023-10-11,Soft Drink,163,40819.78,196,125,122,190,172.57142857142858,102.76325079660364,2,10,0
2023-10-11,T-shirt,184,45369.57,219,183,160,187,164.0,94.5832966226063,2,10,0
2023-10-11,Tablet,182,44649.59,141,191,156,162,170.0,91.038453413928,2,10,0
2023-10-11,Television,90,28728.96,147,184,163,162,155.42857142857142,84.19195753921885,2,10,0
2023-10-11,Thriller,94,21789.74,50,92,74,79,157.71428571428572,80.48129034277478,2,10,0
2023-10-11,Tools,50,11912.07,77,67,95,67,129.0,64.72763448996521,2,10,0
2023-10-11,Water,358,83683.28,344,359,391,321,167.71428571428572,98.09470642481868,2,10,0
2023-10-12,Bathroom,140,38865.43,90,51,67,79,152.57142857142858,101.13498758731136,3,10,0
2023-10-12,Bedding,80,18717.09,109,125,77,84,136.85714285714286,97.57634373731544,3,10,0
2023-10-12,BlueStar AC,26,6251.97,39,27,26,39,122.28571428571428,104.24284833297337,3,10,0
2023-10-12,Children's,63,16906.34,126,84,81,84,119.28571428571428,103.71389216769025,3,10,0
2023-10-12,Chocolate,59,16001.82,47,94,92,100,118.85714285714286,104.05355763808706,3,10,0
2023-10-12,Coffee,89,25676.19,71,129,29,67,118.0,104.47966309287108,3,10,0
2023-10-12,Decorations,183,49429.06,220,114,172,231,100.28571428571428,61.41040705969886,3,10,0
2023-10-12,Dress,57,13094.56,119,64,96,93,104.42857142857144,61.578830623455374,3,10,0
2023-10-12,Fiction,291,76739.14,257,276,400,168,125.57142857142856,84.53767827199249,3,10,0
2023-10-12,Fridge,111,31009.85,99,105,75,94,134.14285714285714,77.00309208386419,3,10,0
2023-10-12,Furniture,148,35162.69,211,141,181,160,146.28571428571428,82.04209140377067,3,10,0
2023-10-12,Headphones,91,25257.08,154,82,63,123,161.57142857142858,69.46427653323427,3,10,0
2023-10-12,Jacket,52,10850.99,81,69,93,99,163.0,67.36220503120867,3,10,0
2023-10-12,Jeans,52,20238.43,73,74,160,57,142.0,69.5101910993385,3,10,0
2023-10-12,Juice,177,34803.98,156,225,151,188,147.28571428571428,68.87359021113484,3,10,0
2023-10-12,Kitchen,109,28729.95,90,78,78,113,123.42857142857144,51.18872643742536,3,10,0
2023-10-12,Laptop,91,23564.0,137,61,110,42,128.85714285714286,50.17113569715881,3,10,0
2023-10-12,Lighting,118,36190.41,50,112,109,145,105.85714285714286,42.5653559107562,3,10,0
2023-10-12,Literature,75,20698.5,64,37,74,91,93.0,39.046980250289096,3,10,0
2023-10-12,Mitsubishi 1.5 Ton 3 Star Split AC,150,37052.86,101,109,134,103,95.85714285714286,38.753187272911234,3,10,0
2023-10-12,Non-Fiction,328,77623.22,209,307,231,258,115.28571428571428,55.74858529061167,3,10,0
2023-10-12,Shirt,59,13759.08,123,74,89,83,110.57142857142856,53.06240710351237,3,10,0
2023-10-12,Shoes,251,61399.5,186,167,204,178,124.28571428571428,58.93984019239126,3,10,0
2023-10-12,Shorts,60,20930.36,70,130,83,75,114.71428571428572,61.89699584986282,3,10,0
2023-10-12,Smartphone,279,79401.25,298,171,239,308,150.14285714285714,85.25144880768555,3,10,0
2023-10-12,Snacks,58,9937.39,69,82,107,90,150.85714285714286,84.42635562316681,3,10,0
2023-10-12,Soft Drink,197,48929.07,163,145,164,160,159.71428571428572,81.52650752099805,3,10,0
2023-10-12,T-shirt,164,42154.63,184,234,179,221,156.14285714285714,79.53076673302462,3,10,0
2023-10-12,Tablet,150,43403.03,182,202,159,173,164.57142857142858,78.55328794913031,3,10,0
2023-10-12,Television,161,41778.01,90,168,212,211,150.85714285714286,82.47106274612992,3,10,0
2023-10-12,Thriller,63,17677.89,94,80,93,110,154.28571428571428,78.97407651821372,3,10,0
2023-10-12,Tools,161,35121.88,50,90,96,113,118.85714285714286,56.06076635053586,3,10,0
2023-10-12,Water,357,99764.84,358,376,406,472,160.14285714285714,101.34829150250198,3,10,0
2023-10-13,Bathroom,54,11033.48,140,60,99,77,156.85714285714286,101.6127101161207,4,10,0
2023-10-13,Bedding,91,25024.86,80,155,128,91,142.0,104.54345189122668,4,10,0
2023-10-13,BlueStar AC,27,5204.66,26,39,30,16,119.71428571428572,111.02209132377492,4,10,0
2023-10-13,Children's,107,27042.99,63,85,65,99,115.85714285714286,112.68307854543218,4,10,0
2023-10-13,Chocolate,93,33695.11,59,52,74,52,110.85714285714286,114.57519884545708,4,10,0
2023-10-13,Coffee,109,30013.06,89,87,112,107,116.42857142857144,112.04293394774564,4,10,0
2023-10-13,Decorations,206,49833.77,183,152,220,212,91.42857142857144,53.26304892655117,4,10,0
2023-10-13,Dress,78,23738.48,57,59,44,99,79.57142857142857,49.7723388468484,4,10,0
2023-10-13,Fiction,296,84320.44,291,280,235,203,109.71428571428572,94.16778338992198,4,10,0
2023-10-13,Fridge,162,44928.86,111,45,89,91,121.85714285714286,86.76295017926363,4,10,0
2023-10-13,Furniture,197,52462.78,148,202,201,161,134.0,83.02007789283996,4,10,0
2023-10-13,Headphones,73,22766.42,91,59,100,102,138.57142857142858,78.98492924361544,4,10,0
2023-10-13,Jacket,60,14573.03,52,56,46,132,133.28571428571428,83.93790221688477,4,10,0
2023-10-13,Jeans,134,39643.01,52,90,85,57,114.57142857142856,85.59372473660413,4,10,0
2023-10-13,Juice,132,33048.72,177,194,292,186,131.71428571428572,84.14613139397025,4,10,0
2023-10-13,Kitchen,76,19009.19,109,112,146,89,105.71428571428572,46.35987591913856,4,10,0
2023-10-13,Laptop,68,14001.76,91,83,89,81,102.85714285714286,46.59552400330615,4,10,0
2023-10-13,Lighting,78,17705.97,118,127,77,70,98.57142857142856,42.99169354986529,4,10,0
2023-10-13,Literature,82,17743.03,75,105,162,85,96.28571428571428,43.87753520012155,4,10,0
2023-10-13,Mitsubishi 1.5 Ton 3 Star Split AC,55,14898.1,150,93,47,87,110.28571428571428,43.018268544552846,4,10,0
2023-10-13,Non-Fiction,235,63314.74,328,296,268,209,149.71428571428572,85.85203217496567,4,10,0
2023-10-13,Shirt,112,31939.04,59,97,101,87,132.85714285714286,91.03008398587838,4,10,0
2023-10-13,Shoes,146,40803.21,251,172,202,248,153.14285714285714,100.18886926105836,4,10,0
2023-10-13,Shorts,104,27190.57,60,84,58,110,148.71428571428572,104.00595221062112,4,10,0
2023-10-13,Smartphone,272,65320.87,279,172,188,293,171.71428571428572,113.45441711059432,4,10,0
2023-10-13,Snacks,68,10061.61,58,119,120,110,169.28571428571428,116.02257579987632,4,10,0
2023-10-13,Soft Drink,189,57552.22,197,207,150,224,176.0,116.080431885252,4,10,0
2023-10-13,T-shirt,200,46838.76,164,123,212,184,152.57142857142858,94.90847721683753,4,10,0
2023-10-13,Tablet,227,59249.04,150,214,186,155,165.57142857142858,85.74547051760611,4,10,0
2023-10-13,Television,133,34687.68,161,147,216,157,152.71428571428572,77.11401577256464,4,10,0
2023-10-13,Thriller,86,22467.28,63,83,102,76,153.14285714285714,76.51890522702725,4,10,0
2023-10-13,Tools,64,20576.25,161,80,78,59,136.28571428571428,53.79502543827496,4,10,0
2023-10-13,Water,384,107673.29,357,428,340,330,179.0,88.67355862939058,4,10,0
2023-10-14,Bathroom,109,23934.43,54,72,64,118,158.57142857142858,99.63074683191752,5,10,1
2023-10-14,Bedding,71,19129.38,91,107,78,63,148.14285714285714,102.73984714061092,5,10,1
2023-10-14,BlueStar AC,21,3197.31,27,51,6,11,130.57142857142858,112.43050763746878,5,10,1
2023-10-14,Children's,66,15264.29,107,96,91,97,122.85714285714286,111.84576965838292,5,10,1
2023-10-14,Chocolate,83,16506.04,93,115,121,58,127.14285714285714,109.72454689118592,5,10,1
2023-10-14,Coffee,83,22138.93,109,39,40,73,119.71428571428572,108.80673123435248,5,10,1
2023-10-14,Decorations,133,27929.01,206,169,184,133,98.14285714285714,56.14988445054309,5,10,1
2023-10-14,Dress,105,30671.85,78,94,149,111,101.57142857142856,53.68381861373316,5,10,1
2023-10-14,Fiction,272,67306.19,296,275,219,255,130.85714285714286,90.35011265705612,5,10,1
2023-10-14,Fridge,66,15875.36,162,121,123,126,150.14285714285714,78.05858605651761,5,10,1
2023-10-14,Furniture,188,49329.5,197,172,207,176,163.0,77.17512552629852,5,10,1
2023-10-14,Headphones,72,19732.27,73,74,83,109,160.14285714285714,80.49726407654767,5,10,1
2023-10-14,Jacket,73,16025.72,60,104,125,79,153.14285714285714,87.51081565808178,5,10,1
2023-10-14,Jeans,91,20782.84,134,72,79,95,142.85714285714286,84.4401732420224,5,10,1
2023-10-14,Juice,205,41803.83,132,151,114,144,150.57142857142858,79.87043078815604,5,10,1
2023-10-14,Kitchen,100,21567.66,76,54,75,81,119.14285714285714,51.27191749690447,5,10,1
2023-10-14,Laptop,83,22662.97,68,108,119,78,105.71428571428572,50.48007622060339,5,10,1
2023-10-14,Lighting,104,28763.41,78,93,103,104,88.71428571428571,30.82593218765488,5,10,1
2023-10-14,Literature,95,20246.83,82,123,53,155,90.0,30.243456592566776,5,10,1
2023-10-14,Mitsubishi 1.5 Ton 3 Star Split AC,100,27394.31,55,83,88,64,89.28571428571429,31.116524472342636,5,10,1
2023-10-14,Non-Fiction,197,49093.53,235,205,265,297,103.71428571428572,62.69692785060995,5,10,1
2023-10-14,Shirt,75,21587.43,112,103,89,95,100.85714285714286,61.63989122699694,5,10,1
2023-10-14,Shoes,159,41686.36,146,110,171,173,110.85714285714286,62.60572010987519,5,10,1
2023-10-14,Shorts,119,36505.83,104,150,66,100,116.0,59.91939029507212,5,10,1
2023-10-14,Smartphone,250,60504.76,272,261,222,274,143.71428571428572,80.68191512706751,5,10,1
2023-10-14,Snacks,145,38643.58,68,79,97,58,141.71428571428572,82.61701657994752,5,10,1
2023-10-14,Soft Drink,200,45051.03,189,224,174,161,160.85714285714286,74.27971587503629,5,10,1
2023-10-14,T-shirt,191,46989.15,200,171,195,202,155.85714285714286,69.48004167008041,5,10,1
2023-10-14,Tablet,167,41497.41,227,166,217,233,172.28571428571428,70.96176032604728,5,10,1
2023-10-14,Television,170,50181.28,133,149,182,224,170.42857142857142,71.92787392672602,5,10,1
2023-10-14,Thriller,78,25076.34,86,90,80,87,167.85714285714286,74.95649531879229,5,10,1
2023-10-14,Tools,92,14803.33,64,82,73,89,138.14285714285714,67.66443815237129,5,10,1
2023-10-14,Water,363,92736.71,384,404,285,359,183.28571428571428,107.02914600816948,5,10,1
2023-10-15,Bathroom,90,16640.239999999998,109,109,73,129,171.85714285714286,110.53118499836508,6,10,1
2023-10-15,Bedding,103,29847.66,71,74,96,65,153.42857142857142,115.6904737404322,6,10,1
2023-10-15,BlueStar AC,28,5979.83,21,33,33,11,124.0,119.97777571978293,6,10,1
2023-10-15,Children's,81,25526.07,66,172,142,98,114.42857142857144,121.79881929211066,6,10,1
2023-10-15,Chocolate,130,30228.86,83,97,112,53,114.0,121.92073928034768,6,10,1
2023-10-15,Coffee,60,17665.65,83,77,81,87,116.71428571428572,120.82868628174056,6,10,1
2023-10-15,Decorations,250,62651.7,133,223,191,199,80.85714285714286,35.16830282810518,6,10,1
2023-10-15,Dress,59,15046.83,105,67,97,115,80.28571428571429,34.66369034842099,6,10,1
2023-10-15,Fiction,301,78901.14,272,314,365,234,109.0,79.6931615635861,6,10,1
2023-10-15,Fridge,116,31655.36,66,144,150,137,115.42857142857144,72.94028869071991,6,10,1
2023-10-15,Furniture,183,39312.31,188,201,114,202,132.85714285714286,73.73246361322853,6,10,1
2023-10-15,Headphones,120,32503.76,72,82,87,90,131.28571428571428,75.07710322442725,6,10,1
2023-10-15,Jacket,47,15977.66,73,74,140,73,129.85714285714286,76.235224954147,6,10,1
2023-10-15,Jeans,121,32119.55,91,92,86,86,123.85714285714286,77.58743148093889,6,10,1
2023-10-15,Juice,123,23824.8,205,123,154,151,138.14285714285714,82.5821380433409,6,10,1
2023-10-15,Kitchen,112,28769.55,100,128,89,95,113.57142857142856,58.06564429694114,6,10,1
2023-10-15,Laptop,109,23935.77,83,127,102,108,116.0,56.06543795720482,6,10,1
2023-10-15,Lighting,68,12679.08,104,114,115,100,104.0,46.20966709827243,6,10,1
2023-10-15,Literature,86,21406.82,95,97,78,177,107.28571428571428,44.33476546200806,6,10,1
2023-10-15,Mitsubishi 1.5 Ton 3 Star Split AC,102,23342.78,100,50,99,117,111.14285714285714,41.96597261046976,6,10,1
2023-10-15,Non-Fiction,254,57890.44,197,298,229,297,126.28571428571428,51.5225332118996,6,10,1
2023-10-15,Shirt,92,20965.9,75,84,97,89,107.71428571428572,40.71737665794048,6,10,1
2023-10-15,Shoes,115,28218.98,159,165,117,240,116.14285714285714,44.760207667928,6,10,1
2023-10-15,Shorts,78,19661.2,119,64,101,88,121.28571428571428,42.31908271577518,6,10,1
2023-10-15,Smartphone,249,61974.53,250,265,311,286,142.14285714285714,63.20450556573813,6,10,1
2023-10-15,Snacks,116,25219.59,145,41,61,95,149.28571428571428,59.71798803742477,6,10,1
2023-10-15,Soft Drink,177,42180.7,200,153,146,211,163.57142857142858,57.89604805988333,6,10,1
2023-10-15,T-shirt,213,57014.45,191,181,186,190,162.71428571428572,57.360597061380325,6,10,1
2023-10-15,Tablet,203,45026.12,167,109,171,113,175.85714285714286,42.53793824900489,6,10,1
2023-10-15,Television,201,51539.13,170,206,165,185,177.42857142857142,42.01133633856874,6,10,1
2023-10-15,Thriller,81,16896.96,78,66,159,61,171.57142857142858,52.94921196409822,6,10,1
2023-10-15,Tools,73,16442.66,92,80,69,52,149.0,47.32159478856609,6,10,1
2023-10-15,Water,349,100898.34,363,337,328,395,180.14285714285714,93.47625112192664,6,10,1
2023-10-16,Bathroom,55,13560.61,90,93,107,89,164.42857142857142,98.68275287143976,0,10,0
2023-10-16,Bedding,44,11919.01,103,127,77,118,151.85714285714286,100.32518555747993,0,10,0
2023-10-16,BlueStar AC,33,10214.0,28,32,32,17,132.0,110.1075232064846,0,10,0
2023-10-16,Children's,102,22554.88,81,92,69,108,119.28571428571428,110.12676678221612,0,10,0
2023-10-16,Chocolate,118,27760.43,130,69,62,84,126.71428571428572,108.62122917998718,0,10,0
2023-10-16,Coffee,102,28530.55,60,132,90,100,122.14285714285714,110.9736133373277,0,10,0
2023-10-16,Decorations,190,44919.58,250,212,213,216,106.0,71.18286310622686,0,10,0
2023-10-16,Dress,100,29129.72,59,75,50,94,101.57142857142856,73.27768451321913,0,10,0
2023-10-16,Fiction,299,77299.67,301,289,266,295,129.85714285714286,105.18781388771262,0,10,0
2023-10-16,Fridge,115,30112.91,116,114,85,64,142.42857142857142,95.82772240303056,0,10,0
2023-10-16,Furniture,154,39224.12,183,228,151,160,157.0,92.6318879580169,0,10,0
2023-10-16,Headphones,102,21862.97,120,70,100,53,155.57142857142858,93.19309191647363,0,10,0
2023-10-16,Jacket,73,18139.51,47,154,92,81,153.71428571428572,95.5156431964839,0,10,0
2023-10-16,Jeans,90,19388.9,121,95,166,124,135.28571428571428,85.7918300028504,0,10,0
2023-10-16,Juice,142,37318.37,123,163,195,168,144.42857142857142,79.48554825219668,0,10,0
2023-10-16,Kitchen,77,20773.25,112,116,151,129,117.42857142857144,39.45823590775741,0,10,0
2023-10-16,Laptop,48,9760.02,109,80,68,83,116.42857142857144,39.58895949991067,0,10,0
2023-10-16,Lighting,71,17527.69,68,41,142,63,100.0,30.077677215278595,0,10,0
2023-10-16,Literature,80,25594.76,86,83,75,40,95.14285714285714,29.036922308376116,0,10,0
2023-10-16,Mitsubishi 1.5 Ton 3 Star Split AC,91,19393.68,102,59,57,109,103.0,19.81581859693146,0,10,0
2023-10-16,Non-Fiction,270,80111.29,254,258,310,199,122.0,60.97267147391961,0,10,0
2023-10-16,Shirt,112,26420.08,92,97,113,107,117.57142857142856,62.00499211852948,0,10,0
2023-10-16,Shoes,290,77671.69,115,176,163,202,118.0,61.9704230527208,0,10,0
2023-10-16,Shorts,72,12588.66,78,67,141,123,113.57142857142856,63.80140317907511,0,10,0
2023-10-16,Smartphone,305,82128.3,249,182,202,293,139.42857142857142,77.4679657296202,0,10,0
2023-10-16,Snacks,106,27005.7,116,89,98,136,143.71428571428572,74.80355224567435,0,10,0
2023-10-16,Soft Drink,201,47154.11,177,181,151,228,154.42857142857142,73.18664983646703,0,10,0
2023-10-16,T-shirt,112,29337.35,213,215,178,109,148.57142857142858,65.08163371965213,0,10,0
2023-10-16,Tablet,180,48418.93,203,117,183,127,164.42857142857142,62.47094562769952,0,10,0
2023-10-16,Television,230,57770.03,201,121,187,143,176.71428571428572,59.51670433784166,0,10,0
2023-10-16,Thriller,76,16427.41,81,107,110,61,177.14285714285714,58.69249972364006,0,10,0
2023-10-16,Tools,58,16707.57,73,61,93,93,152.0,60.45108215187922,0,10,0
2023-10-16,Water,511,130047.45,349,360,309,256,185.28571428571428,92.81112412800928,0,10,0
2023-10-17,Bathroom,72,18398.1,55,80,80,82,167.85714285714286,105.2480064283538,1,10,0
2023-10-17,Bedding,58,13646.03,44,120,62,69,143.71428571428572,112.31312521356529,1,10,0
2023-10-17,BlueStar AC,17,5214.490000000001,33,38,79,41,119.42857142857144,115.68615178268126,1,10,0
2023-10-17,Children's,101,23946.62,102,93,73,114,105.28571428571428,109.96168163761072,1,10,0
2023-10-17,Chocolate,54,17946.8,118,82,101,87,110.57142857142856,109.48798585972293,1,10,0
2023-10-17,Coffee,56,14603.15,102,76,109,64,114.71428571428572,108.37237391776225,1,10,0
2023-10-17,Decorations,182,41497.85,190,140,195,201,92.0,54.21254467371737,1,10,0
2023-10-17,Dress,99,21713.04,100,54,134,89,98.42857142857144,51.70382688240328,1,10,0
2023-10-17,Fiction,314,68514.55,299,230,241,231,134.85714285714286,85.65128637179212,1,10,0
2023-10-17,Fridge,110,27431.37,115,123,105,129,146.57142857142858,74.2470137286272,1,10,0
2023-10-17,Furniture,187,36105.47,154,111,163,224,154.0,71.59841711471879,1,10,0
2023-10-17,Headphones,96,20220.16,102,75,53,73,151.71428571428572,73.17721477280125,1,10,0
2023-10-17,Jacket,96,19468.15,73,127,79,121,147.57142857142858,77.17265738342148,1,10,0
2023-10-17,Jeans,98,25655.31,90,63,89,99,133.28571428571428,77.26515878392178,1,10,0
2023-10-17,Juice,164,43904.54,142,183,154,186,139.28571428571428,75.8676792969487,1,10,0
2023-10-17,Kitchen,106,26468.02,77,111,77,82,107.57142857142856,31.266900192038232,1,10,0
2023-10-17,Laptop,107,31598.88,48,80,125,88,98.0,38.11823710508939,1,10,0
2023-10-17,Lighting,81,19500.67,71,78,65,93,86.14285714285714,29.79613269888081,1,10,0
2023-10-17,Literature,72,18781.35,80,90,59,85,83.0,28.99425230397313,1,10,0
2023-10-17,Mitsubishi 1.5 Ton 3 Star Split AC,52,17000.4,91,82,68,95,85.57142857142857,28.75677973890976,1,10,0
2023-10-17,Non-Fiction,400,105071.37,270,279,267,265,111.28571428571428,75.63886630058607,1,10,0
2023-10-17,Shirt,61,14905.06,112,99,135,128,107.0,74.44908774905505,1,10,0
2023-10-17,Shoes,143,39526.27,290,249,172,179,137.42857142857142,99.46834863891264,1,10,0
2023-10-17,Shorts,87,24479.83,72,34,104,90,140.85714285714286,96.23309993868754,1,10,0
2023-10-17,Smartphone,233,63461.19,305,278,238,285,174.28571428571428,107.86212539737043,1,10,0
2023-10-17,Snacks,93,23300.54,106,73,45,110,178.0,104.46849604864926,1,10,0
2023-10-17,Soft Drink,174,30356.96,201,196,183,153,193.7142857142857,97.22262131437368,1,10,0
2023-10-17,T-shirt,205,44521.92,112,219,146,179,171.14285714285714,94.87259627421128,1,10,0
2023-10-17,Tablet,154,41575.97,180,141,255,165,180.8571428571429,91.21847139592676,1,10,0
2023-10-17,Television,189,48375.96,230,147,213,155,172.28571428571428,81.56125363944611,1,10,0
2023-10-17,Thriller,73,16715.27,76,50,83,134,172.85714285714286,80.75152954470579,1,10,0
2023-10-17,Tools,94,21961.58,58,77,119,84,137.57142857142858,66.0046895880811,1,10,0
2023-10-17,Water,357,81715.84,511,344,321,320,195.42857142857144,153.3838943553692,1,10,0
2023-10-18,Bathroom,74,22071.27,72,90,81,124,177.0,160.20091551964774,2,10,0
2023-10-18,Bedding,79,19160.54,58,109,102,74,169.28571428571428,165.0784806142361,2,10,0
2023-10-18,BlueStar AC,34,8886.67,17,39,34,31,146.0,174.54034872582685,2,10,0
2023-10-18,Children's,107,23140.84,101,126,82,125,127.57142857142856,170.96671912281326,2,10,0
2023-10-18,Chocolate,106,33330.61,54,47,55,87,124.42857142857144,172.26999849350508,2,10,0
2023-10-18,Coffee,131,35668.340000000004,56,71,80,96,124.14285714285714,172.40014363047786,2,10,0
2023-10-18,Decorations,186,39715.28,182,220,222,228,77.14285714285714,52.53071663775358,2,10,0
2023-10-18,Dress,121,31583.36,99,119,114,99,81.0,53.07855813163269,2,10,0
2023-10-18,Fiction,243,53775.94,314,257,319,247,117.57142857142856,101.07894133276343,2,10,0
2023-10-18,Fridge,121,27425.56,110,99,98,103,130.85714285714286,91.2951779877196,2,10,0
2023-10-18,Furniture,203,54660.63,187,211,150,146,143.14285714285714,92.38764089680012,2,10,0
2023-10-18,Headphones,74,19497.17,96,154,130,93,149.14285714285714,86.83015714874703,2,10,0
2023-10-18,Jacket,59,16903.760000000002,96,81,102,102,154.85714285714286,80.78454590540683,2,10,0
2023-10-18,Jeans,98,27816.94,98,73,112,54,142.85714285714286,82.30518122902568,2,10,0
2023-10-18,Juice,172,35378.01,164,156,139,115,152.14285714285714,80.17154227327869,2,10,0
2023-10-18,Kitchen,100,28253.9,106,90,98,66,122.42857142857144,37.22838139044247,2,10,0
2023-10-18,Laptop,87,20338.57,107,137,120,79,122.0,37.412119248534,2,10,0
2023-10-18,Lighting,72,22263.16,81,50,113,110,106.85714285714286,26.61095370599648,2,10,0
2023-10-18,Literature,72,21843.07,72,64,85,87,103.42857142857144,29.61900934004272,2,10,0
2023-10-18,Mitsubishi 1.5 Ton 3 Star Split AC,128,36568.02,52,101,59,87,97.14285714285714,35.536031345795145,2,10,0
2023-10-18,Non-Fiction,276,85478.92,400,209,243,291,140.28571428571428,119.90929111306596,2,10,0
2023-10-18,Shirt,112,26049.15,61,123,85,94,125.57142857142856,122.7991003534591,2,10,0
2023-10-18,Shoes,176,39752.34,143,186,181,219,130.85714285714286,122.61243625264692,2,10,0
2023-10-18,Shorts,95,28405.16,87,70,84,142,128.0,123.49089035228418,2,10,0
2023-10-18,Smartphone,288,73093.01,233,298,188,258,149.71428571428572,127.15831901703488,2,10,0
2023-10-18,Snacks,51,16407.92,93,69,107,74,152.71428571428572,125.25269695794186,2,10,0
2023-10-18,Soft Drink,194,51188.21,174,163,125,113,170.14285714285714,117.12732185023904,2,10,0
2023-10-18,T-shirt,243,69858.66,205,184,183,216,142.28571428571428,64.88634752579311,2,10,0
2023-10-18,Tablet,198,56417.46,154,182,191,154,155.57142857142858,54.09207318038672,2,10,0
2023-10-18,Television,222,65619.89,189,90,184,214,162.14285714285714,55.095155780487055,2,10,0
2023-10-18,Thriller,96,22948.63,73,94,92,102,160.14285714285714,58.43066709479533,2,10,0
2023-10-18,Tools,109,27714.02,94,50,67,51,140.28571428571428,52.90152576789565,2,10,0
2023-10-18,Water,385,93716.47,357,358,359,282,178.0,92.7038294786142,2,10,0
2023-10-19,Bathroom,60,21579.14,74,140,51,91,163.71428571428572,100.77650897855467,3,10,0
2023-10-19,Bedding,97,18749.1,79,80,125,90,145.71428571428572,103.3919956374993,3,10,0
2023-10-19,BlueStar AC,44,11654.41,34,26,27,53,128.57142857142858,111.4253967801727,3,10,0
2023-10-19,Children's,77,23818.25,107,63,84,88,116.85714285714286,108.27962038387484,3,10,0
2023-10-19,Chocolate,102,24510.67,106,59,94,44,121.57142857142856,106.7596321069856,3,10,0
2023-10-19,Coffee,100,29798.63,131,89,129,114,126.85714285714286,106.0808317140412,3,10,0
2023-10-19,Decorations,132,37416.43,186,183,114,206,102.42857142857144,48.08623206579546,3,10,0
2023-10-19,Dress,84,28979.34,121,57,64,50,109.14285714285714,46.71697968058324,3,10,0
2023-10-19,Fiction,297,78623.27,243,291,276,209,132.57142857142858,66.15853974319768,3,10,0
2023-10-19,Fridge,125,30673.05,121,111,105,136,145.0,50.98692642890507,3,10,0
2023-10-19,Furniture,153,41901.93,203,148,141,170,158.71428571428572,51.9638152490561,3,10,0
2023-10-19,Headphones,103,23307.79,74,91,82,106,154.14285714285714,58.38501112279979,3,10,0
2023-10-19,Jacket,120,24924.67,59,52,69,123,143.85714285714286,68.59161409246347,3,10,0
2023-10-19,Jeans,58,15209.89,98,52,74,99,131.28571428571428,67.63804226842053,3,10,0
2023-10-19,Juice,215,49377.12,172,177,225,181,138.57142857142858,69.07690676064574,3,10,0
2023-10-19,Kitchen,58,12384.14,100,109,78,137,118.14285714285714,52.10703270329936,3,10,0
2023-10-19,Laptop,93,22989.48,87,91,61,82,113.28571428571428,53.365763949414266,3,10,0
2023-10-19,Lighting,56,12067.59,72,118,112,113,94.57142857142856,37.174620118464965,3,10,0
2023-10-19,Literature,137,40067.86,72,75,37,56,94.28571428571428,37.36626948516394,3,10,0
2023-10-19,Mitsubishi 1.5 Ton 3 Star Split AC,67,19967.62,128,150,109,59,104.14285714285714,35.564160665047964,3,10,0
2023-10-19,Non-Fiction,224,62317.13,276,328,307,195,129.57142857142858,73.6655893047692,3,10,0
2023-10-19,Shirt,55,10214.63,112,59,74,145,121.0,71.36058669414926,3,10,0
2023-10-19,Shoes,159,40724.54,176,251,167,119,131.85714285714286,73.38580373938868,3,10,0
2023-10-19,Shorts,84,19629.17,95,60,130,88,133.0,72.62919523166897,3,10,0
2023-10-19,Smartphone,279,84326.96,288,279,171,332,163.85714285714286,86.88004867138837,3,10,0
2023-10-19,Snacks,64,17959.26,51,58,82,45,160.85714285714286,90.85231343858452,3,10,0
2023-10-19,Soft Drink,145,39684.91,194,197,145,200,170.28571428571428,90.29712857323536,3,10,0
2023-10-19,T-shirt,161,43641.29,243,164,234,170,165.57142857142858,84.53570674150464,3,10,0
2023-10-19,Tablet,171,44002.46,198,150,202,192,177.85714285714286,81.65257409991949,3,10,0
2023-10-19,Television,156,37441.49,222,161,168,247,184.42857142857144,83.31237831770488,3,10,0
2023-10-19,Thriller,110,22260.24,96,63,80,90,184.57142857142856,83.134142891388,3,10,0
2023-10-19,Tools,82,14902.73,109,161,90,79,159.0,72.92004754066798,3,10,0
2023-10-19,Water,317,75101.46,385,357,376,312,206.7142857142857,96.07239333911076,3,10,0
2023-10-20,Bathroom,95,18191.17,60,54,60,49,187.57142857142856,111.18881409994616,4,10,0
2023-10-20,Bedding,64,12665.54,97,91,155,73,166.71428571428572,112.74117006919606,4,10,0
2023-10-20,BlueStar AC,61,22556.99,44,27,39,39,144.71428571428572,120.38509637231404,4,10,0
2023-10-20,Children's,73,20735.19,77,107,85,108,124.0,117.30586799758372,4,10,0
2023-10-20,Chocolate,101,25768.28,102,93,52,116,124.85714285714286,117.08889581770508,4,10,0
2023-10-20,Coffee,93,22025.49,100,109,87,67,123.57142857142856,117.34117939134688,4,10,0
2023-10-20,Decorations,216,58461.08,132,206,152,148,87.42857142857143,29.42706884744336,4,10,0
2023-10-20,Dress,65,20367.29,84,78,59,92,90.85714285714286,26.996472432696127,4,10,0
2023-10-20,Fiction,291,71542.99,297,296,280,266,119.42857142857144,82.78054751944389,4,10,0
2023-10-20,Fridge,141,32169.85,125,162,45,113,131.0,75.850730605138,4,10,0
2023-10-20,Furniture,159,43536.91,153,197,202,265,141.85714285714286,72.18362827176325,4,10,0
2023-10-20,Headphones,86,20573.56,103,73,59,98,142.0,72.09253313161663,4,10,0
2023-10-20,Jacket,97,26196.44,120,60,56,123,144.85714285714286,70.52996661332051,4,10,0
2023-10-20,Jeans,96,23697.53,58,134,90,115,134.28571428571428,77.93526006824288,4,10,0
2023-10-20,Juice,150,39463.43,215,132,194,173,153.0,79.55920227520258,4,10,0
2023-10-20,Kitchen,65,16133.03,58,76,112,73,118.85714285714286,54.934593143204246,4,10,0
2023-10-20,Laptop,97,24996.12,93,68,83,70,114.28571428571428,55.66481319982381,4,10,0
2023-10-20,Lighting,69,22852.42,56,78,127,69,100.42857142857144,56.48851547838907,4,10,0
2023-10-20,Literature,102,27427.18,137,82,105,90,105.28571428571428,58.182798963593406,4,10,0
2023-10-20,Mitsubishi 1.5 Ton 3 Star Split AC,72,17816.7,67,55,93,109,97.71428571428572,59.3849427765258,4,10,0
2023-10-20,Non-Fiction,222,46785.63,224,235,296,196,121.42857142857144,72.56458535414444,4,10,0
2023-10-20,Shirt,54,13135.0,55,112,97,75,98.57142857142856,62.70793980259224,4,10,0
2023-10-20,Shoes,244,71390.11,159,146,172,229,113.0,63.43237869311314,4,10,0
2023-10-20,Shorts,64,13836.08,84,104,84,68,111.71428571428572,63.99404734221723,4,10,0
2023-10-20,Smartphone,260,62362.11,279,272,172,264,143.57142857142858,84.01162051140481,4,10,0
2023-10-20,Snacks,156,43364.12,64,68,119,49,133.14285714285714,89.3260480327141,4,10,0
2023-10-20,Soft Drink,130,33998.23,145,189,207,130,144.28571428571428,84.43086774735495,4,10,0
2023-10-20,T-shirt,189,50734.85,161,200,123,177,135.28571428571428,77.59878496839575,4,10,0
2023-10-20,Tablet,183,48266.35,171,227,214,155,151.85714285714286,69.56634380557973,4,10,0
2023-10-20,Television,138,34590.56,156,133,147,129,151.42857142857142,69.52423352773462,4,10,0
2023-10-20,Thriller,130,39881.34,110,86,83,81,155.14285714285714,65.92275421893008,4,10,0
2023-10-20,Tools,81,18552.57,82,64,80,60,127.0,41.912607490664925,4,10,0
2023-10-20,Water,445,123188.92,317,384,428,314,163.14285714285714,74.75165231491195,4,10,0
2023-10-21,Bathroom,86,22242.47,95,109,72,74,156.0,79.04007422398637,5,10,1
2023-10-21,Bedding,113,25551.08,64,71,107,65,142.14285714285714,86.19634286795139,5,10,1
2023-10-21,BlueStar AC,11,3794.12,61,21,51,48,126.42857142857144,90.00158728758949,5,10,1
2023-10-21,Children's,94,27188.43,73,66,96,69,114.57142857142856,90.91911633031616,5,10,1
2023-10-21,Chocolate,108,26413.46,101,83,115,80,113.28571428571428,91.05806624660592,5,10,1
2023-10-21,Coffee,105,33755.73,93,83,39,86,114.85714285714286,90.52150494298417,5,10,1
2023-10-21,Decorations,161,40952.27,216,133,169,163,100.42857142857144,53.34746836497677,5,10,1
2023-10-21,Dress,91,25015.12,65,105,94,117,96.14285714285714,55.03462113805573,5,10,1
2023-10-21,Fiction,318,81894.89,291,272,275,278,128.57142857142858,89.20735609215342,5,10,1
2023-10-21,Fridge,133,32262.06,141,66,121,90,140.0,84.08527417647657,5,10,1
2023-10-21,Furniture,161,29686.65,159,188,172,172,152.28571428571428,78.77968072566699,5,10,1
2023-10-21,Headphones,64,16608.25,86,72,74,87,150.14285714285714,80.59038108738196,5,10,1
2023-10-21,Jacket,67,14343.15,97,73,104,91,150.71428571428572,80.13054824412903,5,10,1
2023-10-21,Jeans,94,20301.99,96,91,72,64,133.57142857142858,76.59385776691848,5,10,1
2023-10-21,Juice,271,56963.09,150,205,151,123,145.71428571428572,70.39818720609699,5,10,1
2023-10-21,Kitchen,65,17119.95,65,100,54,85,113.42857142857144,36.16101557781379,5,10,1
2023-10-21,Laptop,73,18194.41,97,83,108,82,107.14285714285714,34.34835547459811,5,10,1
2023-10-21,Lighting,112,26856.43,69,104,93,120,94.28571428571428,27.950636759077533,5,10,1
2023-10-21,Literature,127,28093.46,102,95,123,85,96.57142857142856,27.81400811855159,5,10,1
2023-10-21,Mitsubishi 1.5 Ton 3 Star Split AC,51,13617.02,72,100,83,104,93.0,29.31438782122409,5,10,1
2023-10-21,Non-Fiction,355,95910.4,222,197,205,271,111.0,57.037999029885086,5,10,1
2023-10-21,Shirt,62,14653.24,54,75,103,119,97.28571428571428,57.63596760621418,5,10,1
2023-10-21,Shoes,160,46124.65,244,159,110,220,122.85714285714286,77.28395385724897,5,10,1
2023-10-21,Shorts,88,24728.24,64,119,150,48,118.14285714285714,80.08001950430193,5,10,1
2023-10-21,Smartphone,326,85001.39,260,250,261,357,145.42857142857142,92.17168246060696,5,10,1
2023-10-21,Snacks,32,9501.6,156,145,79,107,153.14285714285714,90.1691532092662,5,10,1
2023-10-21,Soft Drink,221,54402.22,130,200,224,196,161.42857142857142,83.91832764233128,5,10,1
2023-10-21,T-shirt,150,30554.59,189,191,171,187,156.71428571428572,80.81813799247894,5,10,1
2023-10-21,Tablet,113,28953.07,183,167,166,216,175.14285714285714,67.02345005401345,5,10,1
2023-10-21,Television,204,56609.15,138,170,149,253,160.0,60.5337371499008,5,10,1
2023-10-21,Thriller,94,28953.31,130,78,90,73,169.42857142857142,46.63281084836099,5,10,1
2023-10-21,Tools,92,25710.24,81,92,82,66,143.85714285714286,36.71252543491711,5,10,1
2023-10-21,Water,380,99704.87,445,363,404,433,185.14285714285717,120.20458750456596,5,10,1
2023-10-22,Bathroom,96,23356.31,86,90,109,48,178.85714285714286,124.63737878532336,6,10,1
2023-10-22,Bedding,120,30741.69,113,103,74,80,168.0,126.89628310816131,6,10,1
2023-10-22,BlueStar AC,21,6295.81,11,28,33,48,143.42857142857142,139.53118784326423,6,10,1
2023-10-22,Children's,76,16114.41,94,81,172,103,137.14285714285714,140.80178570296172,6,10,1
2023-10-22,Chocolate,92,25096.51,108,130,97,83,134.0,141.23266855323013,6,10,1
2023-10-22,Coffee,98,25136.73,105,60,77,88,137.42857142857142,140.01768595771134,6,10,1
2023-10-22,Decorations,172,46969.44,161,250,223,173,96.85714285714286,44.83833393956561,6,10,1
2023-10-22,Dress,68,24885.17,91,59,67,68,97.57142857142856,44.676082873862086,6,10,1
2023-10-22,Fiction,264,63729.47,318,301,314,283,126.85714285714286,95.15150825819524,6,10,1
2023-10-22,Fridge,127,27009.28,133,116,144,91,144.28571428571428,80.42742957829336,6,10,1
2023-10-22,Furniture,144,32321.55,161,183,201,236,153.85714285714286,77.37447591944938,6,10,1
2023-10-22,Headphones,103,28117.84,64,120,82,96,147.57142857142858,83.28236536597827,6,10,1
2023-10-22,Jacket,68,14625.71,67,47,74,76,142.14285714285714,87.64403111721923,6,10,1
2023-10-22,Jeans,73,18620.38,94,121,92,130,132.57142857142858,88.89105156099197,6,10,1
2023-10-22,Juice,192,56030.12,271,123,123,123,158.28571428571428,100.17936295417682,6,10,1
2023-10-22,Kitchen,114,33805.85,65,112,128,158,122.14285714285714,75.56989826517824,6,10,1
2023-10-22,Laptop,62,14317.0,73,109,127,86,113.57142857142856,77.51098232477916,6,10,1
2023-10-22,Lighting,103,24858.86,112,68,114,85,106.57142857142856,74.67453189867042,6,10,1
2023-10-22,Literature,73,19412.56,127,86,97,108,115.57142857142856,72.45195452357076,6,10,1
2023-10-22,Mitsubishi 1.5 Ton 3 Star Split AC,73,15614.4,51,102,50,126,113.28571428571428,74.46411727741496,6,10,1
2023-10-22,Non-Fiction,327,88867.51,355,254,298,302,150.57142857142858,116.61311696211094,6,10,1
2023-10-22,Shirt,109,24636.93,62,92,84,115,120.71428571428572,106.99955496124564,6,10,1
2023-10-22,Shoes,175,46958.92,160,115,165,174,134.28571428571428,104.75640678213745,6,10,1
2023-10-22,Shorts,69,21975.61,88,78,64,90,136.42857142857142,103.43896290865904,6,10,1
2023-10-22,Smartphone,221,53514.61,326,249,265,252,167.0,124.49631855333428,6,10,1
2023-10-22,Snacks,110,26245.4,32,116,41,113,153.42857142857142,134.36995837718206,6,10,1
2023-10-22,Soft Drink,140,44518.35,221,177,153,84,177.71428571428572,127.98269972371811,6,10,1
2023-10-22,T-shirt,183,45846.4,150,213,181,127,148.42857142857142,101.33419485849268,6,10,1
2023-10-22,Tablet,219,49769.49,113,203,109,211,155.71428571428572,95.76484094856886,6,10,1
2023-10-22,Television,172,51804.48,204,201,206,156,162.0,97.52093792275213,6,10,1
2023-10-22,Thriller,87,21860.09,94,81,66,113,162.85714285714286,96.78572307151572,6,10,1
2023-10-22,Tools,125,34887.16,92,73,80,33,129.42857142857142,66.81780486980196,6,10,1
2023-10-22,Water,270,74909.55,380,349,337,386,179.14285714285714,102.29113446665924,6,10,1
2023-10-23,Bathroom,94,24848.04,96,55,93,118,161.28571428571428,104.6497559890675,0,10,0
2023-10-23,Bedding,77,21843.05,120,44,127,75,157.0,105.7969753820965,0,10,0
2023-10-23,BlueStar AC,20,5253.08,21,33,32,24,143.85714285714286,117.26668832399125,0,10,0
2023-10-23,Children's,87,17580.85,76,102,92,107,125.57142857142856,116.30112802957784,0,10,0
2023-10-23,Chocolate,46,10165.8,92,118,69,49,125.28571428571428,116.39403519326626,0,10,0
2023-10-23,Coffee,76,18720.68,98,102,132,128,126.14285714285714,116.12985342771572,0,10,0
2023-10-23,Decorations,188,51265.97,172,190,212,156,96.42857142857144,45.45274888224263,0,10,0
2023-10-23,Dress,95,27053.99,68,100,75,166,92.42857142857144,46.71137314350973,0,10,0
2023-10-23,Fiction,309,83471.32,264,299,289,232,113.0,80.42180467178366,0,10,0
2023-10-23,Fridge,74,12716.56,127,115,114,104,128.14285714285714,69.44165073745542,0,10,0
2023-10-23,Furniture,216,60006.76,144,154,228,153,137.85714285714286,65.58055751371306,0,10,0
2023-10-23,Headphones,102,33681.47,103,102,70,66,139.42857142857142,64.42012403707622,0,10,0
2023-10-23,Jacket,109,25341.3,68,73,154,94,135.14285714285714,68.50408399365269,0,10,0
2023-10-23,Jeans,101,26616.07,73,90,95,79,121.0,69.83313444681214,0,10,0
2023-10-23,Juice,179,48612.08,192,142,163,187,138.71428571428572,69.87539930885069,0,10,0
2023-10-23,Kitchen,69,16244.42,114,77,116,94,117.28571428571428,42.80854387352244,0,10,0
2023-10-23,Laptop,86,20119.37,62,48,80,84,108.0,47.17697178355683,0,10,0
2023-10-23,Lighting,84,21893.95,103,71,41,123,102.14285714285714,44.42757616401512,0,10,0
2023-10-23,Literature,61,16291.04,73,80,83,81,97.85714285714286,45.75816346630792,0,10,0
2023-10-23,Mitsubishi 1.5 Ton 3 Star Split AC,87,26213.94,73,91,59,83,98.57142857142856,45.2506248312538,0,10,0
2023-10-23,Non-Fiction,271,71387.74,327,270,258,268,134.85714285714286,95.38942738659644,0,10,0
2023-10-23,Shirt,147,41661.41,109,112,97,102,123.0,92.20809798132272,0,10,0
2023-10-23,Shoes,123,27276.13,175,290,176,201,131.71428571428572,94.0792472435056,0,10,0
2023-10-23,Shorts,66,13320.97,69,72,67,100,132.71428571428572,93.2482605480552,0,10,0
2023-10-23,Smartphone,271,68844.52,221,305,182,223,149.57142857142858,97.54803456563832,0,10,0
2023-10-23,Snacks,114,27866.69,110,106,89,89,154.85714285714286,93.63124224215684,0,10,0
2023-10-23,Soft Drink,167,35062.97,140,201,181,199,164.42857142857142,87.06292196424567,0,10,0
2023-10-23,T-shirt,136,35054.45,183,112,215,165,143.85714285714286,52.33363663848939,0,10,0
2023-10-23,Tablet,206,57562.78,219,180,117,198,159.57142857142858,56.473761290405086,0,10,0
2023-10-23,Television,154,32120.07,172,230,121,236,159.14285714285714,56.34840598582003,0,10,0
2023-10-23,Thriller,79,20284.09,87,76,107,69,161.71428571428572,51.77423518094086,0,10,0
2023-10-23,Tools,97,30070.16,125,58,61,72,148.0,45.82575694955756,0,10,0
2023-10-23,Water,366,97599.26,270,511,360,399,170.85714285714286,61.07762430281773,0,10,0
2023-10-24,Bathroom,96,26210.1,94,72,80,102,164.28571428571428,67.12603639352402,1,10,0
2023-10-24,Bedding,178,42310.6,77,58,120,104,149.14285714285714,73.82282522234873,1,10,0
2023-10-24,BlueStar AC,34,3965.01,20,17,38,37,120.71428571428572,80.45643600879903,1,10,0
2023-10-24,Children's,65,17201.28,87,101,93,115,108.57142857142856,77.79643767092149,1,10,0
2023-10-24,Chocolate,157,38543.36,46,54,82,105,102.71428571428572,81.16180194671594,1,10,0
2023-10-24,Coffee,86,23582.98,76,56,76,89,95.71428571428572,81.03232747020124,1,10,0
2023-10-24,Decorations,127,34568.45,188,182,140,143,84.0,52.56424640380394,1,10,0
2023-10-24,Dress,85,19594.75,95,99,54,77,84.14285714285714,52.59730212164885,1,10,0
2023-10-24,Fiction,282,78918.12,309,314,230,275,117.28571428571428,99.51501442113128,1,10,0
2023-10-24,Fridge,68,12164.54,74,110,123,96,125.0,92.56709278499864,1,10,0
2023-10-24,Furniture,213,55047.2,216,187,111,169,143.42857142857142,96.49845792007402,1,10,0
2023-10-24,Headphones,83,12374.01,102,96,75,94,151.42857142857142,89.11389181427127,1,10,0
2023-10-24,Jacket,89,25003.66,109,96,127,125,156.14285714285714,85.24753871604032,1,10,0
2023-10-24,Jeans,71,14006.25,101,98,63,89,143.71428571428572,86.16595283852749,1,10,0
2023-10-24,Juice,153,43008.86,179,164,183,165,155.71428571428572,84.0747966311627,1,10,0
2023-10-24,Kitchen,49,12619.96,69,106,111,80,121.42857142857144,55.0843509019176,1,10,0
2023-10-24,Laptop,95,29478.79,86,107,80,70,123.14285714285714,53.527029220224215,1,10,0
2023-10-24,Lighting,92,23824.13,84,81,78,71,104.28571428571428,35.617010382277655,1,10,0
2023-10-24,Literature,80,22419.0,61,72,90,95,98.42857142857144,39.24222701315786,1,10,0
2023-10-24,Mitsubishi 1.5 Ton 3 Star Split AC,80,17252.67,87,52,82,116,95.28571428571428,39.13529645436787,1,10,0
2023-10-24,Non-Fiction,209,53342.7,271,400,279,256,119.57142857142856,77.35601063235005,1,10,0
2023-10-24,Shirt,81,21106.09,147,61,99,76,115.0,74.13726008784785,1,10,0
2023-10-24,Shoes,196,44490.29,123,143,249,224,122.71428571428572,71.30851815810395,1,10,0
2023-10-24,Shorts,97,33911.51,66,87,34,91,119.85714285714286,73.39488758632578,1,10,0
2023-10-24,Smartphone,306,82451.06,271,233,278,244,146.57142857142858,90.26231613627934,1,10,0
2023-10-24,Snacks,100,19122.95,114,93,73,95,154.14285714285714,83.88569320098307,1,10,0
2023-10-24,Soft Drink,159,36665.28,167,174,196,191,165.57142857142858,78.48961108082395,1,10,0
2023-10-24,T-shirt,195,45382.24,136,205,219,209,146.28571428571428,63.4027188841668,1,10,0
2023-10-24,Tablet,128,31235.46,206,154,141,249,154.71428571428572,67.31447166277121,1,10,0
2023-10-24,Television,172,46543.72,154,189,147,190,159.14285714285714,65.88482013187458,1,10,0
2023-10-24,Thriller,89,12583.16,79,73,50,58,161.0,62.93912402737487,1,10,0
2023-10-24,Tools,83,18787.1,97,94,77,67,136.14285714285714,43.6632132403937,1,10,0
2023-10-24,Water,307,81761.49,366,357,344,300,172.14285714285714,95.49071258753992,1,10,0
2023-10-25,Bathroom,69,9786.4,96,74,90,105,162.0,99.80146959505797,2,10,0
2023-10-25,Bedding,103,25782.69,178,79,109,69,168.0,99.23876930581764,2,10,0
2023-10-25,BlueStar AC,22,6597.53,34,34,39,34,143.42857142857142,109.06856733703022,2,10,0
2023-10-25,Children's,93,23695.41,65,107,126,119,130.71428571428572,112.75595222383896,2,10,0
2023-10-25,Chocolate,106,27872.88,157,106,47,59,141.85714285714286,110.62764659196228,2,10,0
2023-10-25,Coffee,92,20118.8,86,131,71,59,140.28571428571428,111.44612193898004,2,10,0
2023-10-25,Decorations,276,61996.2,127,186,220,168,106.14285714285714,50.97525076422912,2,10,0
2023-10-25,Dress,113,27225.72,85,121,119,58,104.57142857142856,51.50681878113061,2,10,0
2023-10-25,Fiction,270,67512.17,282,243,257,224,119.42857142857144,82.11954120438644,2,10,0
2023-10-25,Fridge,89,22517.36,68,121,99,65,124.28571428571428,77.07510252066689,2,10,0
2023-10-25,Furniture,173,39917.57,213,203,211,170,145.42857142857142,78.38974665702334,2,10,0
2023-10-25,Headphones,91,21703.57,83,74,154,86,134.85714285714286,81.49729764728046,2,10,0
2023-10-25,Jacket,80,22985.1,89,59,81,86,135.28571428571428,81.20491423083949,2,10,0
2023-10-25,Jeans,85,26515.05,71,98,73,192,127.28571428571428,84.83457291638032,2,10,0
2023-10-25,Juice,199,53220.74,153,172,156,202,137.0,83.06021911841977,2,10,0
2023-10-25,Kitchen,111,26866.51,49,100,90,78,103.71428571428572,58.24864600919589,2,10,0
2023-10-25,Laptop,74,20467.79,95,87,137,64,107.57142857142856,56.35263123953401,2,10,0
2023-10-25,Lighting,89,24553.72,92,72,50,92,90.28571428571428,31.857569930937768,2,10,0
2023-10-25,Literature,175,51482.05,80,72,64,88,89.85714285714286,31.991814429257023,2,10,0
2023-10-25,Mitsubishi 1.5 Ton 3 Star Split AC,95,23054.15,80,128,101,121,88.57142857142857,32.2120947412439,2,10,0
2023-10-25,Non-Fiction,267,65754.81,209,276,209,340,108.28571428571428,54.31302571119216,2,10,0
2023-10-25,Shirt,103,24375.21,81,112,123,58,98.0,51.15988011453091,2,10,0
2023-10-25,Shoes,137,30241.77,196,176,186,203,119.0,57.47463208523573,2,10,0
2023-10-25,Shorts,109,30984.9,97,95,70,56,119.28571428571428,57.34025428880341,2,10,0
2023-10-25,Smartphone,301,74452.22,306,288,298,300,149.85714285714286,88.79081891620017,2,10,0
2023-10-25,Snacks,79,19632.96,100,51,69,88,152.71428571428572,86.45945925830225,2,10,0
2023-10-25,Soft Drink,188,43231.46,159,194,163,127,164.0,80.32434251209247,2,10,0
2023-10-25,T-shirt,167,36575.41,195,243,184,138,162.0,79.18333157931626,2,10,0
2023-10-25,Tablet,154,30730.58,128,198,182,152,168.71428571428572,72.9148231059459,2,10,0
2023-10-25,Television,134,37078.99,172,222,90,171,165.28571428571428,71.97618653812785,2,10,0
2023-10-25,Thriller,59,13340.35,89,96,94,130,164.14285714285714,73.29262939620511,2,10,0
2023-10-25,Tools,73,13537.92,83,109,50,114,132.28571428571428,43.9458541302589,2,10,0
2023-10-25,Water,298,85149.83,307,385,358,271,161.85714285714286,76.32043975115361,2,10,0
2023-10-26,Bathroom,55,16006.86,69,60,140,77,149.0,84.06941576261008,3,10,0
2023-10-26,Bedding,74,20435.58,103,97,80,100,135.85714285714286,82.86219196438603,3,10,0
2023-10-26,BlueStar AC,13,4138.360000000001,22,44,26,76,120.71428571428572,93.5355801922704,3,10,0
2023-10-26,Children's,103,24789.14,93,77,63,64,109.42857142857144,91.04917561928964,3,10,0
2023-10-26,Chocolate,85,27246.26,106,102,59,117,111.85714285714286,90.6392640662757,3,10,0
2023-10-26,Coffee,75,14219.8,92,100,89,54,113.14285714285714,90.2245875051588,3,10,0
2023-10-26,Decorations,164,45535.31,276,132,183,204,108.71428571428572,79.21219242371272,3,10,0
2023-10-26,Dress,94,24711.39,113,84,57,72,115.0,77.25714637926086,3,10,0
2023-10-26,Fiction,291,73076.29000000001,270,297,291,257,138.85714285714286,96.35771647257648,3,10,0
2023-10-26,Fridge,114,22090.66,89,125,111,71,148.42857142857142,85.53528929211404,3,10,0
2023-10-26,Furniture,164,46981.63,173,153,148,115,159.85714285714286,82.17345185932092,3,10,0
2023-10-26,Headphones,58,13904.18,91,103,91,113,157.71428571428572,83.98752741868701,3,10,0
2023-10-26,Jacket,97,24720.41,80,120,52,61,156.0,85.65823564219188,3,10,0
2023-10-26,Jeans,86,20266.49,85,58,52,75,128.71428571428572,70.0635765708878,3,10,0
2023-10-26,Juice,190,35318.14,199,215,177,167,141.0,74.26304599193273,3,10,0
2023-10-26,Kitchen,96,26572.93,111,58,109,55,118.28571428571428,47.84946633528224,3,10,0
2023-10-26,Laptop,105,25488.84,74,93,91,83,116.14285714285714,49.68040717569386,3,10,0
2023-10-26,Lighting,76,21644.8,89,56,118,88,104.14285714285714,43.40671442464536,3,10,0
2023-10-26,Literature,107,28093.14,175,137,75,59,116.14285714285714,50.24084849146891,3,10,0
2023-10-26,Mitsubishi 1.5 Ton 3 Star Split AC,87,20258.64,95,67,150,90,118.28571428571428,48.73983410488088,3,10,0
2023-10-26,Non-Fiction,234,58567.46,267,224,328,233,144.28571428571428,71.33188694572726,3,10,0
2023-10-26,Shirt,82,21866.2,103,55,59,49,130.57142857142858,68.21988259263043,3,10,0
2023-10-26,Shoes,248,68542.33,137,159,251,196,134.28571428571428,67.6823814733544,3,10,0
2023-10-26,Shorts,112,37325.07,109,84,60,108,139.28571428571428,63.6598101518638,3,10,0
2023-10-26,Smartphone,274,75106.56999999999,301,279,279,290,169.57142857142858,83.18424759303294,3,10,0
2023-10-26,Snacks,65,9790.65,79,64,58,122,155.85714285714286,89.79129239784963,3,10,0
2023-10-26,Soft Drink,277,70731.35,188,145,197,245,169.14285714285714,86.08993083094067,3,10,0
2023-10-26,T-shirt,145,31218.0,167,161,164,222,154.85714285714286,74.68696577812486,3,10,0
2023-10-26,Tablet,191,44925.22,154,171,150,166,162.14285714285714,71.19089026794654,3,10,0
2023-10-26,Television,198,45236.39,134,156,161,126,161.71428571428572,71.37626656369311,3,10,0
2023-10-26,Thriller,80,23742.84,59,110,63,80,154.57142857142858,79.56309266415961,3,10,0
2023-10-26,Tools,90,22563.18,73,82,161,110,122.0,51.26402247190402,3,10,0
2023-10-26,Water,344,83519.88,298,317,357,369,153.28571428571428,79.62770515700777,3,10,0
2023-10-27,Bathroom,74,20450.08,55,95,54,63,134.28571428571428,85.60707580902019,4,10,0
2023-10-27,Bedding,121,28006.84,74,64,91,47,121.0,86.89073598491314,4,10,0
2023-10-27,BlueStar AC,29,7250.110000000001,13,61,27,51,100.85714285714286,94.0167158389544,4,10,0
2023-10-27,Children's,56,12236.81,103,73,107,76,96.42857142857144,92.91906360350504,4,10,0
2023-10-27,Chocolate,91,23922.06,85,101,93,37,100.14285714285714,91.68501980772376,4,10,0
2023-10-27,Coffee,79,12447.75,75,93,109,111,100.42857142857144,91.58940466898387,4,10,0
2023-10-27,Decorations,164,37997.26,164,216,206,160,81.28571428571429,46.14005593738017,4,10,0
2023-10-27,Dress,95,17479.18,94,65,78,109,86.85714285714286,44.77137691065586,4,10,0
2023-10-27,Fiction,236,68340.31999999999,291,291,296,340,117.85714285714286,88.32596555077143,4,10,0
2023-10-27,Fridge,148,40940.93,114,141,162,87,132.28571428571428,75.6873267368542,4,10,0
2023-10-27,Furniture,233,59197.46,164,159,197,187,141.0,75.26397987528017,4,10,0
2023-10-27,Headphones,134,32249.49,58,86,73,62,137.14285714285714,79.20107021883877,4,10,0
2023-10-27,Jacket,148,38503.88,97,97,60,49,140.28571428571428,76.72182280966743,4,10,0
2023-10-27,Jeans,101,32554.6,86,96,134,87,129.14285714285714,78.35055535099553,4,10,0
2023-10-27,Juice,189,44768.82,190,150,132,128,142.85714285714286,79.5663843831642,4,10,0
2023-10-27,Kitchen,42,11465.39,96,65,76,87,115.0,46.19162983340741,4,10,0
2023-10-27,Laptop,68,19913.48,105,97,68,78,113.71428571428572,46.34908947582422,4,10,0
2023-10-27,Lighting,46,15321.29,76,69,78,89,101.14285714285714,42.18383802448557,4,10,0
2023-10-27,Literature,74,18819.06,107,102,82,98,108.14285714285714,37.65381154424316,4,10,0
2023-10-27,Mitsubishi 1.5 Ton 3 Star Split AC,153,38001.23,87,72,55,95,106.71428571428572,38.33064172744762,4,10,0
2023-10-27,Non-Fiction,282,60887.58,234,222,235,218,127.85714285714286,59.803646966352126,4,10,0
2023-10-27,Shirt,116,26138.65,82,54,112,53,112.42857142857144,54.82352640626932,4,10,0
2023-10-27,Shoes,208,56976.54,248,244,146,198,134.14285714285714,73.98519800479973,4,10,0
2023-10-27,Shorts,83,25054.14,112,64,104,57,135.14285714285714,73.57179842717875,4,10,0
2023-10-27,Smartphone,306,78730.75,274,260,272,209,163.42857142857142,84.32053356657751,4,10,0
2023-10-27,Snacks,97,21757.66,65,156,68,67,157.42857142857142,90.28816301682252,4,10,0
2023-10-27,Soft Drink,177,47376.49,277,130,189,122,184.57142857142856,94.0670986456956,4,10,0
2023-10-27,T-shirt,163,46484.69,145,189,200,160,171.85714285714286,92.2703068370832,4,10,0
2023-10-27,Tablet,185,53081.57,191,183,227,156,187.42857142857144,83.34438022017859,4,10,0
2023-10-27,Television,167,36974.73,198,138,133,163,180.28571428571428,79.3341336494244,4,10,0
2023-10-27,Thriller,92,26316.12,80,130,86,74,175.71428571428572,84.66741656960718,4,10,0
2023-10-27,Tools,62,17225.85,90,81,64,95,149.42857142857142,77.31075203975384,4,10,0
2023-10-27,Water,361,92865.93,344,445,384,391,189.28571428571428,96.15216115739716,4,10,0
2023-10-28,Bathroom,57,14101.62,74,86,109,67,160.28571428571428,95.90049406496662,5,10,1
2023-10-28,Bedding,95,19616.75,121,113,71,77,156.85714285714286,96.96120972056876,5,10,1
2023-10-28,BlueStar AC,35,7781.7,29,11,21,26,133.71428571428572,106.33393043570172,5,10,1
2023-10-28,Children's,89,23873.08,56,94,66,81,113.42857142857144,105.56807778689024,5,10,1
2023-10-28,Chocolate,112,25438.67,91,108,83,92,115.0,105.0682317988325,5,10,1
2023-10-28,Coffee,78,15575.51,79,105,83,29,113.42857142857144,105.5854427195604,5,10,1
2023-10-28,Decorations,176,45017.9,164,161,133,172,87.71428571428571,44.07461206376347,5,10,1
2023-10-28,Dress,134,36749.64,95,91,105,96,90.71428571428572,43.69864332643806,5,10,1
2023-10-28,Fiction,243,58816.39,236,318,272,400,107.14285714285714,70.42591514357035,5,10,1
2023-10-28,Fridge,139,33681.42,148,133,66,75,124.14285714285714,62.31486866826194,5,10,1
2023-10-28,Furniture,204,53956.77,233,161,188,181,149.42857142857142,65.86566415277106,5,10,1
2023-10-28,Headphones,86,17941.22,134,64,72,63,155.57142857142858,61.35920779273725,5,10,1
2023-10-28,Jacket,67,12225.15,148,67,73,93,165.42857142857142,51.80687580767947,5,10,1
2023-10-28,Jeans,130,38968.88,101,94,91,160,156.42857142857142,57.27959829601033,5,10,1
2023-10-28,Juice,159,31553.69,189,271,205,151,169.85714285714286,51.171048362097686,5,10,1
2023-10-28,Kitchen,77,20913.98,42,65,100,78,142.14285714285714,60.97384294768889,5,10,1
2023-10-28,Laptop,89,24594.49,68,73,83,110,130.71428571428572,66.90220296750061,5,10,1
2023-10-28,Lighting,92,26166.35,46,112,104,109,104.0,55.63871553753295,5,10,1
2023-10-28,Literature,79,17630.03,74,127,95,74,95.42857142857144,54.86303291791487,5,10,1
2023-10-28,Mitsubishi 1.5 Ton 3 Star Split AC,112,24237.93,153,51,100,134,96.14285714285714,55.687905842675455,5,10,1
2023-10-28,Non-Fiction,238,58516.87,282,355,197,231,122.0,89.85729426893069,5,10,1
2023-10-28,Shirt,59,15898.820000000002,116,62,75,89,111.57142857142856,84.88395439825815,5,10,1
2023-10-28,Shoes,132,36621.68,208,160,159,204,135.28571428571428,85.39460226055269,5,10,1
2023-10-28,Shorts,102,23635.46,83,88,119,83,137.42857142857142,83.59397335306103,5,10,1
2023-10-28,Smartphone,184,57297.65,306,326,250,239,174.57142857142858,93.38782422931628,5,10,1
2023-10-28,Snacks,67,17615.75,97,32,145,107,177.85714285714286,89.58688254320208,5,10,1
2023-10-28,Soft Drink,220,48881.65,177,221,200,164,181.28571428571428,88.93389733525717,5,10,1
2023-10-28,T-shirt,126,27078.25,163,150,191,179,164.28571428571428,77.05347555586339,5,10,1
2023-10-28,Tablet,194,45233.31,185,113,167,159,174.14285714285714,74.2078804697283,5,10,1
2023-10-28,Television,188,41975.95,167,204,170,212,168.28571428571428,72.69276508180194,5,10,1
2023-10-28,Thriller,66,19253.12,92,94,78,93,169.57142857142858,70.99262201773034,5,10,1
2023-10-28,Tools,98,22180.15,62,92,92,96,134.71428571428572,49.48640987083881,5,10,1
2023-10-28,Water,407,102954.64,361,380,363,406,172.42857142857142,95.3237590929932,5,10,1
2023-10-29,Bathroom,97,26264.89,57,96,90,99,155.28571428571428,104.69433968417152,6,10,1
2023-10-29,Bedding,69,21376.42,95,120,103,128,145.57142857142858,106.98887347579168,6,10,1
2023-10-29,BlueStar AC,6,1930.52,35,21,28,30,124.14285714285714,112.64757516465264,6,10,1
2023-10-29,Children's,78,21962.25,89,76,81,65,113.0,111.55417219151056,6,10,1
2023-10-29,Chocolate,113,30068.51,112,92,130,74,115.85714285714286,111.18217568691506,6,10,1
2023-10-29,Coffee,57,15234.25,78,98,60,112,118.14285714285714,110.0491232305346,6,10,1
2023-10-29,Decorations,144,42174.61,176,172,250,220,91.71428571428572,44.98782904191512,6,10,1
2023-10-29,Dress,118,37349.91,134,68,59,44,102.71428571428572,44.49612075119133,6,10,1
2023-10-29,Fiction,298,80863.42,243,264,301,235,123.85714285714286,68.76391634044751,6,10,1
2023-10-29,Fridge,146,41040.3,139,127,116,89,138.71428571428572,56.50874352910349,6,10,1
2023-10-29,Furniture,136,32967.17,204,144,183,201,155.14285714285714,56.363192988061385,6,10,1
2023-10-29,Headphones,96,27783.24,86,103,120,100,151.42857142857142,60.39276210180849,6,10,1
2023-10-29,Jacket,89,21094.46,67,68,47,46,149.85714285714286,62.72008867826514,6,10,1
2023-10-29,Jeans,70,18061.36,130,73,121,85,143.28571428571428,61.92929916637199,6,10,1
2023-10-29,Juice,156,40430.32,159,192,123,292,146.85714285714286,62.02534044358621,6,10,1
2023-10-29,Kitchen,69,18120.73,77,114,112,146,123.14285714285714,49.636775920776685,6,10,1
2023-10-29,Laptop,72,15552.56,89,62,109,89,116.0,50.563491440628646,6,10,1
2023-10-29,Lighting,84,18675.93,92,103,68,77,100.0,32.60879227038569,6,10,1
2023-10-29,Literature,45,6811.87,79,73,86,162,99.0,33.21144381082868,6,10,1
2023-10-29,Mitsubishi 1.5 Ton 3 Star Split AC,120,31447.47,112,73,102,47,105.42857142857144,30.20406784334779,6,10,1
2023-10-29,Non-Fiction,250,63006.37,238,327,254,268,120.85714285714286,58.84847370274548,6,10,1
2023-10-29,Shirt,94,27904.87,59,109,92,101,106.57142857142856,60.16881014517039,6,10,1
2023-10-29,Shoes,205,48764.11,132,175,115,202,114.42857142857144,59.24766420953296,6,10,1
2023-10-29,Shorts,96,22871.95,102,69,78,58,116.28571428571428,58.51698979986887,6,10,1
2023-10-29,Smartphone,181,55169.0,184,221,249,188,129.42857142857142,62.35879286531236,6,10,1
2023-10-29,Snacks,134,29061.78,67,110,116,120,127.71428571428572,64.11633771438169,6,10,1
2023-10-29,Soft Drink,135,35450.33,220,140,177,150,143.14285714285714,72.19055471788603,6,10,1
2023-10-29,T-shirt,132,29100.55,126,183,213,212,127.14285714285714,58.83997669223482,6,10,1
2023-10-29,Tablet,141,38998.47,194,219,203,186,146.42857142857142,54.76573485570724,6,10,1
2023-10-29,Television,164,48104.29,188,172,201,216,154.42857142857142,56.37333040500895,6,10,1
2023-10-29,Thriller,121,28070.76,66,87,81,102,149.28571428571428,63.18416016089802,6,10,1
2023-10-29,Tools,130,30286.13,98,125,73,78,137.0,63.66841184344529,6,10,1
2023-10-29,Water,497,131196.96,407,270,349,340,185.57142857142856,112.4038213212479,6,10,1
2023-10-30,Bathroom,71,18512.16,97,94,55,64,168.0,115.69067954391694,0,10,0
2023-10-30,Bedding,84,17406.85,69,77,44,78,159.85714285714286,121.02262677068336,0,10,0
2023-10-30,BlueStar AC,41,7411.360000000001,6,20,33,6,133.0,132.4990566004147,0,10,0
2023-10-30,Children's,62,14601.05,78,87,102,91,117.28571428571428,131.4073999510858,0,10,0
2023-10-30,Chocolate,62,13612.98,113,46,118,121,124.0,129.53763931768975,0,10,0
2023-10-30,Coffee,102,22410.38,57,76,102,40,118.14285714285714,131.81606954569713,0,10,0
2023-10-30,Decorations,159,39315.27,144,188,190,184,80.57142857142857,43.9729353991618,0,10,0
2023-10-30,Dress,50,10094.76,118,95,100,149,83.57142857142857,45.95235627929064,0,10,0
2023-10-30,Fiction,278,62928.56,298,309,299,219,116.28571428571428,92.14610551675328,0,10,0
2023-10-30,Fridge,116,28540.99,146,74,115,123,136.28571428571428,78.38519053518972,0,10,0
2023-10-30,Furniture,150,38534.19,136,216,154,207,144.57142857142858,74.14817854102888,0,10,0
2023-10-30,Headphones,155,42686.78,96,102,102,83,142.14285714285714,75.61840289997382,0,10,0
2023-10-30,Jacket,76,21248.65,89,109,73,125,146.71428571428572,70.40055465149413,0,10,0
2023-10-30,Jeans,78,21012.95,70,101,90,79,136.14285714285714,76.19367552806526,0,10,0
2023-10-30,Juice,171,46228.21,156,179,142,114,141.57142857142858,76.03915031713788,0,10,0
2023-10-30,Kitchen,97,18386.37,69,69,77,75,108.85714285714286,36.5076639051224,0,10,0
2023-10-30,Laptop,42,10311.43,72,86,48,119,98.28571428571428,34.62520414242487,0,10,0
2023-10-30,Lighting,93,24093.11,84,84,71,103,90.85714285714286,30.52009486348318,0,10,0
2023-10-30,Literature,86,28099.21,45,61,80,53,83.57142857142857,34.86572884106766,0,10,0
2023-10-30,Mitsubishi 1.5 Ton 3 Star Split AC,97,19510.03,120,87,91,88,88.0,37.53664875824448,0,10,0
2023-10-30,Non-Fiction,321,82927.52,250,271,270,265,113.71428571428572,70.4100236370596,0,10,0
2023-10-30,Shirt,114,28221.77,94,147,112,89,104.85714285714286,68.06474508737523,0,10,0
2023-10-30,Shoes,145,39911.23,205,123,290,171,124.28571428571428,75.16363102306399,0,10,0
2023-10-30,Shorts,61,17137.89,96,66,72,66,127.71428571428572,72.89424825438091,0,10,0
2023-10-30,Smartphone,284,64176.68,181,271,305,222,141.57142857142858,72.41744067754412,0,10,0
2023-10-30,Snacks,77,16412.09,134,114,106,97,154.28571428571428,59.25288821572069,0,10,0
2023-10-30,Soft Drink,156,48252.61,135,167,201,174,156.42857142857142,58.0656442969419,0,10,0
2023-10-30,T-shirt,122,36965.66,132,136,112,195,139.57142857142858,40.99128827306625,0,10,0
2023-10-30,Tablet,147,41351.74,141,206,180,217,146.28571428571428,35.80369760101152,0,10,0
2023-10-30,Television,218,54654.76,164,154,230,182,140.42857142857142,26.82571616227522,0,10,0
2023-10-30,Thriller,33,7769.900000000001,121,79,76,80,144.0,20.944370763204585,0,10,0
2023-10-30,Tools,113,32054.79,130,97,58,73,136.71428571428572,13.462469878814796,0,10,0
2023-10-30,Water,378,95075.6,497,366,511,285,188.57142857142856,136.66364688882103,0,10,0
2023-10-31,Bathroom,106,24049.27,71,96,72,73,179.42857142857142,142.84590431983813,1,10,0
2023-10-31,Bedding,62,14329.23,84,178,58,96,172.57142857142858,146.60474883492807,1,10,0
2023-10-31,BlueStar AC,9,2345.73,41,34,17,33,158.28571428571428,154.83508892335968,1,10,0
2023-10-31,Children's,143,34734.17,62,65,101,142,143.71428571428572,158.95252360973913,1,10,0
2023-10-31,Chocolate,98,19077.27,62,157,54,112,135.28571428571428,161.89473358298184,1,10,0
2023-10-31,Coffee,74,15745.259999999998,102,86,56,81,131.28571428571428,162.39223532927303,1,10,0
2023-10-31,Decorations,191,52921.7,159,127,182,191,83.0,38.57460304396936,1,10,0
2023-10-31,Dress,122,30753.03,50,85,99,97,80.0,40.43513323830904,1,10,0
2023-10-31,Fiction,246,60371.23,278,282,314,365,107.71428571428572,85.26569119662344,1,10,0
2023-10-31,Fridge,134,29009.87,116,68,110,150,118.42857142857144,80.03719373486462,1,10,0
2023-10-31,Furniture,143,40091.65,150,213,187,114,131.0,76.53103945458922,1,10,0
2023-10-31,Headphones,113,22969.84,155,83,96,87,144.28571428571428,70.38161285855378,1,10,0
2023-10-31,Jacket,30,9192.73,76,89,96,140,140.57142857142858,73.59768371096305,1,10,0
2023-10-31,Jeans,87,20379.58,78,71,98,86,129.0,76.52668379939917,1,10,0
2023-10-31,Juice,163,45930.06,171,153,164,154,146.28571428571428,69.00414066250913,1,10,0
2023-10-31,Kitchen,103,19927.1,97,49,106,89,120.42857142857144,38.66461406702845,1,10,0
2023-10-31,Laptop,56,9655.45,42,95,107,102,109.85714285714286,48.851573060404576,1,10,0
2023-10-31,Lighting,69,16237.5,93,92,81,115,101.71428571428572,45.69359650875167,1,10,0
2023-10-31,Literature,97,30191.97,86,80,72,78,91.85714285714286,39.274370656651065,1,10,0
2023-10-31,Mitsubishi 1.5 Ton 3 Star Split AC,72,14102.88,97,80,52,99,94.85714285714286,38.65845561421226,1,10,0
2023-10-31,Non-Fiction,252,59529.38,321,209,400,229,129.57142857142858,92.54522703856172,1,10,0
2023-10-31,Shirt,61,16971.22,114,81,61,97,121.42857142857144,90.78336327554142,1,10,0
2023-10-31,Shoes,193,50274.07,145,196,143,117,128.28571428571428,90.44282592834352,1,10,0
2023-10-31,Shorts,115,29005.58,61,97,87,101,131.0,87.66413177577185,1,10,0
2023-10-31,Smartphone,259,63830.23,284,306,233,311,158.28571428571428,102.3583806790535,1,10,0
2023-10-31,Snacks,50,14441.28,77,100,93,61,157.0,103.4681915695186,1,10,0
2023-10-31,Soft Drink,179,42258.89,156,159,174,146,165.42857142857142,100.1146961287519,1,10,0
2023-10-31,T-shirt,188,47948.4,122,195,205,186,137.0,73.21657371570025,1,10,0
2023-10-31,Tablet,112,27588.73,147,128,154,171,141.71428571428572,72.54817775270448,1,10,0
2023-10-31,Television,233,64340.76,218,172,189,165,152.14285714285714,78.13114737718959,1,10,0
2023-10-31,Thriller,117,23316.21,33,89,73,159,148.14285714285714,84.06630036550186,1,10,0
2023-10-31,Tools,136,25878.2,113,83,94,69,123.71428571428572,59.16562708677485,1,10,0
2023-10-31,Water,340,84201.01,378,307,357,328,166.71428571428572,108.4277244461553,1,10,0
2023-11-01,Bathroom,79,17194.81,106,69,74,107,159.57142857142858,110.87058092337055,2,11,0
2023-11-01,Bedding,87,21431.19,62,103,79,77,151.0,116.43882514007056,2,11,0
2023-11-01,BlueStar AC,27,6562.95,9,22,34,32,131.28571428571428,128.30655255508705,2,11,0
2023-11-01,Children's,91,34001.86,143,93,107,69,120.57142857142856,122.8750817468114,2,11,0
2023-11-01,Chocolate,67,18291.53,98,106,106,62,129.85714285714286,117.4924516319073,2,11,0
2023-11-01,Coffee,123,28991.57,74,92,131,90,124.28571428571428,119.33526202218955,2,11,0
2023-11-01,Decorations,229,62786.79,191,276,186,213,97.57142857142856,58.4946069960204,2,11,0
2023-11-01,Dress,156,37328.73,122,113,121,50,99.85714285714286,59.18735386163747,2,11,0
2023-11-01,Fiction,209,53750.85,246,270,243,266,126.14285714285714,77.57454172477853,2,11,0
2023-11-01,Fridge,78,17384.46,134,89,121,85,144.0,58.04308744372505,2,11,0
2023-11-01,Furniture,195,50221.78,143,173,203,151,144.0,58.04308744372505,2,11,0
2023-11-01,Headphones,46,13189.45,113,91,74,100,146.14285714285714,56.31290133835029,2,11,0
2023-11-01,Jacket,65,22796.46,30,80,59,92,139.85714285714286,67.12532699219743,2,11,0
2023-11-01,Jeans,73,22845.53,87,85,98,166,125.0,65.40642170307041,2,11,0
2023-11-01,Juice,197,51458.6,163,199,172,195,130.85714285714286,66.91145535065537,2,11,0
2023-11-01,Kitchen,61,14646.48,103,111,100,151,110.42857142857144,43.70300196728176,2,11,0
2023-11-01,Laptop,112,31364.4,56,74,87,68,99.28571428571428,46.54286298926967,2,11,0
2023-11-01,Lighting,92,19699.87,69,89,72,142,88.71428571428571,43.2462494933134,2,11,0
2023-11-01,Literature,65,15484.17,97,175,72,75,86.42857142857143,42.15786657654208,2,11,0
2023-11-01,Mitsubishi 1.5 Ton 3 Star Split AC,85,17890.29,72,95,128,57,92.42857142857144,35.20349008671633,2,11,0
2023-11-01,Non-Fiction,311,80055.46,252,267,276,310,116.0,69.49820141557522,2,11,0
2023-11-01,Shirt,59,19302.33,61,103,112,113,101.42857142857144,68.68977881959987,2,11,0
2023-11-01,Shoes,227,53729.86,193,137,176,163,114.28571428571428,76.9582447082266,2,11,0
2023-11-01,Shorts,88,17761.2,115,109,95,141,122.71428571428572,72.61935987442538,2,11,0
2023-11-01,Smartphone,165,48909.88,259,301,288,202,149.85714285714286,83.8379957048679,2,11,0
2023-11-01,Snacks,88,22742.15,50,79,51,98,143.14285714285714,90.40174882421304,2,11,0
2023-11-01,Soft Drink,197,51726.93,179,188,194,151,158.42857142857142,85.26792508099976,2,11,0
2023-11-01,T-shirt,193,49701.85,188,167,243,178,149.28571428571428,76.54783751727642,2,11,0
2023-11-01,Tablet,148,35248.91,112,154,198,183,156.57142857142858,68.7770725917122,2,11,0
2023-11-01,Television,226,59380.69,233,134,222,187,162.28571428571428,73.78733921596152,2,11,0
2023-11-01,Thriller,63,14135.57,117,59,96,110,162.57142857142858,73.57729981195962,2,11,0
2023-11-01,Tools,67,15905.08,136,73,109,93,145.0,60.177515180782,2,11,0
2023-11-01,Water,327,78164.8,340,298,385,309,186.42857142857144,80.3261209961349,2,11,0
2023-11-02,Bathroom,93,24593.18,79,55,60,80,172.14285714285714,90.15806225998956,3,11,0
2023-11-02,Bedding,68,16115.33,87,74,97,62,157.71428571428572,95.14149863179944,3,11,0
2023-11-02,BlueStar AC,11,3718.71,27,13,44,79,145.57142857142858,106.67373488486108,3,11,0
2023-11-02,Children's,74,10713.2,91,103,77,73,125.28571428571428,100.60602083658463,3,11,0
2023-11-02,Chocolate,94,25253.06,67,85,102,101,118.14285714285714,103.03790333566278,3,11,0
2023-11-02,Coffee,65,20532.76,123,75,100,109,116.28571428571428,102.77923636888576,3,11,0
2023-11-02,Decorations,179,38500.45,229,164,132,195,100.42857142857144,63.61042142829697,3,11,0
2023-11-02,Dress,90,27031.55,156,94,84,134,111.42857142857144,65.90360926599972,3,11,0
2023-11-02,Fiction,288,79270.78,209,291,297,241,128.85714285714286,74.0009652446692,3,11,0
2023-11-02,Fridge,98,23851.95,78,114,125,105,136.14285714285714,64.15717307630342,3,11,0
2023-11-02,Furniture,151,43986.52,195,164,153,163,151.0,64.00260411368632,3,11,0
2023-11-02,Headphones,76,18864.72,46,58,103,53,148.0,68.90089501111906,3,11,0
2023-11-02,Jacket,53,10006.75,65,97,120,79,139.71428571428572,75.5727338081533,3,11,0
2023-11-02,Jeans,106,26744.67,73,86,58,89,117.42857142857144,67.41626199183875,3,11,0
2023-11-02,Juice,142,38724.0,197,190,215,154,123.28571428571428,72.88510201157688,3,11,0
2023-11-02,Kitchen,78,17881.36,61,96,58,77,102.14285714285714,64.90615936726927,3,11,0
2023-11-02,Laptop,102,26406.48,112,105,93,125,107.0,64.0650710866161,3,11,0
2023-11-02,Lighting,96,30008.22,92,76,56,65,92.28571428571428,50.97618491581379,3,11,0
2023-11-02,Literature,121,33245.86,65,107,137,59,95.0,48.54894437575155,3,11,0
2023-11-02,Mitsubishi 1.5 Ton 3 Star Split AC,71,18399.23,85,87,67,68,97.85714285714286,47.05467943937862,3,11,0
2023-11-02,Non-Fiction,191,51614.9,311,234,224,267,131.85714285714286,91.29152675436391,3,11,0
2023-11-02,Shirt,82,19081.39,59,82,55,135,112.14285714285714,89.7671591237169,3,11,0
2023-11-02,Shoes,218,62196.84,227,248,159,172,135.85714285714286,95.73301167209468,3,11,0
2023-11-02,Shorts,53,13259.53,88,112,84,104,132.42857142857142,97.14912444768748,3,11,0
2023-11-02,Smartphone,291,69301.55,165,274,279,238,142.85714285714286,95.99727178662997,3,11,0
2023-11-02,Snacks,59,10931.57,88,65,64,45,146.14285714285714,93.2423876632445,3,11,0
2023-11-02,Soft Drink,131,29434.15,197,277,145,183,162.14285714285714,90.57304339855284,3,11,0
2023-11-02,T-shirt,159,42276.33,193,145,161,146,145.28571428571428,65.86024163766287,3,11,0
2023-11-02,Tablet,181,34963.03,148,191,171,255,158.0,53.938236283116176,3,11,0
2023-11-02,Television,167,50030.24,226,198,156,213,157.85714285714286,53.725935919964456,3,11,0
2023-11-02,Thriller,111,28200.65,63,80,110,83,154.28571428571428,59.64817484135363,3,11,0
2023-11-02,Tools,93,27449.78,67,90,82,119,140.28571428571428,67.67499362323328,3,11,0
2023-11-02,Water,225,61049.42,327,344,317,321,174.42857142857142,92.59923891490156,3,11,0
2023-11-03,Bathroom,103,31325.87,93,74,95,81,159.57142857142858,96.6296316576114,4,11,0
2023-11-03,Bedding,58,14590.22,68,121,64,102,141.71428571428572,100.87899399067842,4,11,0
2023-11-03,BlueStar AC,28,5839.05,11,29,61,34,122.14285714285714,112.11962149333804,4,11,0
2023-11-03,Children's,77,19354.77,74,56,73,82,100.42857142857144,103.00138695321311,4,11,0
2023-11-03,Chocolate,110,34651.7,94,91,101,55,104.85714285714286,101.78314950820376,4,11,0
2023-11-03,Coffee,75,22470.83,65,79,93,80,104.57142857142856,101.90985746049732,4,11,0
2023-11-03,Decorations,178,42877.67,179,164,216,222,83.42857142857143,50.414472600820105,4,11,0
2023-11-03,Dress,115,22613.94,90,95,65,114,83.0,50.3322295684696,4,11,0
2023-11-03,Fiction,240,54101.07,288,236,291,319,114.42857142857144,91.36530549184906,4,11,0
2023-11-03,Fridge,84,22443.81,98,148,141,98,126.85714285714286,80.18401455699302,4,11,0
2023-11-03,Furniture,127,38509.71,151,233,159,150,137.85714285714286,76.94029843852586,4,11,0
2023-11-03,Headphones,58,15709.74,76,134,86,130,135.28571428571428,78.92552245780823,4,11,0
2023-11-03,Jacket,97,29257.61,53,148,97,102,133.57142857142858,80.81430802124258,4,11,0
2023-11-03,Jeans,72,26150.82,106,101,96,112,123.14285714285714,78.65627453553464,4,11,0
2023-11-03,Juice,244,63979.32,142,189,150,139,130.57142857142858,77.45075240189041,4,11,0
2023-11-03,Kitchen,85,19083.55,78,42,65,98,100.57142857142856,35.757783035569666,4,11,0
2023-11-03,Laptop,60,17583.34,102,68,97,120,101.14285714285714,35.741798926131544,4,11,0
2023-11-03,Lighting,93,24686.02,96,46,69,113,93.28571428571428,28.20587578096522,4,11,0
2023-11-03,Literature,102,31696.96,121,74,102,85,99.71428571428572,28.732758805434138,4,11,0
2023-11-03,Mitsubishi 1.5 Ton 3 Star Split AC,115,27442.3,71,153,72,59,102.28571428571428,24.32224143805949,4,11,0
2023-11-03,Non-Fiction,316,86498.64,191,282,222,243,114.42857142857144,41.58067316617463,4,11,0
2023-11-03,Shirt,130,28583.36,82,116,54,85,105.85714285714286,41.13161221991378,4,11,0
2023-11-03,Shoes,150,36917.06,218,208,244,181,125.85714285714286,56.496101846139794,4,11,0
2023-11-03,Shorts,111,30187.77,53,83,64,84,118.85714285714286,62.64563983611352,4,11,0
2023-11-03,Smartphone,226,56009.68,291,306,260,188,146.71428571428572,88.7181196932435,4,11,0
2023-11-03,Snacks,132,33740.840000000004,59,97,156,107,137.85714285714286,94.61224122953696,4,11,0
2023-11-03,Soft Drink,190,53201.64,131,177,130,125,146.42857142857142,90.15885451589858,4,11,0
2023-11-03,T-shirt,241,62962.62,159,163,189,183,141.85714285714286,88.31464312601902,4,11,0
2023-11-03,Tablet,215,60404.6,181,185,183,191,156.0,84.99607834090506,4,11,0
2023-11-03,Television,229,54696.97,167,167,138,184,148.71428571428572,80.8820422708569,4,11,0
2023-11-03,Thriller,115,30592.2,111,92,130,92,157.0,71.91661838546038,4,11,0
2023-11-03,Tools,132,35373.18,93,62,81,67,128.71428571428572,43.91550328268264,4,11,0
2023-11-03,Water,369,71358.09,225,361,445,359,152.42857142857142,44.806462118973165,4,11,0
2023-11-04,Bathroom,91,18148.02,103,57,86,51,148.42857142857142,48.16242360615762,5,11,1
2023-11-04,Bedding,63,16649.58,58,95,113,125,134.0,58.48931526355812,5,11,1
2023-11-04,Children's,142,33819.64,77,89,94,84,119.14285714285714,57.76512376693559,5,11,1
2023-11-04,Chocolate,86,22158.91,110,112,108,94,111.0,53.77421934967084,5,11,1
2023-11-04,Coffee,120,30473.86,75,78,105,129,105.85714285714286,55.46899605914426,5,11,1
2023-11-04,Decorations,208,37258.73,178,176,161,114,118.0,61.19368159104768,5,11,1
2023-11-04,Dress,91,25719.68,115,134,91,64,102.28571428571428,39.36882982645779,5,11,1
2023-11-04,Fiction,266,64921.71,240,243,318,276,121.85714285714286,65.297852367512,5,11,1
2023-11-04,Fridge,100,26566.21,84,139,133,105,125.57142857142856,61.70050551618078,5,11,1
2023-11-04,Furniture,142,40306.42,127,204,161,141,132.71428571428572,57.91866217870814,5,11,1
2023-11-04,Headphones,120,29812.04,58,86,64,82,125.28571428571428,64.30063318950523,5,11,1
2023-11-04,Jacket,58,15662.85,97,67,67,69,128.42857142857142,61.92699234544062,5,11,1
2023-11-04,Jeans,77,17990.89,72,130,94,74,113.28571428571428,60.7336103699696,5,11,1
2023-11-04,Juice,166,35753.86,244,159,271,225,131.71428571428572,78.35541735305424,5,11,1
2023-11-04,Kitchen,84,16906.309999999998,85,77,65,78,109.57142857142856,63.06308255193544,5,11,1
2023-11-04,Laptop,99,24876.32,60,89,73,61,106.14285714285714,65.29785236751175,5,11,1
2023-11-04,Lighting,75,18140.38,93,92,112,112,101.28571428571428,64.75006894645948,5,11,1
2023-11-04,Literature,74,21637.6,102,79,127,37,107.57142857142856,61.92160942906405,5,11,1
2023-11-04,Mitsubishi 1.5 Ton 3 Star Split AC,79,15773.46,115,112,51,109,110.14285714285714,61.7830304949725,5,11,1
2023-11-04,Non-Fiction,297,71948.62,316,238,355,307,145.0,96.02083107326196,5,11,1
2023-11-04,Shirt,55,13715.36,130,59,62,74,128.71428571428572,85.52526777842505,5,11,1
2023-11-04,Shoes,197,50251.98,150,132,160,167,138.0,83.49251463454613,5,11,1
2023-11-04,Shorts,38,8082.23,111,102,88,130,145.28571428571428,77.56656127850029,5,11,1
2023-11-04,Smartphone,330,84648.31,226,184,326,171,164.28571428571428,78.90229038862799,5,11,1
2023-11-04,Snacks,77,19771.57,132,67,32,82,168.57142857142858,75.70525552618967,5,11,1
2023-11-04,Soft Drink,193,53981.85,190,220,221,145,179.28571428571428,72.08031235067872,5,11,1
2023-11-04,T-shirt,158,42466.22,241,126,150,234,168.57142857142858,50.80635505806013,5,11,1
2023-11-04,Tablet,188,52541.73,215,194,113,202,180.7142857142857,50.20529283423622,5,11,1
2023-11-04,Television,218,65646.07,229,188,204,168,192.0,51.02287068887183,5,11,1
2023-11-04,Thriller,86,20513.37,115,66,94,80,192.57142857142856,49.97618480455517,5,11,1
2023-11-04,Tools,95,25255.63,132,98,92,90,179.14285714285714,52.08143806075413,5,11,1
2023-11-04,Water,403,102370.66,369,407,380,376,213.0,83.73967598058508,5,11,1
2023-11-05,Bathroom,86,24079.35,91,97,96,60,198.8571428571429,95.76782440087176,6,11,1
2023-11-05,Bedding,100,25431.54,63,69,120,155,173.42857142857142,105.81722787091752,6,11,1
2023-11-05,BlueStar AC,39,8610.62,28,35,11,27,146.71428571428572,116.62577514671166,6,11,1
2023-11-05,Children's,114,27961.27,142,78,76,85,134.28571428571428,110.88990679305005,6,11,1
2023-11-05,Chocolate,96,17279.67,86,113,92,52,130.14285714285714,112.26372012873412,6,11,1
2023-11-05,Coffee,76,21798.73,120,57,98,87,128.42857142857142,112.32224051489356,6,11,1
2023-11-05,Decorations,156,42214.73,208,144,172,152,105.42857142857144,58.38337989204537,6,11,1
2023-11-05,Dress,90,28603.14,91,118,68,59,105.42857142857144,58.38337989204537,6,11,1
2023-11-05,Fiction,269,62825.11,266,298,264,280,134.42857142857142,80.15372135851798,6,11,1
2023-11-05,Fridge,129,30543.3,100,146,127,45,144.71428571428572,67.90364321525522,6,11,1
2023-11-05,Furniture,207,48228.84,142,136,144,202,144.71428571428572,67.90364321525522,6,11,1
2023-11-05,Headphones,101,24140.88,120,96,103,59,149.57142857142858,64.1141095829847,6,11,1
2023-11-05,Jacket,118,30014.52,58,89,68,56,140.71428571428572,72.60099697596905,6,11,1
2023-11-05,Jeans,102,23899.51,77,70,73,90,122.0,69.16887546673867,6,11,1
2023-11-05,Juice,145,37975.39,166,156,192,194,132.71428571428572,69.37510188752628,6,11,1
2023-11-05,Kitchen,109,24065.39,84,69,114,112,106.71428571428572,38.19561181477007,6,11,1
2023-11-05,Laptop,103,17246.71,99,72,62,83,106.57142857142856,38.22676698709367,6,11,1
2023-11-05,Lighting,93,25404.72,75,84,103,127,97.0,36.21233675604427,6,11,1
2023-11-05,Literature,91,21001.35,74,45,73,105,90.42857142857144,35.509891311466866,6,11,1
2023-11-05,Mitsubishi 1.5 Ton 3 Star Split AC,98,24198.84,79,120,73,93,93.42857142857144,33.120271450460606,6,11,1
2023-11-05,Non-Fiction,263,74644.73,297,250,327,296,124.85714285714286,82.50137083998098,6,11,1
2023-11-05,Shirt,84,18448.69,55,94,109,97,109.0,83.93052682625779,6,11,1
2023-11-05,Shoes,165,44701.43,197,205,175,172,125.14285714285714,89.03263179199747,6,11,1
2023-11-05,Shorts,100,26202.79,38,96,69,84,116.42857142857144,94.8153594147712,6,11,1
2023-11-05,Smartphone,331,100393.18,330,181,221,172,152.85714285714286,121.48172506105374,6,11,1
2023-11-05,Snacks,103,30803.73,77,134,110,119,153.28571428571428,121.16203239974982,6,11,1
2023-11-05,Soft Drink,146,43326.72,193,135,140,207,169.57142857142858,117.10658555756947,6,11,1
2023-11-05,T-shirt,167,44723.47,158,132,183,123,149.71428571428572,102.81004212578011,6,11,1
2023-11-05,Tablet,136,36324.6,188,141,219,214,168.71428571428572,94.32870592722408,6,11,1
2023-11-05,Television,112,30696.75,218,164,172,147,171.71428571428572,95.7021669655642,6,11,1
2023-11-05,Thriller,45,14683.77,86,121,87,83,178.57142857142858,85.72408674123642,6,11,1
2023-11-05,Tools,76,19510.04,95,130,125,80,145.0,58.10335618533505,6,11,1
2023-11-05,Water,379,101334.65,403,497,270,428,191.57142857142856,105.68326443175565,6,11,1
2023-11-06,Bathroom,93,15918.17,86,71,94,72,176.28571428571428,112.93171135058304,0,11,0
2023-11-06,Bedding,82,22805.63,100,84,77,107,168.0,116.5661471726102,0,11,0
2023-11-06,BlueStar AC,2,370.93,39,6,21,39,146.71428571428572,125.56235407917724,0,11,0
2023-11-06,Children's,140,41731.82,114,62,87,96,131.85714285714286,121.8187568636678,0,11,0
2023-11-06,Chocolate,84,22876.41,96,62,46,115,133.28571428571428,121.24866224102426,0,11,0
2023-11-06,Coffee,72,23494.31,76,102,76,39,130.57142857142858,122.4552396358996,0,11,0
2023-11-06,Decorations,247,53070.25,156,159,188,169,95.28571428571428,35.78972983838477,0,11,0
2023-11-06,Dress,53,7747.4,90,50,95,94,95.85714285714286,35.64841544598206,0,11,0
2023-11-06,Fiction,279,73691.38,269,278,309,275,120.0,74.72839710132416,0,11,0
2023-11-06,Fridge,108,32492.45,129,116,74,121,132.85714285714286,65.66183206761808,0,11,0
2023-11-06,Furniture,86,23254.96,207,150,216,172,146.14285714285714,70.44484502414711,0,11,0
2023-11-06,Headphones,85,23772.09,101,155,102,74,146.85714285714286,69.87471782036837,0,11,0
2023-11-06,Jacket,88,22406.45,118,76,109,104,152.85714285714286,64.36207105490095,0,11,0
2023-11-06,Jeans,99,24845.15,102,78,101,72,145.14285714285714,67.100493220811,0,11,0
2023-11-06,Juice,168,38935.26,145,171,179,151,153.0,62.63917836838695,0,11,0
2023-11-06,Kitchen,116,34422.55,109,97,69,54,130.14285714285714,37.33822246897589,0,11,0
2023-11-06,Laptop,76,18983.55,103,42,86,108,126.42857142857144,38.73782450808149,0,11,0
2023-11-06,Lighting,67,17087.14,93,93,84,93,110.14285714285714,17.18942088832622,0,11,0
2023-11-06,Literature,71,17662.44,91,86,61,123,108.71428571428572,18.44554404830412,0,11,0
2023-11-06,Mitsubishi 1.5 Ton 3 Star Split AC,109,27297.13,98,97,87,83,105.85714285714286,18.316009130703566,0,11,0
2023-11-06,Non-Fiction,314,79167.12,263,321,271,205,128.85714285714286,61.89891913818906,0,11,0
2023-11-06,Shirt,89,19952.76,84,114,147,103,120.14285714285714,63.52015053358565,0,11,0
2023-11-06,Shoes,241,67575.87,165,145,123,110,128.14285714285714,65.3820275290496,0,11,0
2023-11-06,Shorts,109,23711.51,100,61,66,150,127.71428571428572,65.58382495126348,0,11,0
2023-11-06,Smartphone,277,74429.55,331,284,271,261,161.71428571428572,98.17962158838282,0,11,0
2023-11-06,Snacks,76,20985.77,103,77,114,79,163.42857142857142,96.83466518221836,0,11,0
2023-11-06,Soft Drink,194,44556.77,146,156,167,224,170.28571428571428,93.05502724322884,0,11,0
2023-11-06,T-shirt,146,36625.25,167,122,136,171,156.57142857142858,83.71948626784759,0,11,0
2023-11-06,Tablet,201,46812.25,136,147,206,166,164.0,78.34113436332979,0,11,0
2023-11-06,Television,211,43207.18,112,218,154,149,156.42857142857142,80.75241408745822,0,11,0
2023-11-06,Thriller,92,16635.01,45,33,79,90,148.57142857142858,89.37348067306638,0,11,0
2023-11-06,Tools,79,18856.55,76,113,97,82,112.14285714285714,42.07702687305781,0,11,0
2023-11-06,Water,469,123776.83,379,378,366,404,151.57142857142858,108.68127275487244,0,11,0
2023-11-07,Bathroom,77,19034.86,93,106,96,109,144.0,110.95644791238249,1,11,0
2023-11-07,Bedding,74,18455.01,82,62,178,74,131.85714285714286,112.657931473152,1,11,0
2023-11-07,BlueStar AC,33,8520.759999999998,2,41,20,51,112.71428571428572,122.76768614706644,1,11,0
2023-11-07,Children's,111,24632.72,140,143,65,172,116.71428571428572,123.1959337609726,1,11,0
2023-11-07,Chocolate,91,15091.52,84,98,157,97,122.28571428571428,120.25904579381113,1,11,0
2023-11-07,Coffee,137,30156.22,72,74,86,77,121.71428571428572,120.52484430704718,1,11,0
2023-11-07,Decorations,187,46290.12,247,191,127,223,102.85714285714286,75.46396175532628,1,11,0
2023-11-07,Dress,87,19460.29,53,122,85,67,97.14285714285714,77.81265657853697,1,11,0
2023-11-07,Fiction,235,69706.04,279,246,282,314,125.28571428571428,102.97849983647704,1,11,0
2023-11-07,Fridge,95,17541.37,108,134,68,144,140.42857142857142,88.62064684721588,1,11,0
2023-11-07,Furniture,159,37024.71,86,143,213,201,132.71428571428572,90.98299160779806,1,11,0
2023-11-07,Headphones,42,10496.08,85,113,83,82,132.85714285714286,90.8944966640413,1,11,0
2023-11-07,Jacket,74,15903.99,88,30,89,74,135.14285714285714,89.29618986165882,1,11,0
2023-11-07,Jeans,63,12076.16,99,87,71,92,114.0,74.73062736700739,1,11,0
2023-11-07,Juice,175,36171.89,168,163,153,123,130.42857142857142,71.6632335833301,1,11,0
2023-11-07,Kitchen,117,28746.42,116,103,49,128,107.14285714285714,29.305452117470463,1,11,0
2023-11-07,Laptop,87,20008.59,76,56,95,127,102.57142857142856,31.55871323346693,1,11,0
2023-11-07,Lighting,130,35378.34,67,69,92,114,99.85714285714286,33.948139720403006,1,11,0
2023-11-07,Literature,163,38271.5,71,97,80,97,97.85714285714286,35.35264521657938,1,11,0
2023-11-07,Mitsubishi 1.5 Ton 3 Star Split AC,55,18503.01,109,72,80,50,100.85714285714286,35.2676838452618,1,11,0
2023-11-07,Non-Fiction,276,71974.29,314,252,209,298,131.57142857142858,87.83100656536735,1,11,0
2023-11-07,Shirt,112,27435.84,89,61,81,84,120.28571428571428,87.44467638782415,1,11,0
2023-11-07,Shoes,181,49847.56,241,193,196,165,138.14285714285714,98.4893032625511,1,11,0
2023-11-07,Shorts,48,13738.2,109,115,97,64,142.85714285714286,95.7713049777582,1,11,0
2023-11-07,Smartphone,220,63360.11,277,259,306,265,172.85714285714286,100.80745437289268,1,11,0
2023-11-07,Snacks,110,35191.3,76,50,100,41,173.57142857142858,99.9797598564448,1,11,0
2023-11-07,Soft Drink,159,45641.29,194,179,159,153,185.7142857142857,95.90918323378342,1,11,0
2023-11-07,T-shirt,174,36499.86,146,188,195,181,161.71428571428572,77.75970311524722,1,11,0
2023-11-07,Tablet,179,42414.55,201,112,128,109,177.71428571428572,71.58145543298737,1,11,0
2023-11-07,Television,173,46642.36,211,233,172,206,173.42857142857142,67.96777948130301,1,11,0
2023-11-07,Thriller,75,17053.45,92,117,89,66,171.0,70.89428749906428,1,11,0
2023-11-07,Tools,67,15557.76,79,136,83,80,142.71428571428572,60.254223325600535,1,11,0
2023-11-07,Water,402,98091.88,469,340,307,337,198.8571428571429,130.2119151888294,1,11,0
2023-11-08,Bathroom,67,20121.82,77,79,69,93,182.14285714285717,138.2032664488899,2,11,0
2023-11-08,Bedding,29,9102.94,74,87,103,127,171.85714285714286,143.9032413017262,2,11,0
2023-11-08,BlueStar AC,10,2753.63,33,9,34,33,147.85714285714286,152.01362720869068,2,11,0
2023-11-08,Children's,73,24615.16,111,91,93,92,133.57142857142858,149.77300284414503,2,11,0
2023-11-08,Chocolate,75,20637.25,91,67,106,69,133.42857142857142,149.81973294914218,2,11,0
2023-11-08,Coffee,102,27242.56,137,123,92,132,141.71428571428572,147.8994188468569,2,11,0
2023-11-08,Decorations,192,49877.11,187,229,276,212,101.42857142857144,49.69861548325266,2,11,0
2023-11-08,Dress,73,12029.65,87,156,113,75,102.85714285714286,49.01846105100962,2,11,0
2023-11-08,Fiction,266,69161.36,235,209,270,289,125.85714285714286,67.50661343263141,2,11,0
2023-11-08,Fridge,121,33307.3,95,78,89,114,134.71428571428572,56.45562943797537,2,11,0
2023-11-08,Furniture,199,44552.8,159,195,173,228,141.57142857142858,56.0085027558521,2,11,0
2023-11-08,Headphones,66,22085.3,42,46,91,70,134.57142857142858,65.61975602630869,2,11,0
2023-11-08,Jacket,75,17096.44,74,65,80,154,125.57142857142856,69.44027924016619,2,11,0
2023-11-08,Jeans,87,28468.61,63,73,85,95,107.85714285714286,66.92888905753648,2,11,0
2023-11-08,Juice,165,37502.96,175,197,199,163,120.42857142857144,70.52625313280328,2,11,0
2023-11-08,Kitchen,83,19562.38,117,61,111,116,103.57142857142856,49.5642920621174,2,11,0
2023-11-08,Laptop,89,28655.83,87,112,74,80,102.42857142857144,49.88606065444406,2,11,0
2023-11-08,Lighting,86,19806.88,130,92,89,41,98.28571428571428,45.40820148282221,2,11,0
2023-11-08,Literature,64,19314.96,163,65,175,83,115.57142857142856,43.396839911283486,2,11,0
2023-11-08,Mitsubishi 1.5 Ton 3 Star Split AC,55,7492.19,55,85,95,59,112.85714285714286,46.88435620910992,2,11,0
2023-11-08,Non-Fiction,266,72699.09,276,311,267,258,143.28571428571428,71.69080435154387,2,11,0
2023-11-08,Shirt,52,10200.61,112,59,103,97,134.28571428571428,70.99698182719686,2,11,0
2023-11-08,Shoes,217,62322.54,181,227,137,176,143.42857142857142,72.50484384475492,2,11,0
2023-11-08,Shorts,82,23585.46,48,88,109,67,137.85714285714286,78.78965365966158,2,11,0
2023-11-08,Smartphone,246,53034.81,220,165,301,182,150.71428571428572,84.43481565822255,2,11,0
2023-11-08,Snacks,56,15155.21,110,88,79,89,143.14285714285714,85.5188645298574,2,11,0
2023-11-08,Soft Drink,163,40144.53,159,197,188,181,158.0,76.17742447733413,2,11,0
2023-11-08,T-shirt,129,40910.29,174,193,167,215,143.42857142857142,57.24758260647891,2,11,0
2023-11-08,Tablet,192,56364.74,179,148,154,117,153.0,56.715665090577936,2,11,0
2023-11-08,Television,132,41693.52,173,226,134,121,151.85714285714286,56.13504125893904,2,11,0
2023-11-08,Thriller,92,28206.66,75,63,59,107,155.71428571428572,48.17230976994324,2,11,0
2023-11-08,Tools,104,29421.74,67,67,73,61,133.85714285714286,48.84816124628182,2,11,0
2023-11-08,Water,312,78807.04,402,327,298,360,175.57142857142858,110.65540677083534,2,11,0
2023-11-09,Bathroom,97,25100.57,67,93,55,80,162.42857142857142,118.16070573990466,3,11,0
2023-11-09,Bedding,70,14166.36,29,68,74,120,141.71428571428572,128.0868381030541,3,11,0
2023-11-09,BlueStar AC,45,12550.87,10,27,22,32,117.57142857142856,135.5948095649396,3,11,0
2023-11-09,Children's,102,28242.98,73,74,103,93,103.28571428571428,134.0406832342501,3,11,0
2023-11-09,Chocolate,87,18361.48,75,94,85,82,103.28571428571428,134.0406832342501,3,11,0
2023-11-09,Coffee,82,22524.86,102,65,75,76,108.28571428571428,133.1111243607057,3,11,0
2023-11-09,Decorations,179,46041.16,192,179,164,140,78.28571428571429,58.80962020427603,3,11,0
2023-11-09,Dress,76,18121.75,73,90,94,54,79.14285714285714,58.661255161670574,3,11,0
2023-11-09,Fiction,298,73288.79000000001,266,288,291,230,113.0,86.62563131082996,3,11,0
2023-11-09,Fridge,80,22753.69,121,98,114,123,128.85714285714286,73.84539834778289,3,11,0
2023-11-09,Furniture,214,50898.79,199,151,164,111,146.85714285714286,73.31536576422964,3,11,0
2023-11-09,Headphones,73,21049.99,66,76,58,75,145.57142857142858,74.84841824838804,3,11,0
2023-11-09,Jacket,71,18558.06,75,53,97,127,141.71428571428572,78.09335073212914,3,11,0
2023-11-09,Jeans,95,31193.69,87,106,86,63,126.71428571428572,76.89974921006767,3,11,0
2023-11-09,Juice,202,51322.130000000005,165,142,190,183,139.85714285714286,73.99646066181877,3,11,0
2023-11-09,Kitchen,115,30778.25,83,78,96,111,113.71428571428572,50.6448888033591,3,11,0
2023-11-09,Laptop,84,25639.47,89,102,105,80,109.14285714285714,51.317406310880784,3,11,0
2023-11-09,Lighting,116,27220.99,86,96,76,78,93.0,32.75667870831537,3,11,0
2023-11-09,Literature,73,16822.14,64,121,107,90,92.71428571428572,33.038938066639325,3,11,0
2023-11-09,Mitsubishi 1.5 Ton 3 Star Split AC,107,26397.71,55,71,87,82,89.85714285714286,35.59226775311343,3,11,0
2023-11-09,Non-Fiction,227,53472.19,266,191,234,279,115.42857142857144,75.32342960605881,3,11,0
2023-11-09,Shirt,40,11141.94,52,82,82,99,99.28571428571428,75.03713366441474,3,11,0
2023-11-09,Shoes,180,43648.14,217,218,248,249,118.42857142857144,86.4192438886477,3,11,0
2023-11-09,Shorts,103,24510.14,82,53,112,34,117.42857142857144,86.8559288762272,3,11,0
2023-11-09,Smartphone,298,66524.04,246,291,274,278,140.28571428571428,97.59561855895308,3,11,0
2023-11-09,Snacks,52,11182.82,56,59,65,73,139.14285714285714,98.678651138309,3,11,0
2023-11-09,Soft Drink,203,46467.38,163,131,277,196,154.57142857142858,91.51294469974717,3,11,0
2023-11-09,T-shirt,157,42212.46,129,159,145,219,135.0,77.24851670636289,3,11,0
2023-11-09,Tablet,193,55528.37,192,181,191,141,155.0,69.95712972957035,3,11,0
2023-11-09,Television,168,37538.53,132,167,198,147,142.85714285714286,64.57148124734402,3,11,0
2023-11-09,Thriller,59,21433.3,92,111,80,50,144.28571428571428,63.09441149503398,3,11,0
2023-11-09,Tools,77,20361.09,104,93,90,77,124.0,45.24378410345305,3,11,0
2023-11-09,Water,332,78292.4,312,225,344,344,160.57142857142858,74.87736004707295,3,11,0
2023-11-10,Bathroom,124,41566.5,97,103,74,90,151.14285714285714,78.58419809653924,4,11,0
2023-11-10,Bedding,44,7289.8,70,58,121,109,142.71428571428572,84.31036766162278,4,11,0
2023-11-10,BlueStar AC,20,3301.83,45,11,13,38,121.71428571428572,88.20565795479312,4,11,0
2023-11-10,Children's,86,24023.25,102,77,56,126,117.42857142857144,88.3513009578933,4,11,0
2023-11-10,Chocolate,132,30127.15,87,110,91,47,116.71428571428572,88.6109742746609,4,11,0
2023-11-10,Coffee,85,23876.81,82,75,79,71,113.57142857142856,89.522543050818,4,11,0
2023-11-10,Decorations,155,37642.33,179,178,164,220,94.57142857142856,41.76464670370768,4,11,0
2023-11-10,Dress,69,20938.82,76,115,95,119,91.57142857142856,42.31176803544748,4,11,0
2023-11-10,Fiction,303,88197.07,298,240,236,257,124.14285714285714,87.04678544979548,4,11,0
2023-11-10,Fridge,37,5529.75,80,84,148,99,129.14285714285714,82.63661127980384,4,11,0
2023-11-10,Furniture,155,34586.52,214,127,233,211,145.14285714285714,87.22084722402153,4,11,0
2023-11-10,Headphones,99,25264.57,73,58,134,154,143.14285714285714,88.92024248622714,4,11,0
2023-11-10,Jacket,63,16855.149999999998,71,97,148,81,141.57142857142858,90.26785537657146,4,11,0
2023-11-10,Jeans,65,19673.95,95,72,101,73,129.57142857142858,90.04601998026118,4,11,0
2023-11-10,Juice,214,55112.14,202,244,189,156,147.57142857142858,90.14591346414788,4,11,0
2023-11-10,Kitchen,139,28197.04,115,85,42,90,121.42857142857144,61.108802265185815,4,11,0
2023-11-10,Laptop,94,31869.66,84,60,68,137,122.0,60.67399223170665,4,11,0
2023-11-10,Lighting,67,21000.16,116,93,46,50,108.0,45.254833995937226,4,11,0
2023-11-10,Literature,148,41722.35,73,102,74,64,108.0,45.254833995937226,4,11,0
2023-11-10,Mitsubishi 1.5 Ton 3 Star Split AC,86,21929.68,107,115,153,101,113.14285714285714,42.298260686968014,4,11,0
2023-11-10,Non-Fiction,273,73687.7,227,316,282,209,132.0,58.99152481500955,4,11,0
2023-11-10,Shirt,84,17825.4,40,130,116,123,108.85714285714286,58.72940368454879,4,11,0
2023-11-10,Shoes,171,48749.6,180,150,208,186,118.14285714285714,64.69783245062682,4,11,0
2023-11-10,Shorts,148,36568.52,103,111,83,70,120.85714285714286,63.41248187181069,4,11,0
2023-11-10,Smartphone,292,75274.72,298,226,306,298,146.85714285714286,91.96997439640892,4,11,0
2023-11-10,Snacks,95,21046.39,52,132,97,69,143.85714285714286,95.07090086075814,4,11,0
2023-11-10,Soft Drink,190,46251.75,203,190,177,163,157.57142857142858,95.78945165110297,4,11,0
2023-11-10,T-shirt,167,45398.0,157,241,163,184,147.57142857142858,90.8604371969394,4,11,0
2023-11-10,Tablet,147,31871.89,193,215,185,182,169.42857142857142,78.18963516745052,4,11,0
2023-11-10,Television,126,30348.22,168,229,167,90,167.71428571428572,78.05065510234186,4,11,0
2023-11-10,Thriller,83,19744.04,59,115,92,94,161.42857142857142,85.54308299108115,4,11,0
2023-11-10,Tools,105,25277.3,77,132,62,50,129.85714285714286,65.07029166326782,4,11,0
2023-11-10,Water,442,108500.54,332,369,361,358,169.85714285714286,90.3740902608494,4,11,0
2023-11-11,Bathroom,91,25155.03,124,91,57,140,158.57142857142858,90.47809521804524,5,11,1
2023-11-11,Bedding,120,25020.59,44,63,95,80,142.42857142857142,100.34749148642908,5,11,1
2023-11-11,BlueStar AC,13,3105.68,20,28,29,39,117.71428571428572,106.90605577751256,5,11,1
2023-11-11,Children's,94,22485.54,86,142,89,63,106.0,104.9523701495104,5,11,1
2023-11-11,Chocolate,59,16302.15,132,86,112,59,116.42857142857144,103.11459182685498,5,11,1
2023-11-11,Coffee,97,28774.47,85,120,78,89,117.57142857142856,102.6480347966726,5,11,1
2023-11-11,Decorations,206,50348.62,155,208,176,183,92.28571428571428,48.58914242816568,5,11,1
2023-11-11,Dress,85,19195.22,69,91,134,57,84.42857142857143,47.02785395506412,5,11,1
2023-11-11,Fiction,281,62844.08,303,266,243,291,121.42857142857144,91.12785366881845,5,11,1
2023-11-11,Fridge,98,24373.87,37,100,139,111,123.85714285714286,88.15219522966741,5,11,1
2023-11-11,Furniture,205,51232.75,155,142,204,148,133.71428571428572,87.06456279817863,5,11,1
2023-11-11,Headphones,76,20277.96,99,120,86,91,129.0,88.06058520511066,5,11,1
2023-11-11,Jacket,117,31948.2,63,58,67,52,125.85714285714286,90.25783174038732,5,11,1
2023-11-11,Jeans,59,18585.94,65,77,130,52,113.0,91.81140088972168,5,11,1
2023-11-11,Juice,178,40226.26,214,166,159,177,133.71428571428572,96.46884520526817,5,11,1
2023-11-11,Kitchen,95,25785.42,139,84,77,109,110.28571428571428,62.40383077374289,5,11,1
2023-11-11,Laptop,80,20695.31,94,99,89,91,118.42857142857144,54.46055803012161,5,11,1
2023-11-11,Lighting,67,11335.9,67,75,92,118,105.85714285714286,54.76747383690456,5,11,1
2023-11-11,Literature,68,10080.06,148,74,79,75,112.85714285714286,56.83727817617625,5,11,1
2023-11-11,Mitsubishi 1.5 Ton 3 Star Split AC,130,40061.14,86,79,112,150,116.14285714285714,54.07226205559909,5,11,1
2023-11-11,Non-Fiction,204,56670.89,273,297,238,328,145.85714285714286,74.5551888903523,5,11,1
2023-11-11,Shirt,89,22429.93,84,55,59,59,127.28571428571428,70.85128624029802,5,11,1
2023-11-11,Shoes,184,55810.57,171,197,132,251,131.85714285714286,72.74024235004134,5,11,1
2023-11-11,Shorts,116,31308.93,148,38,102,60,139.57142857142858,70.89630254312013,5,11,1
2023-11-11,Smartphone,335,83836.99,292,330,184,279,171.71428571428572,82.55647417720432,5,11,1
2023-11-11,Snacks,70,16547.88,95,77,67,58,164.14285714285714,87.38311921538097,5,11,1
2023-11-11,Soft Drink,166,42459.7,190,193,220,197,179.0,80.44874144447502,5,11,1
2023-11-11,T-shirt,144,30725.64,167,158,126,164,163.85714285714286,68.96237759684249,5,11,1
2023-11-11,Tablet,143,34292.99,147,188,194,150,172.85714285714286,60.38053928054553,5,11,1
2023-11-11,Television,178,51656.66,126,218,188,161,166.42857142857142,62.9519847260779,5,11,1
2023-11-11,Thriller,106,35004.67,83,86,66,63,157.14285714285714,70.46850022392607,5,11,1
2023-11-11,Tools,33,5229.79,105,95,98,161,130.42857142857142,39.437110876503134,5,11,1
2023-11-11,Water,345,89161.9,442,403,407,357,180.0,121.07298074577442,5,11,1
2023-11-12,Bathroom,93,24741.22,91,86,97,54,165.85714285714286,125.4145506861524,6,11,1
2023-11-12,Bedding,107,32104.86,120,100,69,91,159.14285714285714,126.59571947927836,6,11,1
2023-11-12,BlueStar AC,30,6743.9,13,39,35,26,140.0,138.3257026007817,6,11,1
2023-11-12,Children's,100,30118.58,94,114,78,107,135.42857142857142,139.39016840372548,6,11,1
2023-11-12,Chocolate,67,16653.51,59,96,113,93,132.0,141.17837417017248,6,11,1
2023-11-12,Coffee,117,26577.75,97,76,57,109,130.85714285714286,141.46545935484068,6,11,1
2023-11-12,Decorations,198,51813.17,206,156,144,206,97.14285714285714,59.09717582487348,6,11,1
2023-11-12,Dress,89,30962.38,85,90,118,78,96.28571428571428,59.24444920753825,6,11,1
2023-11-12,Fiction,293,63563.61,281,269,298,296,119.28571428571428,92.11716142267572,6,11,1
2023-11-12,Fridge,107,27944.15,98,129,146,162,131.42857142857142,80.66155040839226,6,11,1
2023-11-12,Furniture,156,38723.63,205,207,136,197,147.28571428571428,82.95523749933668,6,11,1
2023-11-12,Headphones,49,10916.52,76,101,96,73,149.71428571428572,80.14094726524861,6,11,1
2023-11-12,Jacket,65,14420.91,117,118,89,60,152.57142857142858,78.28336805660349,6,11,1
2023-11-12,Jeans,82,22007.13,59,102,70,134,131.57142857142858,81.22367705469635,6,11,1
2023-11-12,Juice,189,47832.72,178,145,156,132,144.85714285714286,79.93211405400696,6,11,1
2023-11-12,Kitchen,82,21552.87,95,109,69,76,118.28571428571428,53.76403471254081,6,11,1
2023-11-12,Laptop,112,27787.78,80,103,72,68,115.71428571428572,55.30435270908871,6,11,1
2023-11-12,Lighting,122,29954.7,67,93,84,78,96.0,40.890096600519534,6,11,1
2023-11-12,Literature,95,18595.89,68,91,45,82,94.85714285714286,41.64704299798496,6,11,1
2023-11-12,Mitsubishi 1.5 Ton 3 Star Split AC,97,16969.43,130,98,120,55,96.71428571428572,43.06473532452335,6,11,1
2023-11-12,Non-Fiction,321,85640.49,204,263,250,235,117.42857142857144,55.09342714231504,6,11,1
2023-11-12,Shirt,80,17857.45,89,84,94,112,104.71428571428572,48.68166761630705,6,11,1
2023-11-12,Shoes,210,50602.53,184,165,205,146,117.42857142857144,56.685851094303736,6,11,1
2023-11-12,Shorts,86,24968.44,116,100,96,104,122.57142857142856,54.30732652493204,6,11,1
2023-11-12,Smartphone,287,72824.04,335,331,181,272,160.85714285714286,90.8046044563608,6,11,1
2023-11-12,Snacks,70,19381.43,70,103,134,68,161.14285714285714,90.46625258704375,6,11,1
2023-11-12,Soft Drink,140,41745.15,166,146,135,189,166.28571428571428,89.41795920603079,6,11,1
2023-11-12,T-shirt,143,34804.81,144,167,132,200,157.71428571428572,88.0657222111496,6,11,1
2023-11-12,Tablet,189,45890.53,143,136,141,227,165.42857142857142,83.27836282183787,6,11,1
2023-11-12,Television,195,46621.81,178,112,164,133,164.57142857142858,83.08601395111975,6,11,1
2023-11-12,Thriller,111,25745.08,106,45,121,86,163.14285714285714,84.13962318953027,6,11,1
2023-11-12,Tools,57,15246.8,33,76,130,64,120.0,52.99371031861424,6,11,1
2023-11-12,Water,318,76166.45,345,379,497,384,159.28571428571428,95.01879513323335,6,11,1
2023-11-13,Bathroom,81,17708.1,93,93,71,109,148.85714285714286,98.11460742660142,0,11,0
2023-11-13,Bedding,77,31001.15,107,82,84,71,143.57142857142858,99.40800964184068,0,11,0
2023-11-13,BlueStar AC,5,2040.55,30,2,6,27,127.42857142857144,108.29413210150828,0,11,0
2023-11-13,Children's,69,15397.53,100,140,62,66,116.28571428571428,106.2163111857337,0,11,0
2023-11-13,Chocolate,114,27207.43,67,84,62,83,110.71428571428572,107.85594449034603,0,11,0
2023-11-13,Coffee,78,22814.31,117,72,102,83,122.71428571428572,102.29811709853035,0,11,0
2023-11-13,Decorations,178,38246.15,198,247,159,133,101.71428571428572,51.57426453091298,0,11,0
2023-11-13,Dress,65,15151.02,89,53,50,105,101.14285714285714,51.70889211547033,0,11,0
2023-11-13,Fiction,246,55593.13,293,279,278,272,127.71428571428572,89.32658112363852,0,11,0
2023-11-13,Fridge,124,26481.5,107,108,116,66,138.71428571428572,79.4873455037844,0,11,0
2023-11-13,Furniture,151,38738.52,156,86,150,188,146.71428571428572,77.74041052484444,0,11,0
2023-11-13,Headphones,37,11587.22,49,85,155,72,144.14285714285714,81.04407971679836,0,11,0
2023-11-13,Jacket,84,23784.94,65,88,76,73,136.71428571428572,86.16788706881849,0,11,0
2023-11-13,Jeans,63,14457.83,82,99,78,91,120.14285714285714,83.53128869157983,0,11,0
2023-11-13,Juice,151,36564.18,189,168,171,205,134.42857142857142,85.83677755456732,0,11,0
2023-11-13,Kitchen,119,28052.38,82,116,97,100,104.28571428571428,50.74680379332205,0,11,0
2023-11-13,Laptop,93,17233.46,112,76,42,83,105.0,50.82650227325469,0,11,0
2023-11-13,Lighting,90,27602.88,122,67,93,104,100.14285714285714,46.5883696911151,0,11,0
2023-11-13,Literature,96,19519.67,95,71,86,95,106.71428571428572,41.09223075681415,0,11,0
2023-11-13,Mitsubishi 1.5 Ton 3 Star Split AC,106,30241.04,97,109,97,100,111.28571428571428,37.28142650039836,0,11,0
2023-11-13,Non-Fiction,251,60044.82,321,314,321,197,145.42857142857142,84.95264787487376,0,11,0
2023-11-13,Shirt,85,21558.08,80,89,114,75,129.85714285714286,85.6220932770435,0,11,0
2023-11-13,Shoes,262,69681.37,210,241,145,159,148.14285714285714,87.34878089480952,0,11,0
2023-11-13,Shorts,46,8099.96,86,109,61,119,144.42857142857142,89.6639227762145,0,11,0
2023-11-13,Smartphone,298,67193.52,287,277,284,250,168.0,103.4182446830988,0,11,0
2023-11-13,Snacks,64,16616.86,70,76,77,145,164.42857142857142,106.73777391791684,0,11,0
2023-11-13,Soft Drink,210,54179.22,140,194,156,200,170.57142857142858,103.39544984001476,0,11,0
2023-11-13,T-shirt,159,38633.23,143,146,122,191,145.14285714285714,79.31882620460352,0,11,0
2023-11-13,Tablet,227,45859.91,189,201,147,167,160.71428571428572,74.97936223991708,0,11,0
2023-11-13,Television,123,29200.6,195,211,218,170,158.57142857142858,73.53651506305548,0,11,0
2023-11-13,Thriller,43,10633.68,111,92,33,78,162.14285714285714,69.94385503489782,0,11,0
2023-11-13,Tools,91,21063.94,57,79,113,92,129.28571428571428,53.63678552919295,0,11,0
2023-11-13,Water,310,76023.45999999999,318,469,378,363,164.71428571428572,82.2328285737396,0,11,0
2023-11-14,Bathroom,78,20580.21,81,77,106,90,156.28571428571428,88.00892811852307,1,11,0
2023-11-14,Bedding,113,30664.56,77,74,62,103,146.85714285714286,93.05988855109796,1,11,0
2023-11-14,BlueStar AC,35,10652.33,5,33,41,21,120.57142857142856,104.4602909289087,1,11,0
2023-11-14,Children's,83,20209.5,69,111,143,81,102.57142857142856,100.26939902558613,1,11,0
2023-11-14,Chocolate,122,30772.87,114,91,98,130,103.0,100.31782825932038,1,11,0
2023-11-14,Coffee,94,21386.13,78,137,74,60,106.0,99.018516786844,1,11,0
2023-11-14,Decorations,138,33519.29,178,187,191,250,86.0,52.07046507698134,1,11,0
2023-11-14,Dress,101,20062.99,65,87,122,59,83.71428571428571,52.674200787209145,1,11,0
2023-11-14,Fiction,220,46062.3,246,235,246,301,107.85714285714286,80.47655677572214,1,11,0
2023-11-14,Fridge,103,29009.09,124,95,134,116,124.85714285714286,66.47914101788668,1,11,0
2023-11-14,Furniture,201,44282.69,151,159,143,183,136.57142857142858,62.07483962351903,1,11,0
2023-11-14,Headphones,121,28852.24,37,42,113,120,125.57142857142856,72.6609871087568,1,11,0
2023-11-14,Jacket,89,23653.8,84,74,30,47,126.42857142857144,72.03901059578014,1,11,0
2023-11-14,Jeans,110,24303.42,63,63,87,121,110.0,71.4282857137132,1,11,0
2023-11-14,Juice,187,51274.74,151,175,163,123,122.28571428571428,69.77514907595179,1,11,0
2023-11-14,Kitchen,95,28885.44,119,117,103,112,104.14285714285714,43.99404721636808,1,11,0
2023-11-14,Laptop,74,17502.88,93,87,56,109,99.71428571428572,43.215407305395765,1,11,0
2023-11-14,Lighting,84,26760.85,90,130,69,68,91.0,36.828431046314506,1,11,0
2023-11-14,Literature,59,16743.86,96,163,97,86,99.42857142857144,28.135725468145864,1,11,0
2023-11-14,Mitsubishi 1.5 Ton 3 Star Split AC,133,34720.12,106,55,72,102,102.57142857142856,27.34262327610278,1,11,0
2023-11-14,Non-Fiction,308,89424.28,251,276,252,254,129.42857142857142,57.59298899130224,1,11,0
2023-11-14,Shirt,83,29648.32,85,112,61,92,120.0,58.86141916966095,1,11,0
2023-11-14,Shoes,175,47082.31,262,181,193,115,140.42857142857142,79.61335135695278,1,11,0
2023-11-14,Shorts,122,21080.73,46,48,115,78,133.71428571428572,86.00526008276849,1,11,0
2023-11-14,Smartphone,246,63328.96,298,220,259,249,163.42857142857142,102.69673338338951,1,11,0
2023-11-14,Snacks,112,29840.56,64,110,50,116,158.85714285714286,106.82763152453953,1,11,0
2023-11-14,Soft Drink,231,48141.33,210,159,179,177,173.71428571428572,105.47466407580886,1,11,0
2023-11-14,T-shirt,210,51463.48,159,174,188,213,160.57142857142858,99.8195991824868,1,11,0
2023-11-14,Tablet,146,38522.99,227,179,112,203,180.8571428571429,96.267731823681,1,11,0
2023-11-14,Television,121,31443.16,123,173,233,201,161.0,90.9285433733541,1,11,0
2023-11-14,Thriller,103,30138.91,43,75,117,81,160.57142857142858,91.56574531059992,1,11,0
2023-11-14,Tools,74,20490.94,91,67,136,73,131.0,70.87312607751885,1,11,0
2023-11-14,Water,274,68400.99,310,402,340,349,166.14285714285714,90.4109664650412,1,11,0
2023-11-15,Bathroom,87,18344.93,78,67,79,55,147.28571428571428,93.4535790035424,2,11,0
2023-11-15,Bedding,128,30481.28,113,29,87,44,140.71428571428572,94.10758787280648,2,11,0
2023-11-15,BlueStar AC,40,14736.34,35,10,9,28,113.28571428571428,92.73746866956174,2,11,0
2023-11-15,Children's,84,27008.05,83,73,91,102,107.57142857142856,93.26996147895396,2,11,0
2023-11-15,Chocolate,75,16463.829999999998,122,75,67,118,118.85714285714286,88.82835240212468,2,11,0
2023-11-15,Coffee,106,24679.61,94,102,123,102,119.28571428571428,88.67866012691341,2,11,0
2023-11-15,Decorations,121,31261.9,138,192,229,190,94.71428571428572,33.99859941092542,2,11,0
2023-11-15,Dress,87,25277.63,101,73,156,100,98.0,33.2164617822723,2,11,0
2023-11-15,Fiction,275,78010.41,220,266,209,299,113.28571428571428,57.21804577145756,2,11,0
2023-11-15,Fridge,93,23648.52,103,121,78,115,123.0,46.47580015448759,2,11,0
2023-11-15,Furniture,133,31760.27,201,199,195,154,139.85714285714286,50.75243367376014,2,11,0
2023-11-15,Headphones,95,26902.27,121,66,46,102,139.71428571428572,50.812446919083314,2,11,0
2023-11-15,Jacket,53,11639.34,89,75,65,73,139.0,51.59134294304194,2,11,0
2023-11-15,Jeans,100,22895.67,110,87,73,90,135.0,52.75414675643888,2,11,0
2023-11-15,Juice,181,52223.13,187,165,197,142,147.28571428571428,53.524805108516496,2,11,0
2023-11-15,Kitchen,86,21579.78,95,83,61,77,129.42857142857142,45.46741376288732,2,11,0
2023-11-15,Laptop,56,12471.97,74,89,112,48,125.28571428571428,49.42574998828683,2,11,0
2023-11-15,Lighting,61,20096.08,84,86,92,71,108.57142857142856,38.02129729005695,2,11,0
2023-11-15,Literature,78,18092.96,59,64,65,80,99.71428571428572,41.688184919765824,2,11,0
2023-11-15,Mitsubishi 1.5 Ton 3 Star Split AC,89,25716.12,133,55,85,91,106.0,43.0967902903821,2,11,0
2023-11-15,Non-Fiction,275,68763.28,308,266,311,270,134.28571428571428,87.87436919776239,2,11,0
2023-11-15,Shirt,93,25164.53,83,52,59,112,119.42857142857144,86.253226302666,2,11,0
2023-11-15,Shoes,245,75865.89,175,217,227,290,130.85714285714286,87.76375214447064,2,11,0
2023-11-15,Shorts,89,24622.11,122,82,88,72,137.71428571428572,84.39137848088902,2,11,0
2023-11-15,Smartphone,285,70810.42,246,246,165,305,160.85714285714286,89.27752343381914,2,11,0
2023-11-15,Snacks,93,28256.51,112,56,88,106,168.42857142857142,81.06963497071924,2,11,0
2023-11-15,Soft Drink,149,33531.21,231,163,197,201,182.42857142857144,82.38296171510439,2,11,0
2023-11-15,T-shirt,141,30001.08,210,129,193,112,168.42857142857142,63.69420994841156,2,11,0
2023-11-15,Tablet,170,46477.3,146,192,148,180,177.42857142857142,53.19729674478156,2,11,0
2023-11-15,Television,183,53053.4,121,132,226,230,169.71428571428572,57.36059706138045,2,11,0
2023-11-15,Thriller,91,21862.43,103,92,63,76,167.0,60.36555309114585,2,11,0
2023-11-15,Tools,69,19218.02,74,104,67,58,142.42857142857142,57.80097214539116,2,11,0
2023-11-15,Water,295,78017.55,274,312,327,511,165.57142857142858,73.80347133402552,2,11,0
2023-11-16,Bathroom,87,25455.71,87,97,93,72,145.0,72.5855816720275,3,11,0
2023-11-16,Bedding,67,20910.89,128,70,68,58,133.28571428571428,66.72759120911914,3,11,0
2023-11-16,BlueStar AC,39,14160.12,40,45,27,33,118.14285714285714,74.88976025115883,3,11,0
2023-11-16,Children's,117,26717.81,84,102,74,101,112.85714285714286,75.95267950381589,3,11,0
2023-11-16,Chocolate,111,29711.91,75,87,94,54,108.85714285714286,77.28395385724883,3,11,0
2023-11-16,Coffee,97,19632.71,106,82,65,56,113.42857142857144,75.8108548578999,3,11,0
2023-11-16,Decorations,213,51956.07,121,179,179,182,91.57142857142856,30.03807108130487,3,11,0
2023-11-16,Dress,101,25661.42,87,76,90,99,91.57142857142856,30.03807108130487,3,11,0
2023-11-16,Fiction,261,67626.89,275,298,288,314,112.57142857142856,75.98872096755913,3,11,0
2023-11-16,Fridge,119,26007.66,93,80,98,110,120.14285714285714,69.9533858399724,3,11,0
2023-11-16,Furniture,137,32425.78,133,214,151,187,127.14285714285714,68.16262067396418,3,11,0
2023-11-16,Headphones,67,18423.03,95,73,76,96,130.0,65.99747469916213,3,11,0
2023-11-16,Jacket,57,15069.63,53,71,53,96,122.42857142857144,71.97883286739405,3,11,0
2023-11-16,Jeans,77,18338.81,100,95,106,98,119.42857142857144,72.4841526193984,3,11,0
2023-11-16,Juice,184,43941.06,181,202,142,164,132.85714285714286,74.1629480073624,3,11,0
2023-11-16,Kitchen,75,16344.87,86,115,78,106,105.85714285714286,40.59732573880567,3,11,0
2023-11-16,Laptop,73,22806.6,56,84,102,107,100.57142857142856,44.74690731531668,3,11,0
2023-11-16,Lighting,78,15582.05,61,116,96,81,90.28571428571428,44.32348619604778,3,11,0
2023-11-16,Literature,88,28496.61,78,73,121,72,87.85714285714286,44.48755845337731,3,11,0
2023-11-16,Mitsubishi 1.5 Ton 3 Star Split AC,97,26853.53,89,107,71,52,93.0,41.78516483155014,3,11,0
2023-11-16,Non-Fiction,271,75145.4,275,227,191,400,118.0,80.80429031513853,3,11,0
2023-11-16,Shirt,112,30170.35,93,40,82,61,105.42857142857144,76.07640269898994,3,11,0
2023-11-16,Shoes,190,52112.84,245,180,218,143,128.14285714285714,91.48484131524776,3,11,0
2023-11-16,Shorts,97,26959.03,89,103,53,87,132.85714285714286,87.92881319838267,3,11,0
2023-11-16,Smartphone,264,69835.58,285,298,291,233,164.85714285714286,97.64293552092133,3,11,0
2023-11-16,Snacks,87,22620.89,93,52,59,93,167.0,95.56149852320203,3,11,0
2023-11-16,Soft Drink,171,46882.76,149,203,131,174,175.57142857142858,89.92377724654182,3,11,0
2023-11-16,T-shirt,160,38497.49,141,157,159,205,156.42857142857142,78.80536602469175,3,11,0
2023-11-16,Tablet,167,48431.93,170,193,181,154,167.42857142857142,73.68368689395,3,11,0
2023-11-16,Television,170,43779.59,183,168,167,189,158.57142857142858,66.14594253834201,3,11,0
2023-11-16,Thriller,157,45533.24,91,59,111,73,158.85714285714286,65.79875523500517,3,11,0
2023-11-16,Tools,49,14715.18,69,77,93,94,128.0,43.73023362998662,3,11,0
2023-11-16,Water,433,120245.26,295,332,225,357,156.85714285714286,73.38126139423777,3,11,0
2023-11-17,Bathroom,99,21891.79,87,124,103,74,148.0,78.07901980259003,4,11,0
2023-11-17,Bedding,112,33366.91,67,44,58,79,137.42857142857142,83.97193408684599,4,11,0
2023-11-17,BlueStar AC,31,7569.309999999999,39,20,11,17,118.71428571428572,89.8919986904913,4,11,0
2023-11-17,Children's,58,17955.059999999998,117,86,77,107,109.28571428571428,85.37313060074156,4,11,0
2023-11-17,Chocolate,93,29283.14,111,132,110,106,112.14285714285714,84.99299691038888,4,11,0
2023-11-17,Coffee,62,18139.63,97,85,75,131,116.14285714285714,83.26549619826159,4,11,0
2023-11-17,Decorations,242,52242.03,213,155,178,186,104.42857142857144,54.81744595429653,4,11,0
2023-11-17,Dress,56,11216.34,101,69,115,121,106.42857142857144,54.32880495297951,4,11,0
2023-11-17,Fiction,271,67625.64,261,303,240,243,134.14285714285714,76.01628898121824,4,11,0
2023-11-17,Fridge,122,34589.15,119,37,84,121,145.57142857142858,64.46409114863062,4,11,0
2023-11-17,Furniture,142,42209.24,137,155,127,203,148.42857142857142,63.42149252647424,4,11,0
2023-11-17,Headphones,54,17809.56,67,99,58,74,142.14285714285714,69.62621290727672,4,11,0
2023-11-17,Jacket,98,24327.53,57,63,97,59,136.42857142857142,75.35440076256734,4,11,0
2023-11-17,Jeans,123,37635.62,77,65,72,98,117.0,69.6371548337035,4,11,0
2023-11-17,Juice,140,41027.82,184,214,244,172,128.85714285714286,73.42213238397129,4,11,0
2023-11-17,Kitchen,73,15124.68,75,139,85,100,102.28571428571428,46.26270739200133,4,11,0
2023-11-17,Laptop,70,18427.31,73,94,60,87,95.71428571428572,46.7572250592133,4,11,0
2023-11-17,Lighting,64,20795.35,78,67,93,72,87.28571428571429,43.261662341746,4,11,0
2023-11-17,Literature,94,20061.31,88,148,102,72,90.28571428571428,42.33876980465125,4,11,0
2023-11-17,Mitsubishi 1.5 Ton 3 Star Split AC,126,42249.16,97,86,115,128,96.0,39.71565602294847,4,11,0
2023-11-17,Non-Fiction,223,54381.26,271,273,316,276,123.71428571428572,75.66530311336874,4,11,0
2023-11-17,Shirt,90,28777.96,112,84,130,112,113.42857142857144,70.84456493586673,4,11,0
2023-11-17,Shoes,99,25651.43,190,171,150,176,129.85714285714286,73.7234213608046,4,11,0
2023-11-17,Shorts,98,24883.33,97,148,111,95,133.28571428571428,71.15174930085216,4,11,0
2023-11-17,Smartphone,288,80654.33,264,292,226,288,159.85714285714286,81.09958604791264,4,11,0
2023-11-17,Snacks,125,28267.51,87,95,132,51,159.71428571428572,81.24800363847731,4,11,0
2023-11-17,Soft Drink,153,41316.53,171,190,190,194,170.28571428571428,76.3974569509442,4,11,0
2023-11-17,T-shirt,246,53186.73,160,167,241,243,154.42857142857142,62.21162041199084,4,11,0
2023-11-17,Tablet,266,72240.41,167,147,215,198,162.28571428571428,59.368101102960686,4,11,0
2023-11-17,Television,178,41113.02,170,126,229,222,159.42857142857142,58.28337997192947,4,11,0
2023-11-17,Thriller,93,18115.5,157,83,115,96,168.0,51.60103358137904,4,11,0
2023-11-17,Tools,104,28119.26,49,105,132,109,137.28571428571428,48.84913607463278,4,11,0
2023-11-17,Water,373,102046.29,433,442,369,385,186.7142857142857,116.99959299888498,4,11,0
2023-11-18,Bathroom,93,22905.42,99,91,91,60,176.42857142857142,121.68245168313712,5,11,1
2023-11-18,Bedding,54,16971.72,112,120,63,97,169.57142857142858,124.09117231946432,5,11,1
2023-11-18,BlueStar AC,21,5428.54,31,13,28,34,150.14285714285714,134.7496797416458,5,11,1
2023-11-18,Children's,129,29482.53,58,94,142,77,134.14285714285714,138.59344449555596,5,11,1
2023-11-18,Chocolate,111,26230.35,93,59,86,102,125.0,138.94483317729572,5,11,1
2023-11-18,Coffee,116,26784.73,62,97,120,100,126.85714285714286,137.84221483448408,5,11,1
2023-11-18,Decorations,272,75069.32,242,206,208,132,99.57142857142856,68.70918702002093,5,11,1
2023-11-18,Dress,149,28985.22,56,85,91,84,93.42857142857144,70.66318499958473,5,11,1
2023-11-18,Fiction,247,64069.2,271,281,266,297,116.14285714285714,97.92416891218797,5,11,1
2023-11-18,Fridge,87,24510.99,122,98,100,125,129.14285714285714,90.49572470827596,5,11,1
2023-11-18,Furniture,133,25401.25,142,205,142,153,141.14285714285714,84.88507637079731,5,11,1
2023-11-18,Headphones,101,29844.72,54,76,120,103,135.57142857142858,89.71409614781247,5,11,1
2023-11-18,Jacket,79,16050.81,98,117,58,120,140.71428571428572,85.73741751361923,5,11,1
2023-11-18,Jeans,73,16424.920000000002,123,59,77,58,123.71428571428572,73.18632450969214,5,11,1
2023-11-18,Juice,135,46312.75,140,178,166,215,135.71428571428572,66.84488084541692,5,11,1
2023-11-18,Kitchen,121,27188.77,73,95,84,58,107.42857142857144,33.763180847666355,5,11,1
2023-11-18,Laptop,111,36426.5,70,80,99,93,100.0,35.688466857886986,5,11,1
2023-11-18,Lighting,119,36671.82,64,67,75,56,88.85714285714286,32.416192308926966,5,11,1
2023-11-18,Literature,78,22237.7,94,68,74,137,94.57142857142856,28.54153197743368,5,11,1
2023-11-18,Mitsubishi 1.5 Ton 3 Star Split AC,107,24536.51,126,130,79,67,98.57142857142856,30.961573726457708,5,11,1
2023-11-18,Non-Fiction,271,71505.65,223,204,297,224,112.85714285714286,56.581588794200925,5,11,1
2023-11-18,Shirt,76,20643.46,90,89,55,55,105.71428571428572,55.733635223605646,5,11,1
2023-11-18,Shoes,222,51690.52,99,184,197,159,109.42857142857144,54.030414715098765,5,11,1
2023-11-18,Shorts,50,11368.18,98,116,38,84,113.42857142857144,51.60703163606262,5,11,1
2023-11-18,Smartphone,303,79342.59,288,335,330,279,145.42857142857142,78.36210211332362,5,11,1
2023-11-18,Snacks,97,29899.97,125,70,77,64,149.85714285714286,75.80551556764263,5,11,1
2023-11-18,Soft Drink,227,71667.04,153,166,193,145,153.71428571428572,75.07266321308101,5,11,1
2023-11-18,T-shirt,220,45404.6,246,144,158,161,157.0,79.01054781905134,5,11,1
2023-11-18,Tablet,201,49888.15,266,143,188,171,182.14285714285717,82.0801002505652,5,11,1
2023-11-18,Television,192,53212.54,178,178,218,156,193.42857142857144,73.75151330166528,5,11,1
2023-11-18,Thriller,102,24868.6,93,106,86,110,192.7142857142857,74.84587337926358,5,11,1
2023-11-18,Tools,91,16207.8,104,33,95,82,166.42857142857142,67.78116046723945,5,11,1
2023-11-18,Water,448,113075.73,373,345,403,317,201.8571428571429,99.77880297843592,5,11,1
2023-11-19,Bathroom,90,23733.02,93,93,86,95,193.28571428571428,106.99176648339858,6,11,1
2023-11-19,Bedding,80,21400.56,54,107,100,64,165.85714285714286,115.49809316092396,6,11,1
2023-11-19,BlueStar AC,17,4568.37,21,30,39,44,130.85714285714286,117.2027140917653,6,11,1
2023-11-19,Children's,142,35568.58,129,100,114,73,123.85714285714286,115.36670312735848,6,11,1
2023-11-19,Chocolate,86,23977.68,111,67,96,101,126.42857142857144,114.76331751748435,6,11,1
2023-11-19,Coffee,50,11143.13,116,117,76,93,128.14285714285714,114.46168000897102,6,11,1
2023-11-19,Decorations,139,34884.19,272,198,156,216,113.71428571428572,79.46847233486973,6,11,1
2023-11-19,Dress,83,13434.31,149,89,90,65,121.71428571428572,79.85343717443416,6,11,1
2023-11-19,Fiction,222,53618.25,247,293,269,291,149.28571428571428,85.68297047004937,6,11,1
2023-11-19,Fridge,102,20515.58,87,107,129,141,158.71428571428572,71.70475178515974,6,11,1
2023-11-19,Furniture,222,56830.46,133,156,207,159,159.28571428571428,71.4439507252926,6,11,1
2023-11-19,Headphones,91,22113.82,101,49,101,86,157.85714285714286,72.66000406328182,6,11,1
2023-11-19,Jacket,82,22739.09,79,65,118,97,152.57142857142858,77.40339601261462,6,11,1
2023-11-19,Jeans,108,28565.96,73,82,102,96,124.14285714285714,61.044870304359485,6,11,1
2023-11-19,Juice,198,46525.55,135,189,145,150,122.14285714285714,60.31978274559738,6,11,1
2023-11-19,Kitchen,95,24843.49,121,82,109,65,104.14285714285714,25.73861283123152,6,11,1
2023-11-19,Laptop,89,24514.35,111,112,103,97,107.57142857142856,24.64992997188631,6,11,1
2023-11-19,Lighting,68,18200.12,119,122,93,69,105.57142857142856,22.736586836027715,6,11,1
2023-11-19,Literature,135,36749.02,78,95,91,102,102.28571428571428,25.05137578200588,6,11,1
2023-11-19,Mitsubishi 1.5 Ton 3 Star Split AC,121,34876.85,107,97,98,72,106.28571428571428,22.85252929629332,6,11,1
2023-11-19,Non-Fiction,245,57444.97,271,321,263,222,134.57142857142858,62.65742079715921,6,11,1
2023-11-19,Shirt,62,17935.45,76,80,84,54,126.14285714285714,66.44403301884532,6,11,1
2023-11-19,Shoes,172,47337.14,222,210,165,244,140.57142857142858,75.49140600725549,6,11,1
2023-11-19,Shorts,60,19155.42,50,86,100,64,131.85714285714286,82.65476104744008,6,11,1
2023-11-19,Smartphone,217,52260.47,303,287,331,260,158.14285714285714,104.30632542568767,6,11,1
2023-11-19,Snacks,71,16303.580000000002,97,70,103,156,160.85714285714286,102.09705932988211,6,11,1
2023-11-19,Soft Drink,207,54148.48,227,140,146,130,178.0,101.62020796409855,6,11,1
2023-11-19,T-shirt,173,45121.3,220,143,167,189,170.71428571428572,95.48422956299147,6,11,1
2023-11-19,Tablet,205,50189.89,201,189,136,183,188.57142857142856,86.0404113248674,6,11,1
2023-11-19,Television,128,33213.43,192,195,112,138,184.28571428571428,84.83653750146856,6,11,1
2023-11-19,Thriller,84,28124.39,102,111,45,130,191.7142857142857,72.49761900852164,6,11,1
2023-11-19,Tools,62,15302.66,91,57,76,81,161.42857142857142,61.74370991676529,6,11,1
2023-11-19,Water,332,98114.98,448,318,379,445,211.57142857142856,117.7891578808752,6,11,1
2023-11-20,Bathroom,96,22683.19,90,81,93,86,192.0,125.90075456485556,0,11,0
2023-11-20,Bedding,70,26379.98,80,77,82,113,172.0,131.69788659402738,0,11,0
2023-11-20,BlueStar AC,18,5752.07,17,5,2,61,145.71428571428572,142.83640325644586,0,11,0
2023-11-20,Children's,101,31011.82,142,69,140,94,138.57142857142858,141.37875505517894,0,11,0
2023-11-20,Chocolate,93,19841.32,86,114,84,108,136.28571428571428,142.1955394116543,0,11,0
2023-11-20,Coffee,132,38538.47,50,78,72,105,130.42857142857142,145.18477553662072,0,11,0
2023-11-20,Decorations,149,36129.48,139,178,247,161,86.28571428571429,44.82080724289319,0,11,0
2023-11-20,Dress,112,31012.51,83,65,53,91,85.28571428571429,44.80221082980078,0,11,0
2023-11-20,Fiction,290,74494.58,222,246,279,318,105.57142857142856,68.1000664288876,0,11,0
2023-11-20,Fridge,119,26812.22,102,124,108,133,117.71428571428572,56.215995012433694,0,11,0
2023-11-20,Furniture,184,48344.65,222,151,86,161,129.14285714285714,68.71784962542665,0,11,0
2023-11-20,Headphones,85,20585.78,91,37,85,64,129.85714285714286,68.2188355500841,0,11,0
2023-11-20,Jacket,118,24839.56,82,84,88,67,134.42857142857142,62.8353858449649,0,11,0
2023-11-20,Jeans,45,8274.42,108,63,99,94,130.0,63.54788220966319,0,11,0
2023-11-20,Juice,158,42799.22,198,151,168,271,146.42857142857142,64.23357674108068,0,11,0
2023-11-20,Kitchen,102,22093.98,95,119,116,65,128.28571428571428,56.84104821257833,0,11,0
2023-11-20,Laptop,41,10897.24,89,93,76,73,126.42857142857144,58.04267723797955,0,11,0
2023-11-20,Lighting,142,36104.31,68,90,67,112,104.42857142857144,43.02269611440261,0,11,0
2023-11-20,Literature,74,16322.14,135,96,71,127,110.71428571428572,43.93826838385067,0,11,0
2023-11-20,Mitsubishi 1.5 Ton 3 Star Split AC,75,21641.52,121,106,109,51,116.28571428571428,42.12566235172214,0,11,0
2023-11-20,Non-Fiction,236,58008.75,245,251,314,355,135.85714285714286,63.855118749213,0,11,0
2023-11-20,Shirt,82,21912.7,62,85,89,62,116.42857142857144,62.47094562769895,0,11,0
2023-11-20,Shoes,188,44983.12,172,262,241,160,127.42857142857144,64.80446780600036,0,11,0
2023-11-20,Shorts,112,25815.7,60,46,109,88,123.28571428571428,68.49261343559594,0,11,0
2023-11-20,Smartphone,294,77358.28,217,298,277,326,144.57142857142858,71.53287622451859,0,11,0
2023-11-20,Snacks,102,23141.14,71,64,76,32,135.42857142857142,76.85236310150532,0,11,0
2023-11-20,Soft Drink,155,42755.83,207,210,194,221,147.71428571428572,80.92736308096302,0,11,0
2023-11-20,T-shirt,199,49899.86,173,159,146,150,137.42857142857142,70.39142263765014,0,11,0
2023-11-20,Tablet,125,31575.25,205,227,201,113,157.85714285714286,65.42789560890263,0,11,0
2023-11-20,Television,215,62399.71,128,123,211,204,151.57142857142858,65.95416879130771,0,11,0
2023-11-20,Thriller,70,21439.62,84,43,92,94,155.0,60.82488525814578,0,11,0
2023-11-20,Tools,92,24782.06,62,91,79,92,132.85714285714286,62.67755731101913,0,11,0
2023-11-20,Water,311,79882.76,332,310,469,380,170.14285714285714,90.98613185797132,0,11,0
2023-11-21,Bathroom,74,17785.98,96,78,77,96,154.28571428571428,93.13916878469922,1,11,0
2023-11-21,Bedding,81,23555.48,70,113,74,120,139.57142857142858,97.7136243363856,1,11,0
2023-11-21,BlueStar AC,25,4505.889999999999,18,35,33,11,112.85714285714286,102.2992808241716,1,11,0
2023-11-21,Children's,73,11236.56,101,83,111,76,109.0,102.14205793893062,1,11,0
2023-11-21,Chocolate,38,6007.39,93,122,91,92,110.28571428571428,101.83109264154682,1,11,0
2023-11-21,Coffee,66,12341.74,132,94,137,98,120.28571428571428,99.71411515881108,1,11,0
2023-11-21,Decorations,218,54343.33,149,138,187,172,94.14285714285714,42.5731862852198,1,11,0
2023-11-21,Dress,45,10881.97,112,101,87,68,96.42857142857144,43.11557005250216,1,11,0
2023-11-21,Fiction,320,83635.56,290,220,235,264,127.85714285714286,82.67492278280486,1,11,0
2023-11-21,Fridge,97,21117.7,119,103,95,127,142.28571428571428,67.77835024478446,1,11,0
2023-11-21,Furniture,145,37660.51,184,201,159,144,154.14285714285714,66.60187327552771,1,11,0
2023-11-21,Headphones,50,14768.95,85,121,42,103,153.0,67.88225099390803,1,11,0
2023-11-21,Jacket,97,27427.54,118,89,74,68,151.0,68.80406964707774,1,11,0
2023-11-21,Jeans,67,17986.75,45,110,63,73,136.14285714285714,79.67732544755812,1,11,0
2023-11-21,Juice,200,45492.75,158,187,175,192,142.71428571428572,79.25005633166036,1,11,0
2023-11-21,Kitchen,102,27344.86,102,95,117,114,115.85714285714286,45.82367863680732,1,11,0
2023-11-21,Laptop,115,32929.76,41,74,87,62,104.71428571428572,53.73302611279162,1,11,0
2023-11-21,Lighting,162,40646.61,142,84,130,103,98.71428571428572,45.0470653343582,1,11,0
2023-11-21,Literature,82,19305.27,74,59,163,73,97.14285714285714,45.79093276850082,1,11,0
2023-11-21,Mitsubishi 1.5 Ton 3 Star Split AC,116,30366.87,75,133,55,73,91.0,45.40925015896903,1,11,0
2023-11-21,Non-Fiction,267,74798.39,236,308,276,327,118.28571428571428,65.91589157331207,1,11,0
2023-11-21,Shirt,65,17252.9,82,83,112,109,107.42857142857144,64.52869424490345,1,11,0
2023-11-21,Shoes,212,55497.55,188,175,181,175,119.71428571428572,71.16814429156233,1,11,0
2023-11-21,Shorts,87,27920.18,112,122,48,69,129.85714285714286,62.62701379710474,1,11,0
2023-11-21,Smartphone,275,79933.94,294,246,220,221,151.57142857142858,88.53221097968978,1,11,0
2023-11-21,Snacks,85,18019.02,102,112,110,110,155.57142857142858,85.00560205628985,1,11,0
2023-11-21,Soft Drink,123,26768.47,155,231,159,140,167.0,77.40585679822046,1,11,0
2023-11-21,T-shirt,193,57714.85,199,210,174,183,161.71428571428572,73.04955917209926,1,11,0
2023-11-21,Tablet,145,32819.52,125,146,179,219,167.85714285714286,66.76682951742931,1,11,0
2023-11-21,Television,166,46943.68,215,121,173,172,171.71428571428572,68.87117027637942,1,11,0
2023-11-21,Thriller,101,26083.07,70,103,75,87,165.71428571428572,76.36254379758468,1,11,0
2023-11-21,Tools,81,21417.73,92,74,67,125,136.85714285714286,54.97705148947231,1,11,0
2023-11-21,Water,413,104429.71,311,274,402,270,166.71428571428572,82.66945079797034,1,11,0
2023-11-22,Bathroom,90,28758.09,74,87,67,94,155.14285714285714,89.93224963165021,2,11,0
2023-11-22,Bedding,75,13328.78,81,128,29,77,138.28571428571428,91.38875621160769,2,11,0
2023-11-22,BlueStar AC,33,8150.1,25,40,10,21,124.0,101.11050060865692,2,11,0
2023-11-22,Children's,83,19892.75,73,84,73,87,103.71428571428572,93.7900390690359,2,11,0
2023-11-22,Chocolate,77,13595.12,38,75,75,46,99.14285714285714,96.4493452050144,2,11,0
2023-11-22,Coffee,81,25970.84,66,106,102,76,95.42857142857144,97.26742713237674,2,11,0
2023-11-22,Decorations,198,55208.28,218,121,192,188,82.14285714285714,63.35463300982292,2,11,0
2023-11-22,Dress,116,25131.12,45,87,73,95,78.0,64.90505886806113,2,11,0
2023-11-22,Fiction,263,65285.57,320,275,266,309,112.14285714285714,112.30231308307673,2,11,0
2023-11-22,Fridge,136,29339.2,97,93,121,74,122.42857142857144,106.11763463700206,2,11,0
2023-11-22,Furniture,142,38310.08,145,133,199,216,132.71428571428572,103.99633693182652,2,11,0
2023-11-22,Headphones,89,25535.87,50,95,66,102,134.42857142857142,102.25924105405964,2,11,0
2023-11-22,Jacket,83,16033.02,97,53,75,109,138.85714285714286,99.43411314605646,2,11,0
2023-11-22,Jeans,129,32217.0,67,100,87,101,117.28571428571428,95.71261547938514,2,11,0
2023-11-22,Juice,229,49116.81,200,181,165,179,139.42857142857142,94.11846638298786,2,11,0
2023-11-22,Kitchen,104,27120.26,102,86,83,69,108.28571428571428,50.25838001671583,2,11,0
2023-11-22,Laptop,113,31790.1,115,56,89,86,110.85714285714286,50.04474188639655,2,11,0
2023-11-22,Lighting,66,12688.15,162,61,86,84,113.28571428571428,52.33773108607176,2,11,0
2023-11-22,Literature,68,19090.95,82,78,64,61,117.85714285714286,47.01570153125511,2,11,0
2023-11-22,Mitsubishi 1.5 Ton 3 Star Split AC,139,41794.96,116,89,55,87,120.57142857142856,46.15140713946064,2,11,0
2023-11-22,Non-Fiction,346,94722.16,267,275,266,271,149.14285714285714,65.36673101669872,2,11,0
2023-11-22,Shirt,126,41241.69,65,93,52,147,129.85714285714286,67.73337082863523,2,11,0
2023-11-22,Shoes,159,42809.81,212,245,217,123,145.57142857142858,72.76642344482993,2,11,0
2023-11-22,Shorts,108,33047.23,87,89,82,66,141.57142857142858,75.44723795001129,2,11,0
2023-11-22,Smartphone,322,72963.5,275,285,246,271,157.71428571428572,91.02694525196756,2,11,0
2023-11-22,Snacks,93,21257.5,85,93,56,114,158.14285714285714,90.61719588729352,2,11,0
2023-11-22,Soft Drink,171,43012.83,123,149,163,167,159.14285714285714,90.11183527785234,2,11,0
2023-11-22,T-shirt,180,42855.07,193,141,129,136,148.57142857142858,79.00602749760489,2,11,0
2023-11-22,Tablet,214,49592.46,145,170,192,206,160.0,70.19734088031116,2,11,0
2023-11-22,Television,264,61574.98,166,183,132,154,153.42857142857142,66.57791711685621,2,11,0
2023-11-22,Thriller,143,30788.32,101,91,92,79,155.42857142857142,64.42529819580952,2,11,0
2023-11-22,Tools,79,17521.6,81,69,104,97,127.71428571428572,42.36631635987072,2,11,0
2023-11-22,Water,342,92121.19,413,295,312,366,174.57142857142858,111.77634982836187,2,11,0
2023-11-23,Bathroom,99,26586.58,90,87,97,96,169.85714285714286,114.96438371865209,3,11,0
2023-11-23,Bedding,75,25214.15,75,67,70,178,153.0,119.5644874813027,3,11,0
2023-11-23,BlueStar AC,21,2375.73,33,39,45,20,137.0,128.00911425884186,3,11,0
2023-11-23,Children's,56,14413.08,83,117,102,65,125.14285714285714,128.7172982047974,3,11,0
2023-11-23,Chocolate,99,27134.41,77,111,87,157,121.71428571428572,129.7827855633069,3,11,0
2023-11-23,Coffee,101,21945.3,81,97,82,86,121.71428571428572,129.7827855633069,3,11,0
2023-11-23,Decorations,164,50068.68,198,213,179,127,91.0,50.71160288007562,3,11,0
2023-11-23,Dress,96,21880.3,116,101,76,85,94.71428571428572,51.571032843751176,3,11,0
2023-11-23,Fiction,247,67938.83,263,261,298,282,121.57142857142856,80.45673193888494,3,11,0
2023-11-23,Fridge,132,28588.03,136,119,80,68,136.28571428571428,70.34134461257233,3,11,0
2023-11-23,Furniture,132,34583.38,142,137,214,213,144.71428571428572,66.31167389862817,3,11,0
2023-11-23,Headphones,77,21801.86,89,67,73,83,146.42857142857142,64.39683517807606,3,11,0
2023-11-23,Jacket,79,27374.05,83,57,71,89,146.71428571428572,64.06172618580204,3,11,0
2023-11-23,Jeans,100,23307.26,129,77,95,71,136.85714285714286,60.037289999433575,3,11,0
2023-11-23,Juice,177,44959.96,229,184,202,153,153.0,68.13956266369723,3,11,0
2023-11-23,Kitchen,66,18526.34,104,75,115,49,130.28571428571428,49.23993733313756,3,11,0
2023-11-23,Laptop,83,18408.18,113,73,84,95,127.0,49.56140971898613,3,11,0
2023-11-23,Lighting,64,19371.76,66,78,116,92,116.14285714285714,53.865352412065874,3,11,0
2023-11-23,Literature,99,29135.16,68,88,73,80,113.14285714285714,56.16472371939568,3,11,0
2023-11-23,Mitsubishi 1.5 Ton 3 Star Split AC,104,24355.39,139,97,107,80,121.14285714285714,55.134467656896746,3,11,0
2023-11-23,Non-Fiction,292,81216.48,346,271,227,209,152.14285714285714,101.66190465037911,3,11,0
2023-11-23,Shirt,141,36060.88,126,112,40,81,137.42857142857142,95.97891633558008,3,11,0
2023-11-23,Shoes,159,35239.96,159,190,180,196,145.28571428571428,95.0328264087626,3,11,0
2023-11-23,Shorts,152,41013.63,108,97,103,97,144.57142857142858,95.3342490798504,3,11,0
2023-11-23,Smartphone,243,64913.55,322,264,298,306,181.14285714285717,108.37962380974952,3,11,0
2023-11-23,Snacks,95,23276.78,93,87,52,100,184.7142857142857,104.36748262064869,3,11,0
2023-11-23,Soft Drink,178,54351.58,171,171,203,159,189.28571428571428,102.71921969737735,3,11,0
2023-11-23,T-shirt,228,66211.62,180,160,157,195,165.57142857142858,76.2645770609505,3,11,0
2023-11-23,Tablet,164,42933.61,214,167,193,128,178.14285714285714,75.90658419273974,3,11,0
2023-11-23,Television,234,56259.41,264,170,168,172,193.14285714285717,81.65053290585134,3,11,0
2023-11-23,Thriller,85,22206.16,143,157,59,89,198.14285714285717,76.47533060063348,3,11,0
2023-11-23,Tools,133,33581.32,79,49,77,83,163.42857142857142,65.20444039802035,3,11,0
2023-11-23,Water,334,74393.48,342,433,332,307,199.0,85.22519189379003,3,11,0
2023-11-24,Bathroom,68,14225.29,99,99,124,69,188.7142857142857,93.14453694073929,4,11,0
2023-11-24,Bedding,96,22910.77,75,112,44,103,173.71428571428572,102.74193283126768,4,11,0
2023-11-24,BlueStar AC,29,6568.58,21,31,20,34,146.14285714285714,115.26264004644392,4,11,0
2023-11-24,Children's,69,12967.91,56,58,86,93,116.42857142857144,106.27614524256563,4,11,0
2023-11-24,Chocolate,109,24759.39,99,93,132,106,110.14285714285714,105.74249945256656,4,11,0
2023-11-24,Coffee,133,35320.5,101,62,85,92,113.28571428571428,104.9868472487766,4,11,0
2023-11-24,Decorations,174,38864.5,164,242,155,276,87.85714285714286,44.47631793598332,4,11,0
2023-11-24,Dress,111,22911.04,96,56,69,113,87.42857142857143,44.36536615746034,4,11,0
2023-11-24,Fiction,280,76803.25,247,271,303,270,112.0,74.0405294416501,4,11,0
2023-11-24,Fridge,102,21907.01,132,122,37,89,127.85714285714286,62.250645435551405,4,11,0
2023-11-24,Furniture,149,36334.36,132,142,155,173,138.71428571428572,53.66474412409566,4,11,0
2023-11-24,Headphones,85,22067.55,77,54,99,91,135.57142857142858,56.9235075718776,4,11,0
2023-11-24,Jacket,83,16618.9,79,98,63,80,132.42857142857142,59.6904714418664,4,11,0
2023-11-24,Jeans,109,27563.56,100,123,65,85,123.28571428571428,58.94549540525807,4,11,0
2023-11-24,Juice,198,53440.15,177,140,214,199,134.85714285714286,60.622956519314926,4,11,0
2023-11-24,Kitchen,82,22646.0,66,73,139,111,109.0,39.86644370060088,4,11,0
2023-11-24,Laptop,59,11926.74,83,70,94,74,102.0,39.45461527713204,4,11,0
2023-11-24,Lighting,90,21965.16,64,64,67,89,92.28571428571428,39.207628023611846,4,11,0
2023-11-24,Literature,62,20695.09,99,94,148,175,95.42857142857144,38.655991958369626,4,11,0
2023-11-24,Mitsubishi 1.5 Ton 3 Star Split AC,128,30305.68,104,126,86,95,99.0,38.03507153492019,4,11,0
2023-11-24,Non-Fiction,203,53496.02,292,223,273,267,126.42857142857144,82.32224718113724,4,11,0
2023-11-24,Shirt,94,24031.19,141,90,84,103,121.28571428571428,79.71974721007314,4,11,0
2023-11-24,Shoes,168,54390.27,159,99,171,137,134.57142857142858,76.66128345489835,4,11,0
2023-11-24,Shorts,143,44636.12,152,98,148,109,144.42857142857142,73.28678176146289,4,11,0
2023-11-24,Smartphone,238,66289.05,243,288,292,301,170.0,71.75885543494466,4,11,0
2023-11-24,Snacks,42,9970.94,95,125,95,79,169.42857142857142,72.43124818947736,4,11,0
2023-11-24,Soft Drink,108,31323.1,178,153,190,188,180.0,66.4429579915482,4,11,0
2023-11-24,T-shirt,176,48142.96,228,246,167,167,170.85714285714286,51.09281936315656,4,11,0
2023-11-24,Tablet,189,47583.6,164,266,147,154,174.14285714285714,49.56957592256381,4,11,0
2023-11-24,Television,129,32483.37,234,178,126,134,184.8571428571429,53.685592640324245,4,11,0
2023-11-24,Thriller,140,33357.65,85,93,83,59,175.28571428571428,65.24751409240093,4,11,0
2023-11-24,Tools,83,20919.31,133,104,105,73,159.57142857142858,59.18574474442571,4,11,0
2023-11-24,Water,442,110344.35,334,373,442,298,193.7142857142857,80.73973471534791,4,11,0
2023-11-25,Bathroom,73,19650.94,68,93,91,55,178.0,93.93437425493734,5,11,1
2023-11-25,Bedding,123,34997.84,96,54,120,74,159.14285714285714,95.46103667889564,5,11,1
2023-11-25,BlueStar AC,22,7307.82,29,21,13,22,139.85714285714286,107.22783931334916,5,11,1
2023-11-25,Children's,111,24452.35,69,129,94,103,116.28571428571428,101.04077441923116,5,11,1
2023-11-25,Chocolate,67,18209.48,109,111,59,85,119.71428571428572,100.2059783408054,5,11,1
2023-11-25,Coffee,145,35860.75,133,116,97,75,119.71428571428572,100.2059783408054,5,11,1
2023-11-25,Decorations,183,50412.53,174,272,206,164,96.85714285714286,47.64251802549224,5,11,1
2023-11-25,Dress,45,12815.44,111,149,85,94,103.0,46.04707735929799,5,11,1
2023-11-25,Fiction,252,69883.33,280,247,281,291,129.28571428571428,80.79338728244605,5,11,1
2023-11-25,Fridge,142,31835.52,102,87,98,114,139.71428571428572,69.63168408541712,5,11,1
2023-11-25,Furniture,169,39828.83,149,133,205,164,151.14285714285714,62.26670745384551,5,11,1
2023-11-25,Headphones,113,30854.41,85,101,76,58,147.71428571428572,65.54823741773188,5,11,1
2023-11-25,Jacket,116,30391.7,83,79,117,97,140.57142857142858,69.99251660679366,5,11,1
2023-11-25,Jeans,66,20880.8,109,73,59,86,131.28571428571428,69.12480086942735,5,11,1
2023-11-25,Juice,184,52007.63,198,135,178,190,143.71428571428572,72.60329259226475,5,11,1
2023-11-25,Kitchen,123,28458.38,82,121,95,96,115.42857142857144,43.32380847700539,5,11,1
2023-11-25,Laptop,105,29126.75,59,111,80,105,109.28571428571428,48.30705361095088,5,11,1
2023-11-25,Lighting,101,25153.97,90,119,67,76,100.85714285714286,45.2748221841827,5,11,1
2023-11-25,Literature,80,15528.98,62,78,68,107,97.57142857142856,47.4020292914999,5,11,1
2023-11-25,Mitsubishi 1.5 Ton 3 Star Split AC,101,23672.05,128,107,130,87,104.0,48.14215062361164,5,11,1
2023-11-25,Non-Fiction,156,44313.56,203,271,204,234,117.42857142857144,61.127890914204734,5,11,1
2023-11-25,Shirt,52,18439.32,94,76,89,82,102.57142857142856,49.88606065444424,5,11,1
2023-11-25,Shoes,160,40976.62,168,222,184,248,114.85714285714286,54.36429150164704,5,11,1
2023-11-25,Shorts,73,18229.13,143,50,116,112,126.85714285714286,48.98444845536257,5,11,1
2023-11-25,Smartphone,270,66495.36,238,303,335,274,148.0,60.91250555783476,5,11,1
2023-11-25,Snacks,62,20337.03,42,97,70,65,145.14285714285714,65.88482013187436,5,11,1
2023-11-25,Soft Drink,178,45400.0,108,227,166,277,142.28571428571428,67.1731947672433,5,11,1
2023-11-25,T-shirt,138,39167.86,176,220,144,145,138.42857142857142,63.79617841965366,5,11,1
2023-11-25,Tablet,179,50564.35,189,201,143,191,152.0,62.8675857126171,5,11,1
2023-11-25,Television,208,54279.47,129,192,178,198,146.42857142857142,62.941393753387466,5,11,1
2023-11-25,Thriller,93,24149.74,140,102,106,80,146.0,62.97883242275334,5,11,1
2023-11-25,Tools,108,26813.0,83,91,33,90,123.85714285714286,51.43095232583912,5,11,1
2023-11-25,Water,381,90581.35,442,448,345,344,181.0,120.78079317507388,5,11,1
2023-11-26,Bathroom,96,22219.88,73,90,93,74,176.0,124.9586598306281,6,11,1
2023-11-26,Bedding,73,12468.15,123,80,107,121,168.42857142857142,126.55414801954272,6,11,1
2023-11-26,BlueStar AC,39,11364.36,22,17,30,13,144.57142857142858,137.3133365006921,6,11,1
2023-11-26,Children's,47,8096.11,111,142,100,56,142.0,137.82114012975867,6,11,1
2023-11-26,Chocolate,119,30109.43,67,86,67,91,131.57142857142858,140.7288849086034,6,11,1
2023-11-26,Coffee,56,9137.34,145,50,117,79,140.42857142857142,139.10410626919787,6,11,1
2023-11-26,Decorations,141,36939.57,183,139,198,164,103.42857142857144,53.82644066149617,6,11,1
2023-11-26,Dress,91,29244.41,45,83,89,95,99.42857142857144,57.3871563530165,6,11,1
2023-11-26,Fiction,199,54200.15,252,222,293,236,117.85714285714286,81.75660742192483,6,11,1
2023-11-26,Fridge,121,29413.29,142,102,107,148,135.0,70.04998215560016,6,11,1
2023-11-26,Furniture,202,51523.36,169,222,156,233,143.28571428571428,70.1681653499031,6,11,1
2023-11-26,Headphones,44,10859.38,113,91,49,134,149.85714285714286,63.68785486372406,6,11,1
2023-11-26,Jacket,90,24396.06,116,82,65,148,145.71428571428572,64.98644547317551,6,11,1
2023-11-26,Jeans,70,24402.97,66,108,82,101,129.0,68.73621073834782,6,11,1
2023-11-26,Juice,259,83306.53,184,198,189,189,148.85714285714286,59.940049414472846,6,11,1
2023-11-26,Kitchen,95,27021.63,123,95,82,42,130.42857142857142,39.178468333413406,6,11,1
2023-11-26,Laptop,114,32555.31,105,89,112,68,125.14285714285714,39.84732768717889,6,11,1
2023-11-26,Lighting,105,23340.37,101,68,122,46,115.42857142857144,35.41589635016443,6,11,1
2023-11-26,Literature,91,25086.14,80,135,95,74,110.71428571428572,37.90212960469765,6,11,1
2023-11-26,Mitsubishi 1.5 Ton 3 Star Split AC,84,20214.24,101,121,97,153,108.57142857142856,37.97743691042855,6,11,1
2023-11-26,Non-Fiction,324,80635.42,156,245,321,282,121.42857142857144,36.36324675115794,6,11,1
2023-11-26,Shirt,65,12742.98,52,62,80,116,102.57142857142856,32.53130360568989,6,11,1
2023-11-26,Shoes,181,40415.49,160,172,210,208,107.85714285714286,38.80476161258292,6,11,1
2023-11-26,Shorts,122,32238.49,73,60,86,83,103.28571428571428,41.01915928650035,6,11,1
2023-11-26,Smartphone,220,58279.02,270,217,287,306,127.42857142857144,75.05965881185628,6,11,1
2023-11-26,Snacks,56,11173.71,62,71,70,97,124.85714285714286,77.23217932836943,6,11,1
2023-11-26,Soft Drink,231,63158.45,178,207,140,177,135.85714285714286,78.73675247605844,6,11,1
2023-11-26,T-shirt,182,45271.04,138,173,143,163,133.28571428571428,78.26177075625533,6,11,1
2023-11-26,Tablet,150,36206.52,179,205,189,185,151.42857142857142,70.62543720892853,6,11,1
2023-11-26,Television,132,32669.62,208,128,195,167,158.28571428571428,73.85281372593755,6,11,1
2023-11-26,Thriller,91,23611.97,93,84,111,92,161.14285714285714,70.30511733728535,6,11,1
2023-11-26,Tools,105,25618.18,108,62,57,62,138.0,53.04400688736263,6,11,1
2023-11-26,Water,392,104842.28,381,332,318,361,183.57142857142856,96.2788608554288,6,11,1
2023-11-27,Bathroom,115,37108.99,96,96,81,57,171.85714285714286,101.8944365040415,0,11,0
2023-11-27,Bedding,105,25270.29,73,70,77,95,162.57142857142858,108.25718935765416,0,11,0
2023-11-27,BlueStar AC,31,8645.34,39,18,5,29,142.57142857142858,117.27298231456508,0,11,0
2023-11-27,Children's,103,22961.86,47,101,69,89,119.57142857142856,118.0873365252131,0,11,0
2023-11-27,Chocolate,109,24973.44,119,93,114,112,123.28571428571428,117.519805828229,0,11,0
2023-11-27,Coffee,70,17196.36,56,132,78,78,115.85714285714286,120.25864982255013,0,11,0
2023-11-27,Decorations,176,41862.42,141,149,178,176,81.57142857142857,38.46148351644201,0,11,0
2023-11-27,Dress,72,10223.53,91,112,65,134,80.85714285714286,38.19436507928033,0,11,0
2023-11-27,Fiction,311,82113.37,199,290,246,243,98.85714285714286,58.28215441976535,0,11,0
2023-11-27,Fridge,128,33652.12,121,119,124,139,110.57142857142856,52.16594400838137,0,11,0
2023-11-27,Furniture,121,22715.63,202,184,151,204,132.71428571428572,53.562157928006016,0,11,0
2023-11-27,Headphones,74,21370.4,44,85,37,86,122.0,63.36665789934968,0,11,0
2023-11-27,Jacket,70,19053.33,90,118,84,67,126.85714285714286,58.58733814124071,0,11,0
2023-11-27,Jeans,97,21895.22,70,45,63,130,116.71428571428572,61.789196158427536,0,11,0
2023-11-27,Juice,156,33723.91,259,158,151,159,140.71428571428572,80.06188082917281,0,11,0
2023-11-27,Kitchen,103,25918.06,95,102,119,77,125.85714285714286,77.03555147122708,0,11,0
2023-11-27,Laptop,86,15439.88,114,41,93,89,124.85714285714286,77.15445239135204,0,11,0
2023-11-27,Lighting,81,20443.22,105,142,90,92,111.0,69.30127463955142,0,11,0
2023-11-27,Literature,74,21127.67,91,74,96,79,117.71428571428572,63.785354342288514,0,11,0
2023-11-27,Mitsubishi 1.5 Ton 3 Star Split AC,46,19274.08,84,75,106,112,116.85714285714286,64.25840689857422,0,11,0
2023-11-27,Non-Fiction,215,55338.73,324,236,251,238,153.14285714285714,96.84253296189704,0,11,0
2023-11-27,Shirt,65,17466.2,65,82,85,59,125.42857142857144,88.93603908213437,0,11,0
2023-11-27,Shoes,127,39575.97,181,188,262,132,137.71428571428572,89.96613119338113,0,11,0
2023-11-27,Shorts,94,23818.65,122,112,46,102,138.85714285714286,89.6649849373178,0,11,0
2023-11-27,Smartphone,224,59321.7,220,294,298,184,155.28571428571428,92.90445681041368,0,11,0
2023-11-27,Snacks,123,32636.97,56,102,64,67,150.28571428571428,97.75601308992718,0,11,0
2023-11-27,Soft Drink,163,34378.82,231,155,210,220,171.28571428571428,96.92903638867996,0,11,0
2023-11-27,T-shirt,202,52223.84,182,199,159,126,151.0,71.04458693900087,0,11,0
2023-11-27,Tablet,147,39960.96,150,125,227,194,163.14285714285714,60.35569172670842,0,11,0
2023-11-27,Television,145,36588.58,132,215,123,188,156.14285714285714,60.77946081648621,0,11,0
2023-11-27,Thriller,46,11771.55,91,70,43,66,151.71428571428572,64.68568694261518,0,11,0
2023-11-27,Tools,95,23670.23,105,92,91,98,135.28571428571428,58.78694380476552,0,11,0
2023-11-27,Water,415,109166.08,392,311,310,407,183.28571428571428,103.4596769853102,0,11,0
2023-11-28,Bathroom,95,21463.63,115,74,78,97,166.71428571428572,103.83274095986312,1,11,0
2023-11-28,Bedding,78,24345.63,105,81,113,69,155.71428571428572,105.9995507627494,1,11,0
2023-11-28,BlueStar AC,26,6902.99,31,25,35,35,138.71428571428572,116.12739310159051,1,11,0
2023-11-28,Children's,116,28046.45,103,73,83,78,134.57142857142858,116.92142253504676,1,11,0
2023-11-28,Chocolate,93,24839.75,109,38,122,113,137.14285714285714,115.99774217835488,1,11,0
2023-11-28,Coffee,94,21723.04,70,66,94,57,132.14285714285714,118.34473452788714,1,11,0
2023-11-28,Decorations,186,50403.14,176,218,138,144,101.28571428571428,44.282104307548565,1,11,0
2023-11-28,Dress,83,18773.47,72,45,101,118,95.14285714285714,45.03860777683998,1,11,0
2023-11-28,Fiction,241,58718.54,311,320,220,298,124.57142857142856,93.63556507876125,1,11,0
2023-11-28,Fridge,109,31360.35,128,97,103,146,138.42857142857142,84.18007908220102,1,11,0
2023-11-28,Furniture,208,49988.76,121,145,201,136,141.0,83.18653737234112,1,11,0
2023-11-28,Headphones,84,25000.06,74,50,121,96,136.0,86.4195194000362,1,11,0
2023-11-28,Jacket,98,27640.82,70,97,89,89,136.0,86.4195194000362,1,11,0
2023-11-28,Jeans,89,23552.61,97,67,110,70,124.71428571428572,85.47848517943747,1,11,0
2023-11-28,Juice,243,67385.86,156,200,187,156,136.71428571428572,82.69565543951707,1,11,0
2023-11-28,Kitchen,80,17183.71,103,102,95,69,107.0,30.58321979996857,1,11,0
2023-11-28,Laptop,111,26107.42,86,115,74,72,101.0,29.888682361943975,1,11,0
2023-11-28,Lighting,68,14368.96,81,162,84,84,95.28571428571428,29.24445409368988,1,11,0
2023-11-28,Literature,38,9477.25,74,82,59,45,95.28571428571428,29.244454093689885,1,11,0
2023-11-28,Mitsubishi 1.5 Ton 3 Star Split AC,104,24841.64,46,116,133,120,91.85714285714286,33.76106520549016,1,11,0
2023-11-28,Non-Fiction,283,82626.15,215,267,308,250,108.71428571428572,57.71687877248695,1,11,0
2023-11-28,Shirt,100,23476.95,65,65,83,94,95.71428571428572,55.496889659733206,1,11,0
2023-11-28,Shoes,210,50225.26,127,212,175,205,99.14285714285714,56.749239558570615,1,11,0
2023-11-28,Shorts,81,17355.81,94,87,122,96,100.28571428571428,56.52053988216386,1,11,0
2023-11-28,Smartphone,252,67944.96,224,275,246,181,120.71428571428572,72.08724872382983,1,11,0
2023-11-28,Snacks,87,24568.1,123,85,112,134,127.71428571428572,69.11274432817233,1,11,0
2023-11-28,Soft Drink,160,34946.93,163,123,231,135,144.42857142857142,59.542301889376304,1,11,0
2023-11-28,T-shirt,148,31997.97,202,193,210,132,142.57142857142858,57.12809333085566,1,11,0
2023-11-28,Tablet,145,36686.74,147,145,146,141,154.28571428571428,45.86834160839791,1,11,0
2023-11-28,Television,124,35066.37,145,166,121,164,156.85714285714286,44.56990229376904,1,11,0
2023-11-28,Thriller,92,26344.66,46,101,103,121,150.0,57.63101017102903,1,11,0
2023-11-28,Tools,87,27277.66,95,81,74,130,131.57142857142858,50.165915197661256,1,11,0
2023-11-28,Water,320,84636.69,415,413,274,497,173.28571428571428,117.74083727366948,1,11,0
2023-11-29,Bathroom,64,14561.16,95,90,87,71,163.57142857142858,121.4768251462763,2,11,0
2023-11-29,Bedding,97,19929.83,78,75,128,84,145.85714285714286,123.95486889916604,2,11,0
2023-11-29,BlueStar AC,67,13901.42,26,33,40,6,128.57142857142858,131.94804172205667,2,11,0
2023-11-29,Children's,90,18813.3,116,83,84,62,124.42857142857144,131.8014379573263,2,11,0
2023-11-29,Chocolate,113,35106.6,93,77,75,62,131.14285714285714,128.2905927590799,2,11,0
2023-11-29,Coffee,103,30637.36,94,81,106,102,131.0,128.33809514975107,2,11,0
2023-11-29,Decorations,111,25750.86,186,198,121,159,98.28571428571428,47.78672858201613,2,11,0
2023-11-29,Dress,117,27651.37,83,116,87,50,96.57142857142856,48.1381939242174,2,11,0
2023-11-29,Fiction,233,59531.25,241,263,275,278,119.85714285714286,71.4409513081216,2,11,0
2023-11-29,Fridge,66,21679.92,109,136,93,116,131.71428571428572,59.086699816777625,2,11,0
2023-11-29,Furniture,217,58687.51,208,142,133,150,144.85714285714286,64.94979746293363,2,11,0
2023-11-29,Headphones,64,18497.53,84,89,95,155,143.57142857142858,66.22400658083862,2,11,0
2023-11-29,Jacket,94,25320.66,98,83,53,76,144.14285714285714,65.74047097343791,2,11,0
2023-11-29,Jeans,122,28573.04,89,129,100,78,130.28571428571428,65.67017152841403,2,11,0
2023-11-29,Juice,143,29780.5,243,229,181,171,153.14285714285714,73.80927803338442,2,11,0
2023-11-29,Kitchen,91,26042.3,80,104,86,97,130.14285714285714,66.60187327552742,2,11,0
2023-11-29,Laptop,89,25679.93,111,113,56,42,130.42857142857142,66.50026852792104,2,11,0
2023-11-29,Lighting,45,11573.49,68,66,61,93,110.42857142857144,60.019044596574346,2,11,0
2023-11-29,Literature,99,29221.52,38,68,78,86,103.85714285714286,65.64913955117296,2,11,0
2023-11-29,Mitsubishi 1.5 Ton 3 Star Split AC,117,25965.67,104,139,89,97,104.71428571428572,65.59907084126996,2,11,0
2023-11-29,Non-Fiction,235,60071.61,283,346,275,321,132.42857142857142,93.07856384591966,2,11,0
2023-11-29,Shirt,122,35506.13,100,126,93,114,112.0,79.46277954698792,2,11,0
2023-11-29,Shoes,237,63787.07,210,159,245,145,130.57142857142858,85.68519347560739,2,11,0
2023-11-29,Shorts,123,21200.62,81,108,89,61,126.28571428571428,87.55705622757073,2,11,0
2023-11-29,Smartphone,336,88945.37,252,322,285,284,152.57142857142858,94.48784250342634,2,11,0
2023-11-29,Snacks,85,21417.2,87,93,93,77,159.57142857142858,86.02103840118983,2,11,0
2023-11-29,Soft Drink,191,61027.06,160,171,149,156,167.57142857142858,82.524455249857,2,11,0
2023-11-29,T-shirt,124,30536.46,148,180,141,122,148.28571428571428,64.95822833614955,2,11,0
2023-11-29,Tablet,172,48560.34,145,214,170,147,154.71428571428572,61.5188705079291,2,11,0
2023-11-29,Television,196,51982.61,124,264,183,218,142.42857142857142,57.06387398596085,2,11,0
2023-11-29,Thriller,80,19591.66,92,143,91,33,144.0,55.21171373298642,2,11,0
2023-11-29,Tools,88,18561.8,87,79,69,113,120.42857142857144,31.58510800391424,2,11,0
2023-11-29,Water,275,71662.39,320,342,295,378,153.71428571428572,78.46594651123938,2,11,0
2023-11-30,Bathroom,45,10748.88,64,99,87,106,140.0,85.27797683653873,3,11,0
2023-11-30,Bedding,97,25474.72,97,75,67,62,132.71428571428572,86.64816652361813,3,11,0
2023-11-30,BlueStar AC,22,7681.39,67,21,39,41,121.57142857142856,89.76424147520508,3,11,0
2023-11-30,Children's,68,14278.31,90,56,117,143,116.71428571428572,90.52755434252032,3,11,0
2023-11-30,Chocolate,71,22418.42,113,99,111,98,119.71428571428572,89.91795201870411,3,11,0
2023-11-30,Coffee,59,12620.38,103,101,97,74,122.0,89.14781732231707,3,11,0
2023-11-30,Decorations,188,49296.41,111,164,213,191,92.14285714285714,19.836234281638266,3,11,0
2023-11-30,Dress,73,16069.99,117,96,101,122,99.71428571428572,17.25025879722641,3,11,0
2023-11-30,Fiction,384,96065.29,233,247,261,246,119.14285714285714,53.07362361672136,3,11,0
2023-11-30,Fridge,125,40403.37,66,132,119,134,119.0,53.23845727792281,3,11,0
2023-11-30,Furniture,184,39436.66,217,132,137,143,137.14285714285714,62.53646555258318,3,11,0
2023-11-30,Headphones,92,23194.42,64,77,67,113,130.14285714285714,68.1772898929163,3,11,0
2023-11-30,Jacket,96,24773.71,94,79,57,30,128.85714285714286,68.85595731048073,3,11,0
2023-11-30,Jeans,65,10521.59,122,100,77,87,130.42857142857142,68.50512667641942,3,11,0
2023-11-30,Juice,156,35590.25,143,177,184,163,134.14285714285714,68.36038953328713,3,11,0
2023-11-30,Kitchen,83,22477.07,91,66,75,103,113.85714285714286,53.61414170231641,3,11,0
2023-11-30,Laptop,74,15211.05,89,83,73,56,117.14285714285714,50.82462845061176,3,11,0
2023-11-30,Lighting,87,16035.7,45,64,78,69,92.57142857142856,32.9284939571424,3,11,0
2023-11-30,Literature,92,23417.12,99,99,88,97,97.57142857142856,30.429465669844344,3,11,0
2023-11-30,Mitsubishi 1.5 Ton 3 Star Split AC,124,32722.07,117,104,97,72,100.85714285714286,31.21126170379396,3,11,0
2023-11-30,Non-Fiction,289,70814.79,235,292,271,252,117.0,59.9555390824446,3,11,0
2023-11-30,Shirt,58,13982.41,122,141,112,61,114.0,58.95478493444394,3,11,0
2023-11-30,Shoes,162,43669.21,237,159,190,193,134.85714285714286,73.49473580111766,3,11,0
2023-11-30,Shorts,83,15257.73,123,152,97,115,139.71428571428572,71.0415706604567,3,11,0
2023-11-30,Smartphone,328,88200.95,336,243,264,259,181.28571428571428,89.20148407904831,3,11,0
2023-11-30,Snacks,66,15346.83,85,95,87,50,179.28571428571428,91.48171818404325,3,11,0
2023-11-30,Soft Drink,209,57316.15,191,178,171,179,189.8571428571429,87.26287597718449,3,11,0
2023-11-30,T-shirt,264,66188.45999999999,124,228,160,188,174.0,87.77623064740594,3,11,0
2023-11-30,Tablet,136,29728.85,172,164,167,112,181.14285714285717,84.82418792504178,3,11,0
2023-11-30,Television,185,36754.41,196,234,170,233,175.28571428571428,81.68172844586911,3,11,0
2023-11-30,Thriller,105,25085.98,80,85,157,117,169.14285714285714,87.66684772749687,3,11,0
2023-11-30,Tools,74,16326.61,88,133,49,136,133.71428571428572,51.75169654453841,3,11,0
2023-11-30,Water,346,88825.75,275,334,433,340,160.85714285714286,68.92128014730125,3,11,0
2023-12-01,Bathroom,47,11651.78,45,68,99,79,140.0,79.55082232971093,4,12,0
2023-12-01,Bedding,89,24807.06,97,96,112,87,136.14285714285714,81.09547577069935,4,12,0
2023-12-01,BlueStar AC,21,5602.349999999999,22,29,31,9,114.71428571428572,89.43100559596003,4,12,0
2023-12-01,Children's,77,17154.72,68,69,58,91,96.42857142857144,82.88718667131589,4,12,0
2023-12-01,Chocolate,105,34966.31,71,109,93,67,95.14285714285714,83.25348555551719,4,12,0
2023-12-01,Coffee,108,28574.0,59,133,62,123,91.0,84.38206760522748,4,12,0
2023-12-01,Decorations,183,42919.36,188,174,242,229,78.57142857142857,53.53147716641938,4,12,0
2023-12-01,Dress,84,22843.120000000003,73,111,56,156,82.57142857142857,51.61671932896888,4,12,0
2023-12-01,Fiction,313,79122.47,384,280,271,209,123.57142857142856,125.74426049573368,4,12,0
2023-12-01,Fridge,122,36029.01,125,102,122,78,138.28571428571428,117.64312458407696,4,12,0
2023-12-01,Furniture,239,63206.46,184,149,142,195,154.85714285714286,114.21241697151892,4,12,0
2023-12-01,Headphones,95,22862.74,92,85,54,46,157.85714285714286,111.89493371228257,4,12,0
2023-12-01,Jacket,125,32066.05,96,83,98,65,163.14285714285714,107.2231762438021,4,12,0
2023-12-01,Jeans,85,27182.63,65,109,123,73,145.57142857142858,112.42309540727068,4,12,0
2023-12-01,Juice,180,46628.45,156,198,140,197,157.42857142857142,107.77423492786032,4,12,0
2023-12-01,Kitchen,123,35396.67,83,82,73,61,114.42857142857144,42.727263516622685,4,12,0
2023-12-01,Laptop,63,18079.91,74,59,70,112,107.14285714285714,44.916324320630366,4,12,0
2023-12-01,Lighting,52,17369.59,87,90,64,92,93.28571428571428,29.606948991263412,4,12,0
2023-12-01,Literature,83,21304.4,92,62,94,65,93.28571428571428,29.606948991263412,4,12,0
2023-12-01,Mitsubishi 1.5 Ton 3 Star Split AC,82,19253.54,124,128,126,85,97.28571428571428,31.84187120608039,4,12,0
2023-12-01,Non-Fiction,212,50401.03,289,203,223,311,129.28571428571428,75.96866521953628,4,12,0
2023-12-01,Shirt,114,32783.76,58,94,90,59,115.28571428571428,79.18693976011006,4,12,0
2023-12-01,Shoes,237,63341.57,162,168,99,227,126.57142857142856,79.44779657707484,4,12,0
2023-12-01,Shorts,75,16294.55,83,143,98,88,127.85714285714286,78.52266885307331,4,12,0
2023-12-01,Smartphone,299,84459.55,328,238,288,165,162.28571428571428,105.73979743646515,4,12,0
2023-12-01,Snacks,86,23471.68,66,42,125,88,158.57142857142858,109.02577240092806,4,12,0
2023-12-01,Soft Drink,196,49991.12,209,108,153,197,170.71428571428572,109.2668206512756,4,12,0
2023-12-01,T-shirt,203,46339.66,264,176,246,193,167.14285714285714,105.08477303496188,4,12,0
2023-12-01,Tablet,178,42127.27,136,189,266,148,178.28571428571428,95.25879536944625,4,12,0
2023-12-01,Television,165,47472.82,185,129,178,226,181.57142857142856,94.99974937310267,4,12,0
2023-12-01,Thriller,73,21844.92,105,140,93,63,184.7142857142857,91.49447029869096,4,12,0
2023-12-01,Tools,63,12182.39,74,83,104,67,148.42857142857142,73.86667526216151,4,12,0
2023-12-01,Water,398,111236.58,346,442,373,327,188.42857142857144,94.67287035340344,4,12,0
2023-12-02,Bathroom,109,28717.51,47,73,93,93,165.28571428571428,107.70904370217951,5,12,1
2023-12-02,Bedding,46,8769.98,89,123,54,68,140.28571428571428,101.08365229800842,5,12,1
2023-12-02,BlueStar AC,23,4472.849999999999,21,22,21,27,123.85714285714286,110.77669515956896,5,12,1
2023-12-02,Children's,73,18798.54,77,111,129,74,108.42857142857144,108.33567763031212,5,12,1
2023-12-02,Chocolate,93,23939.12,105,67,111,94,108.42857142857144,108.33567763031212,5,12,1
2023-12-02,Coffee,119,26697.29,108,145,116,65,113.28571428571428,107.29199144657208,5,12,1
2023-12-02,Decorations,171,52667.23,183,183,272,179,90.0,51.60426338976117,5,12,1
2023-12-02,Dress,104,25100.84,84,45,149,90,95.28571428571428,48.25181960546095,5,12,1
2023-12-02,Fiction,305,84657.94,313,252,247,288,127.28571428571428,95.01002453375456,5,12,1
2023-12-02,Fridge,137,27980.05,122,142,87,98,141.71428571428572,83.10177351840731,5,12,1
2023-12-02,Furniture,192,49177.2,239,169,133,151,164.85714285714286,84.61959696474639,5,12,1
2023-12-02,Headphones,102,21114.18,95,113,101,76,163.42857142857142,85.87366135367492,5,12,1
2023-12-02,Jacket,102,32365.1,125,116,79,53,165.85714285714286,84.2702568554061,5,12,1
2023-12-02,Jeans,107,27469.71,85,66,73,106,151.85714285714286,88.95772136512998,5,12,1
2023-12-02,Juice,135,36785.0,180,184,135,142,165.57142857142858,84.01558812279407,5,12,1
2023-12-02,Kitchen,94,24089.58,123,123,121,78,138.42857142857142,53.652763653132965,5,12,1
2023-12-02,Laptop,92,25264.87,63,105,111,102,130.0,60.81940479813896,5,12,1
2023-12-02,Lighting,63,17332.74,52,101,119,96,103.28571428571428,43.59172048953739,5,12,1
2023-12-02,Literature,53,20116.62,83,80,78,121,101.57142857142856,44.203533579932696,5,12,1
2023-12-02,Mitsubishi 1.5 Ton 3 Star Split AC,95,20158.86,82,101,107,71,95.42857142857144,43.385316805176885,5,12,1
2023-12-02,Non-Fiction,357,100585.53,212,156,271,191,113.57142857142856,61.19601605457867,5,12,1
2023-12-02,Shirt,108,26060.08,114,52,76,82,104.14285714285714,53.90556115846845,5,12,1
2023-12-02,Shoes,127,32101.46,237,160,222,218,120.42857142857144,74.0199458318652,5,12,1
2023-12-02,Shorts,95,29173.13,75,73,50,53,122.14285714285714,72.59345372559018,5,12,1
2023-12-02,Smartphone,264,73253.17,299,270,303,291,157.42857142857142,90.6106269390386,5,12,1
2023-12-02,Snacks,87,18343.81,86,62,97,59,157.85714285714286,90.20611319163892,5,12,1
2023-12-02,Soft Drink,127,40002.82,196,178,227,131,174.14285714285714,84.32759250175941,5,12,1
2023-12-02,T-shirt,140,37586.94,203,138,220,159,172.85714285714286,83.72062384587677,5,12,1
2023-12-02,Tablet,201,57343.72,178,179,201,181,182.0,79.61574383667221,5,12,1
2023-12-02,Television,133,30038.81,165,208,192,167,171.71428571428572,75.88964418969182,5,12,1
2023-12-02,Thriller,98,22692.89,73,93,102,111,171.42857142857142,76.31700802760578,5,12,1
2023-12-02,Tools,111,28735.29,63,108,91,93,137.71428571428572,61.19835042905971,5,12,1
2023-12-02,Water,462,103193.99,398,381,448,225,182.28571428571428,110.7846473805736,5,12,1
2023-12-03,Bathroom,130,24920.05,109,96,90,103,169.85714285714286,113.82798216523672,6,12,1
2023-12-03,Bedding,67,15789.72,46,73,80,58,147.42857142857142,121.42330520793342,6,12,1
2023-12-03,BlueStar AC,30,9194.77,23,39,17,11,125.28571428571428,128.82638741825363,6,12,1
2023-12-03,Children's,56,14697.66,73,47,142,77,112.14285714285714,128.79237629019838,6,12,1
2023-12-03,Chocolate,80,19228.53,93,119,86,110,115.0,127.99869791004336,6,12,1
2023-12-03,Coffee,72,14830.59,119,56,50,75,123.0,125.940462123973,6,12,1
2023-12-03,Decorations,200,48627.2,171,141,139,178,90.57142857142856,49.13198938524904,6,12,1
2023-12-03,Dress,72,16905.26,104,91,83,115,89.85714285714286,48.8549846362617,6,12,1
2023-12-03,Fiction,187,52640.96,305,199,222,240,126.85714285714286,90.46256789676087,6,12,1
2023-12-03,Fridge,110,31106.63,137,121,102,84,143.14285714285714,78.06072117573656,6,12,1
2023-12-03,Furniture,212,50862.04,192,202,222,127,160.14285714285714,73.03521655436349,6,12,1
2023-12-03,Headphones,105,26894.7,102,44,91,58,161.42857142857142,71.72367610688697,6,12,1
2023-12-03,Jacket,88,21264.72,102,90,82,97,159.0,73.66138744281099,6,12,1
2023-12-03,Jeans,84,18058.59,107,70,108,72,149.85714285714286,75.86265785709567,6,12,1
2023-12-03,Juice,210,52819.07,135,259,198,244,154.28571428571428,73.61094639095015,6,12,1
2023-12-03,Kitchen,85,22245.17,94,95,95,85,124.14285714285714,34.32894100429064,6,12,1
2023-12-03,Laptop,83,15733.33,92,114,89,60,117.71428571428572,35.70580851772765,6,12,1
2023-12-03,Lighting,108,28205.72,63,105,68,93,99.28571428571428,21.398709351374777,6,12,1
2023-12-03,Literature,67,16826.64,53,91,135,102,92.28571428571428,27.5058435349886,6,12,1
2023-12-03,Mitsubishi 1.5 Ton 3 Star Split AC,173,44236.83,95,84,121,115,91.28571428571428,27.219565791992466,6,12,1
2023-12-03,Non-Fiction,305,82907.16,357,324,245,316,127.0,104.78072341800224,6,12,1
2023-12-03,Shirt,110,28543.82,108,65,62,130,123.14285714285714,104.93399285809502,6,12,1
2023-12-03,Shoes,214,57771.75,127,181,172,150,127.85714285714286,104.14481675600923,6,12,1
2023-12-03,Shorts,149,36597.28,95,122,60,111,128.28571428571428,103.97870661136017,6,12,1
2023-12-03,Smartphone,340,88859.64,264,220,217,226,157.0,110.4943437466367,6,12,1
2023-12-03,Snacks,65,16965.61,87,56,71,132,161.85714285714286,105.80867729291444,6,12,1
2023-12-03,Soft Drink,181,49033.28,127,231,207,190,166.42857142857142,103.095194105346,6,12,1
2023-12-03,T-shirt,186,42288.5,140,182,173,241,135.42857142857142,59.75744623854233,6,12,1
2023-12-03,Tablet,140,47177.32,201,150,205,215,148.71428571428572,62.89863349261257,6,12,1
2023-12-03,Television,175,52216.44,133,132,128,229,149.57142857142858,62.59354903624086,6,12,1
2023-12-03,Thriller,85,18585.33,98,91,84,115,150.0,62.16644325250219,6,12,1
2023-12-03,Tools,68,17408.629999999997,111,105,62,132,128.14285714285714,37.3471488042851,6,12,1
2023-12-03,Water,405,104292.14,462,392,332,369,181.7142857142857,127.83285217516676,6,12,1
2023-12-04,Bathroom,95,24944.7,130,115,96,91,182.14285714285717,127.62370282909622,0,12,0
2023-12-04,Bedding,55,10648.24,67,105,70,63,171.71428571428572,134.44170271374637,0,12,0
2023-12-04,BlueStar AC,27,6214.4,30,31,18,28,147.28571428571428,143.4662727911035,0,12,0
2023-12-04,Children's,78,17747.6,56,103,101,142,136.28571428571428,147.63549063568013,0,12,0
2023-12-04,Chocolate,59,17227.28,80,109,93,86,133.71428571428572,148.56728474074632,0,12,0
2023-12-04,Coffee,49,10225.7,72,70,132,120,128.14285714285714,150.2824325189389,0,12,0
2023-12-04,Decorations,168,44902.04,200,176,149,208,90.71428571428572,56.87036218662545,0,12,0
2023-12-04,Dress,108,28999.42,72,72,112,91,82.42857142857143,54.36253962321453,0,12,0
2023-12-04,Fiction,183,44520.62,187,311,290,266,99.57142857142856,66.29695101801882,0,12,0
2023-12-04,Fridge,162,45922.34,110,128,119,100,111.0,58.77357682950064,0,12,0
2023-12-04,Furniture,178,49013.74,212,121,184,142,133.28571428571428,63.80364223071174,0,12,0
2023-12-04,Headphones,141,33542.83,105,74,85,120,136.85714285714286,60.960174352955725,0,12,0
2023-12-04,Jacket,72,20188.63,88,70,118,58,139.14285714285714,58.36788092615176,0,12,0
2023-12-04,Jeans,94,21132.97,84,97,45,77,122.57142857142856,54.55229033644942,0,12,0
2023-12-04,Juice,176,47453.67,210,156,158,166,142.28571428571428,58.0537517757294,0,12,0
2023-12-04,Kitchen,66,16534.11,85,103,102,84,127.71428571428572,57.7601774169539,0,12,0
2023-12-04,Laptop,112,20528.07,83,86,41,99,123.85714285714286,59.99841267741519,0,12,0
2023-12-04,Lighting,56,15113.88,108,81,142,75,109.0,45.70922591045721,0,12,0
2023-12-04,Literature,55,12965.21,67,74,74,74,103.57142857142856,48.438473492520274,0,12,0
2023-12-04,Mitsubishi 1.5 Ton 3 Star Split AC,129,33337.0,173,46,75,79,115.71428571428572,54.19629226467416,0,12,0
2023-12-04,Non-Fiction,212,55476.39,305,215,236,297,147.28571428571428,87.05307631116783,0,12,0
2023-12-04,Shirt,81,17536.45,110,65,82,55,133.0,83.16449562964496,0,12,0
2023-12-04,Shoes,168,42064.86,214,127,188,197,151.42857142857142,85.0271665270516,0,12,0
2023-12-04,Shorts,105,22215.61,149,94,112,38,160.85714285714286,79.66477383684784,0,12,0
2023-12-04,Smartphone,271,71838.34,340,224,294,330,194.0,99.73966111833325,0,12,0
2023-12-04,Snacks,75,17883.03,65,123,102,77,193.7142857142857,100.16605260884572,0,12,0
2023-12-04,Soft Drink,159,39202.62,181,163,155,193,194.8571428571429,99.93569360915454,0,12,0
2023-12-04,T-shirt,202,61095.45,186,202,199,158,177.85714285714286,87.41363084292287,0,12,0
2023-12-04,Tablet,184,48666.15,140,147,125,188,182.14285714285717,84.20892385693337,0,12,0
2023-12-04,Television,252,58636.0,175,145,215,218,176.57142857142858,83.03183554688921,0,12,0
2023-12-04,Thriller,103,30208.13,85,46,70,86,167.42857142857142,89.8199256714176,0,12,0
2023-12-04,Tools,94,23646.72,68,95,92,95,128.57142857142858,54.68350495611645,0,12,0
2023-12-04,Water,370,92171.63,405,415,311,403,177.14285714285714,110.90450632778392,0,12,0
2023-12-05,Bathroom,70,18267.5,95,95,74,86,164.85714285714286,115.0904406274016,1,12,0
2023-12-05,Bedding,88,31343.15,55,78,81,100,146.14285714285714,121.54893194570973,1,12,0
2023-12-05,BlueStar AC,18,3281.85,27,26,25,39,130.0,129.72920514158162,1,12,0
2023-12-05,Children's,99,28004.06,78,116,73,114,116.14285714285714,129.30123558500674,1,12,0
2023-12-05,Chocolate,111,29947.79,59,93,38,96,112.42857142857144,130.71069472038468,1,12,0
2023-12-05,Coffee,56,13631.17,49,94,66,76,109.71428571428572,131.97817279852748,1,12,0
2023-12-05,Decorations,156,44194.39,168,186,218,156,75.85714285714286,45.9870582208667,1,12,0
2023-12-05,Dress,35,5717.31,108,83,45,90,77.71428571428571,47.13708478368834,1,12,0
2023-12-05,Fiction,246,58368.49,183,241,320,269,96.0,59.94441870043622,1,12,0
2023-12-05,Fridge,103,24188.51,162,109,97,129,115.28571428571428,55.6048987221868,1,12,0
2023-12-05,Furniture,182,43140.91,178,208,145,207,129.57142857142858,57.25049386353753,1,12,0
2023-12-05,Headphones,92,25041.33,141,84,50,101,141.28571428571428,48.05453251502927,1,12,0
2023-12-05,Jacket,84,22775.09,72,98,97,118,144.57142857142858,40.95467878381695,1,12,0
2023-12-05,Jeans,125,32071.06,94,89,67,102,134.0,43.37818191979201,1,12,0
2023-12-05,Juice,213,64306.87,176,243,200,145,143.71428571428572,44.19168204430188,1,12,0
2023-12-05,Kitchen,149,37856.99,66,80,102,109,127.0,48.74764951598418,1,12,0
2023-12-05,Laptop,132,35313.59,112,111,115,103,119.85714285714286,46.36963292007768,1,12,0
2023-12-05,Lighting,96,24048.22,56,68,162,93,102.42857142857144,43.72587770362378,1,12,0
2023-12-05,Literature,113,25382.63,55,38,82,91,90.14285714285714,43.16027715167498,1,12,0
2023-12-05,Mitsubishi 1.5 Ton 3 Star Split AC,105,26299.45,129,104,116,98,98.28571428571428,44.522332544892286,1,12,0
2023-12-05,Non-Fiction,197,49893.32,212,283,267,263,115.14285714285714,61.66692406638599,1,12,0
2023-12-05,Shirt,42,16459.59,81,100,65,84,101.57142857142856,56.25790949681887,1,12,0
2023-12-05,Shoes,186,41776.71,168,210,212,165,116.14285714285714,58.66693722881241,1,12,0
2023-12-05,Shorts,133,43041.0,105,81,87,100,115.14285714285714,58.80881048343081,1,12,0
2023-12-05,Smartphone,186,46863.47,271,252,275,331,145.85714285714286,76.3117041513037,1,12,0
2023-12-05,Snacks,102,28371.95,75,87,85,103,148.71428571428572,72.62853958262328,1,12,0
2023-12-05,Soft Drink,205,53647.72,159,160,123,146,153.0,72.15492591177161,1,12,0
2023-12-05,T-shirt,216,61711.36,202,148,193,167,151.57142857142858,70.87984467359037,1,12,0
2023-12-05,Tablet,179,45210.87,184,145,145,136,166.28571428571428,64.1605130011548,1,12,0
2023-12-05,Television,216,69012.93,252,124,166,112,178.28571428571428,71.92059113057512,1,12,0
2023-12-05,Thriller,97,25673.67,103,92,101,45,178.0,72.2634070605582,1,12,0
2023-12-05,Tools,131,31908.38,94,87,81,76,152.71428571428572,64.88891606870426,1,12,0
2023-12-05,Water,364,94345.16,370,320,413,379,194.8571428571429,94.87259627421116,1,12,0
2023-12-06,Bathroom,109,24688.13,70,64,90,93,182.14285714285717,105.81182758625232,2,12,0
2023-12-06,Bedding,107,24620.13,88,97,75,82,165.85714285714286,110.89699210142167,2,12,0
2023-12-06,BlueStar AC,37,10268.67,18,67,33,2,142.14285714285714,123.41316592572056,2,12,0
2023-12-06,Children's,102,27913.69,99,90,83,140,120.28571428571428,113.8957334373768,2,12,0
2023-12-06,Chocolate,50,16355.41,111,113,77,84,121.42857142857144,113.73339753249972,2,12,0
2023-12-06,Coffee,158,45984.5,56,103,81,72,116.0,116.1421542765584,2,12,0
2023-12-06,Decorations,195,52049.98,156,111,198,247,85.42857142857143,43.73350029003991,2,12,0
2023-12-06,Dress,98,25856.89,35,117,116,53,80.42857142857143,47.61952380714152,2,12,0
2023-12-06,Fiction,331,80957.74,246,233,263,279,103.0,78.9472397659763,2,12,0
2023-12-06,Fridge,86,31347.87,103,66,136,108,115.14285714285714,69.68842221256041,2,12,0
2023-12-06,Furniture,130,28407.09,182,217,142,86,127.0,73.44385610791349,2,12,0
2023-12-06,Headphones,114,28376.97,92,64,89,85,124.28571428571428,74.47754535364777,2,12,0
2023-12-06,Jacket,105,26178.56,84,94,83,88,128.28571428571428,70.8630469890431,2,12,0
2023-12-06,Jeans,89,17141.59,125,122,129,99,123.85714285714286,69.80312450367884,2,12,0
2023-12-06,Juice,158,41410.61,213,143,229,168,149.28571428571428,64.23839528328323,2,12,0
2023-12-06,Kitchen,80,18989.73,149,91,104,116,135.42857142857142,48.41093933832472,2,12,0
2023-12-06,Laptop,114,25499.2,132,89,113,76,139.57142857142858,46.3711733115049,2,12,0
2023-12-06,Lighting,72,20400.93,96,45,66,67,127.28571428571428,44.615820384380825,2,12,0
2023-12-06,Literature,148,34281.17,113,99,68,71,130.28571428571428,42.5037813443855,2,12,0
2023-12-06,Mitsubishi 1.5 Ton 3 Star Split AC,134,34714.05,105,117,139,109,133.28571428571428,39.31375622566909,2,12,0
2023-12-06,Non-Fiction,314,86337.18,197,235,346,314,143.57142857142858,45.68682210753586,2,12,0
2023-12-06,Shirt,94,22359.44,42,122,126,89,119.14285714285714,48.03272693844016,2,12,0
2023-12-06,Shoes,141,43545.54,186,237,159,241,124.42857142857144,53.58126893749608,2,12,0
2023-12-06,Shorts,44,11458.05,133,123,108,109,124.57142857142856,53.6061474797336,2,12,0
2023-12-06,Smartphone,236,57469.1,186,336,322,277,137.42857142857142,56.33488304433548,2,12,0
2023-12-06,Snacks,117,31626.79,102,85,93,76,135.85714285714286,57.2754414254146,2,12,0
2023-12-06,Soft Drink,128,30723.06,205,191,171,194,150.14285714285714,60.66692830922057,2,12,0
2023-12-06,T-shirt,201,51687.48,216,124,180,146,152.85714285714286,63.472903855184086,2,12,0
2023-12-06,Tablet,193,57020.32,179,172,214,201,172.42857142857142,40.59087394500123,2,12,0
2023-12-06,Television,159,41481.42,216,196,264,211,176.71428571428572,43.72533318231774,2,12,0
2023-12-06,Thriller,110,27960.28,97,80,143,92,171.57142857142858,51.20174848204873,2,12,0
2023-12-06,Tools,58,12728.82,131,88,79,79,163.71428571428572,52.813237878755565,2,12,0
2023-12-06,Water,360,94699.28,364,275,342,469,201.14285714285717,84.88703978705746,2,12,0
2023-12-07,Bathroom,96,24369.04,109,45,99,77,187.42857142857144,91.64579849045086,3,12,0
2023-12-07,Bedding,97,22529.95,107,97,75,74,171.85714285714286,95.1742762365062,3,12,0
2023-12-07,BlueStar AC,34,10174.09,37,22,21,33,151.57142857142858,107.7061699607732,3,12,0
2023-12-07,Children's,94,29779.6,102,68,56,111,135.28571428571428,104.92332801576906,3,12,0
2023-12-07,Chocolate,57,5912.280000000001,50,71,99,91,128.57142857142858,109.19837780061393,3,12,0
2023-12-07,Coffee,103,30122.23,158,59,101,137,132.42857142857142,109.77379338569664,3,12,0
2023-12-07,Decorations,201,54076.42,195,188,164,187,108.28571428571428,55.54491961681084,3,12,0
2023-12-07,Dress,113,25652.64,98,73,96,87,106.71428571428572,55.67678835838722,3,12,0
2023-12-07,Fiction,234,52333.5,331,384,247,235,138.71428571428572,101.4358816949801,3,12,0
2023-12-07,Fridge,60,11507.42,86,125,132,95,145.71428571428572,94.71486030135225,3,12,0
2023-12-07,Furniture,142,39444.26,130,184,132,159,149.71428571428572,93.13916878469914,3,12,0
2023-12-07,Headphones,94,24319.58,114,92,77,42,158.85714285714286,84.45596203826847,3,12,0
2023-12-07,Jacket,151,39672.79,105,96,79,74,151.28571428571428,86.8863516050594,3,12,0
2023-12-07,Jeans,134,33759.24,89,65,100,63,136.14285714285714,87.23422220556233,3,12,0
2023-12-07,Juice,165,52701.44,158,156,177,175,144.71428571428572,85.79765786569003,3,12,0
2023-12-07,Kitchen,133,33518.55,80,83,66,117,108.85714285714286,27.847373134212667,3,12,0
2023-12-07,Laptop,94,19094.99,114,74,83,87,112.85714285714286,25.964261151489357,3,12,0
2023-12-07,Lighting,118,28707.98,72,87,64,130,104.57142857142856,28.692955830405303,3,12,0
2023-12-07,Literature,111,26554.98,148,92,99,163,109.42857142857144,33.09510106172201,3,12,0
2023-12-07,Mitsubishi 1.5 Ton 3 Star Split AC,95,22455.54,134,124,104,55,113.57142857142856,34.24352563067843,3,12,0
2023-12-07,Non-Fiction,207,51636.09,314,289,292,276,145.71428571428572,81.00558475750096,3,12,0
2023-12-07,Shirt,93,28909.9,94,58,141,112,136.57142857142858,82.97561317008922,3,12,0
2023-12-07,Shoes,152,41244.31,141,162,159,181,145.28571428571428,79.15957361708061,3,12,0
2023-12-07,Shorts,110,28812.52,44,83,152,48,135.28571428571428,87.72820581339843,3,12,0
2023-12-07,Smartphone,298,67266.82,236,328,243,220,158.71428571428572,89.8827278285694,3,12,0
2023-12-07,Snacks,80,17613.46,117,66,95,110,154.28571428571428,91.2518753884252,3,12,0
2023-12-07,Soft Drink,86,20631.35,128,209,178,159,153.42857142857142,91.50201663143258,3,12,0
2023-12-07,T-shirt,150,39927.73,201,264,228,174,137.28571428571428,64.40940481460242,3,12,0
2023-12-07,Tablet,149,36363.02,193,136,164,179,151.42857142857142,64.18945173691414,3,12,0
2023-12-07,Television,145,42534.1,159,185,234,173,154.0,64.06246951218722,3,12,0
2023-12-07,Thriller,73,21039.9,110,105,85,75,163.42857142857142,48.02380362159624,3,12,0
2023-12-07,Tools,68,15547.32,58,74,133,67,138.0,50.26595932305053,3,12,0
2023-12-07,Water,338,82022.92,360,346,334,402,172.71428571428572,96.23532664899116,3,12,0
2023-12-08,Bathroom,68,22356.56,96,47,68,67,168.14285714285714,99.42070302746868,4,12,0
2023-12-08,Bedding,84,17331.8,97,89,96,29,153.28571428571428,101.44245377834343,4,12,0
2023-12-08,BlueStar AC,37,9046.1,34,21,29,10,130.57142857142858,108.61531068079496,4,12,0
2023-12-08,Children's,74,17325.22,94,77,69,73,121.28571428571428,108.55830121139816,4,12,0
2023-12-08,Chocolate,71,15620.08,57,105,109,75,113.71428571428572,111.29048220118068,4,12,0
2023-12-08,Coffee,87,18153.07,103,108,133,102,120.14285714285714,108.80782534883576,4,12,0
2023-12-08,Decorations,223,64188.48,201,183,174,192,97.42857142857144,52.32863187859569,4,12,0
2023-12-08,Dress,62,19712.03,113,84,111,73,99.85714285714286,52.6448116197224,4,12,0
2023-12-08,Fiction,250,65049.92,234,313,280,266,119.42857142857144,72.95399724679656,4,12,0
2023-12-08,Fridge,142,34510.28,60,122,102,121,123.14285714285714,68.39938735453761,4,12,0
2023-12-08,Furniture,144,38341.39,142,239,149,199,130.0,67.38941558830459,4,12,0
2023-12-08,Headphones,93,25801.06,94,95,85,66,135.28571428571428,61.94006319476376,4,12,0
2023-12-08,Jacket,108,24011.5,151,125,83,75,142.14285714285714,60.40813568670004,4,12,0
2023-12-08,Jeans,59,15109.17,134,85,109,87,132.57142857142858,54.55229033644947,4,12,0
2023-12-08,Juice,124,24382.03,165,180,198,165,140.0,54.981815175564215,4,12,0
2023-12-08,Kitchen,91,27038.36,133,123,82,83,125.57142857142856,36.271463268235244,4,12,0
2023-12-08,Laptop,72,20169.6,94,63,59,89,130.42857142857142,27.15914298388193,4,12,0
2023-12-08,Lighting,121,39320.76,118,52,90,86,127.0,26.96911814155639,4,12,0
2023-12-08,Literature,100,22043.74,111,83,62,64,129.42857142857142,24.11677937907428,4,12,0
2023-12-08,Mitsubishi 1.5 Ton 3 Star Split AC,96,24509.03,95,82,128,55,121.42857142857144,25.03901717225077,4,12,0
2023-12-08,Non-Fiction,242,65655.97,207,212,203,266,131.85714285714286,41.15996668053503,4,12,0
2023-12-08,Shirt,157,43917.86,93,114,94,52,121.57142857142856,40.48809348790829,4,12,0
2023-12-08,Shoes,245,65688.45,152,237,168,217,124.28571428571428,41.990928725594834,4,12,0
2023-12-08,Shorts,76,18890.71,110,75,143,82,126.57142857142856,40.47574229443614,4,12,0
2023-12-08,Smartphone,264,64754.02,298,299,238,246,152.28571428571428,75.8457080431803,4,12,0
2023-12-08,Snacks,62,13117.6,80,86,42,56,147.85714285714286,79.47626180486915,4,12,0
2023-12-08,Soft Drink,199,53710.59,86,196,108,163,146.57142857142858,80.5395495866407,4,12,0
2023-12-08,T-shirt,234,61051.25,150,203,176,129,138.42857142857142,76.17492400796309,4,12,0
2023-12-08,Tablet,143,40882.07,149,178,189,192,146.42857142857142,73.50251048514572,4,12,0
2023-12-08,Television,157,46350.76,145,165,129,132,145.42857142857142,73.46168421441858,4,12,0
2023-12-08,Thriller,77,21459.43,73,73,140,92,140.14285714285714,77.64755538420228,4,12,0
2023-12-08,Tools,141,35523.03,68,63,83,104,107.28571428571428,38.52148441979666,4,12,0
2023-12-08,Water,360,86162.29,338,398,442,312,144.14285714285714,92.98643014158624,4,12,0
2023-12-09,Bathroom,105,26795.26,68,109,73,97,141.57142857142858,95.08742844150824,5,12,1
2023-12-09,Bedding,133,41027.91,84,46,123,70,132.14285714285714,97.3574660232901,5,12,1
2023-12-09,BlueStar AC,5,471.55,37,23,22,45,116.14285714285714,103.15591527945811,5,12,1
2023-12-09,Children's,72,22980.37,74,73,111,102,106.0,103.3360214704108,5,12,1
2023-12-09,Chocolate,103,20293.43,71,93,67,87,105.71428571428572,103.4451775671763,5,12,1
2023-12-09,Coffee,55,15783.25,87,119,145,82,108.42857142857144,102.5359402727596,5,12,1
2023-12-09,Decorations,175,42466.67,223,171,183,179,92.0,60.02221810851817,5,12,1
2023-12-09,Dress,118,25189.66,62,104,45,76,91.14285714285714,60.46329071270751,5,12,1
2023-12-09,Fiction,248,67151.6,250,305,252,298,114.85714285714286,84.83597619608523,5,12,1
2023-12-09,Fridge,132,33240.68,142,137,142,80,129.85714285714286,77.76337735169913,5,12,1
2023-12-09,Furniture,146,32010.85,144,192,169,214,139.85714285714286,73.78217619323402,5,12,1
2023-12-09,Headphones,97,25141.33,93,102,113,73,143.0,70.76722405181589,5,12,1
2023-12-09,Jacket,78,26196.13,108,102,116,71,146.0,68.40321629865011,5,12,1
2023-12-09,Jeans,76,16217.86,59,107,66,95,122.57142857142856,65.66545805027381,5,12,1
2023-12-09,Juice,146,37203.28,124,135,184,202,131.42857142857142,60.07733111819808,5,12,1
2023-12-09,Kitchen,85,20773.75,91,94,123,115,108.71428571428572,30.60345452022213,5,12,1
2023-12-09,Laptop,75,14319.01,72,92,105,84,98.71428571428572,29.32413275622364,5,12,1
2023-12-09,Lighting,101,20795.13,121,63,101,116,95.42857142857144,24.254601919750765,5,12,1
2023-12-09,Literature,93,31991.02,100,53,80,73,96.42857142857144,24.28207255608367,5,12,1
2023-12-09,Mitsubishi 1.5 Ton 3 Star Split AC,79,16756.21,96,95,101,107,94.71428571428572,23.74667896579697,5,12,1
2023-12-09,Non-Fiction,234,55181.78,242,357,156,227,120.85714285714286,56.29810112673496,5,12,1
2023-12-09,Shirt,93,22233.11,157,108,52,40,125.57142857142856,57.962220865137134,5,12,1
2023-12-09,Shoes,154,31831.37,245,127,160,180,147.57142857142858,70.51916321789625,5,12,1
2023-12-09,Shorts,86,21076.64,76,95,73,103,148.14285714285714,69.81744904016547,5,12,1
2023-12-09,Smartphone,221,52342.8,264,264,270,298,168.57142857142858,80.63468472656362,5,12,1
2023-12-09,Snacks,107,22898.26,62,87,62,52,163.14285714285714,87.04487074957059,5,12,1
2023-12-09,Soft Drink,181,51380.28,199,127,178,203,177.85714285714286,82.38411774816063,5,12,1
2023-12-09,T-shirt,189,51906.55,234,140,138,157,176.71428571428572,81.3955655747783,5,12,1
2023-12-09,Tablet,176,42833.95,143,201,179,193,174.71428571428572,82.12939848335694,5,12,1
2023-12-09,Television,145,30006.78,157,133,208,168,162.14285714285714,76.09079789179141,5,12,1
2023-12-09,Thriller,105,24259.74,77,98,93,59,162.28571428571428,75.90282007434256,5,12,1
2023-12-09,Tools,93,16621.7,141,111,108,77,144.71428571428572,61.2555148148965,5,12,1
2023-12-09,Water,384,96363.38,360,462,381,332,187.28571428571428,90.676557583744,5,12,1
2023-12-10,Bathroom,78,22549.99,105,130,96,124,173.85714285714286,95.48547633266604,6,12,1
2023-12-10,Bedding,62,16931.93,133,67,73,44,159.42857142857142,92.46595254985644,6,12,1
2023-12-10,BlueStar AC,57,19059.33,5,30,39,20,139.71428571428572,109.66420608037062,6,12,1
2023-12-10,Children's,81,22648.71,72,56,47,86,127.57142857142856,112.10985258940865,6,12,1
2023-12-10,Chocolate,109,33350.21,103,80,119,132,131.28571428571428,110.57533523306478,6,12,1
2023-12-10,Coffee,119,34082.35,55,72,56,85,119.0,114.03946685248876,6,12,1
2023-12-10,Decorations,149,41407.19,175,200,141,155,92.57142857142856,55.0692205103623,6,12,1
2023-12-10,Dress,59,18695.65,118,72,91,69,94.42857142857144,55.77292396511868,6,12,1
2023-12-10,Fiction,268,68768.1,248,187,199,303,110.85714285714286,80.48898179549836,6,12,1
2023-12-10,Fridge,106,24177.45,132,110,121,37,129.0,65.58455102639056,6,12,1
2023-12-10,Furniture,179,39414.16,146,212,202,155,139.57142857142858,60.64337595829365,6,12,1
2023-12-10,Headphones,69,18710.5,97,105,44,99,138.71428571428572,61.28543678480772,6,12,1
2023-12-10,Jacket,48,12242.87,78,88,90,63,142.0,56.47713401604732,6,12,1
2023-12-10,Jeans,85,18784.67,76,84,70,65,127.85714285714286,59.16763916035026,6,12,1
2023-12-10,Juice,183,44082.55,146,210,259,214,131.85714285714286,59.336409765079466,6,12,1
2023-12-10,Kitchen,110,25051.51,85,85,95,139,108.57142857142856,31.716752370825347,6,12,1
2023-12-10,Laptop,93,21386.05,75,83,114,94,100.42857142857144,32.0148774939441,6,12,1
2023-12-10,Lighting,92,20820.66,101,108,105,67,94.0,25.113077602447067,6,12,1
2023-12-10,Literature,88,22888.56,93,67,91,148,93.42857142857144,25.07892304211332,6,12,1
2023-12-10,Mitsubishi 1.5 Ton 3 Star Split AC,65,16082.17,79,173,84,86,93.57142857142856,24.97903883163326,6,12,1
2023-12-10,Non-Fiction,275,74802.83,234,305,324,273,116.14285714285714,57.13851173953873,6,12,1
2023-12-10,Shirt,72,21514.67,93,110,65,84,108.57142857142856,56.02337947338523,6,12,1
2023-12-10,Shoes,186,46664.22,154,214,181,171,118.42857142857144,57.24175964817059,6,12,1
2023-12-10,Shorts,63,17155.52,86,149,122,148,120.0,55.98809397243803,6,12,1
2023-12-10,Smartphone,243,58059.19,221,340,220,292,137.14285714285714,66.57183731736284,6,12,1
2023-12-10,Snacks,89,20998.46,107,65,56,95,139.14285714285714,65.2212352214325,6,12,1
2023-12-10,Soft Drink,131,36289.96,181,181,231,190,153.71428571428572,60.78847008469624,6,12,1
2023-12-10,T-shirt,232,54045.29,189,186,182,167,147.28571428571428,52.7279631243044,6,12,1
2023-12-10,Tablet,189,52680.52,176,140,150,147,159.14285714285714,47.56549369528408,6,12,1
2023-12-10,Television,182,45900.7,145,175,132,126,157.85714285714286,47.84847114042525,6,12,1
2023-12-10,Thriller,129,28069.42,105,85,91,83,160.57142857142858,43.4275532462088,6,12,1
2023-12-10,Tools,86,20285.45,93,68,105,105,142.28571428571428,40.59849868206952,6,12,1
2023-12-10,Water,296,72576.88,384,405,392,442,181.8571428571429,96.70303092704036,6,12,1
2023-12-11,Bathroom,78,23377.83,78,95,115,91,167.14285714285714,104.386187738015,0,12,0
2023-12-11,Bedding,88,16838.37,62,55,105,120,149.0,110.79410333286351,0,12,0
2023-12-11,BlueStar AC,13,2264.72,57,27,31,13,132.0,115.01014448009892,0,12,0
2023-12-11,Children's,56,11817.11,81,78,103,94,122.85714285714286,116.3406328723664,0,12,0
2023-12-11,Chocolate,105,38091.85,109,59,109,59,123.42857142857144,116.24809266228388,0,12,0
2023-12-11,Coffee,121,19741.77,119,49,70,97,127.14285714285714,115.52695006134316,0,12,0
2023-12-11,Decorations,196,48755.94,149,168,176,206,93.57142857142856,33.395893674006885,0,12,0
2023-12-11,Dress,50,16103.46,59,108,72,85,90.85714285714286,35.57353216193252,0,12,0
2023-12-11,Fiction,277,65498.34,268,183,311,281,120.28571428571428,73.1179738179196,0,12,0
2023-12-11,Fridge,135,32090.9,106,162,128,98,127.28571428571428,68.23174795189784,0,12,0
2023-12-11,Furniture,207,43161.82,179,178,121,205,141.28571428571428,67.19800167096733,0,12,0
2023-12-11,Headphones,64,16430.420000000002,69,141,74,76,135.57142857142858,71.93482499887618,0,12,0
2023-12-11,Jacket,63,17301.15,48,72,70,117,125.42857142857144,79.29030445743203,0,12,0
2023-12-11,Jeans,100,23992.5,85,94,97,59,116.28571428571428,79.80750650933766,0,12,0
2023-12-11,Juice,161,44925.81,183,176,156,178,134.0,78.7273777030576,0,12,0
2023-12-11,Kitchen,80,20361.96,110,66,103,95,111.42857142857144,52.02838053363042,0,12,0
2023-12-11,Laptop,93,25707.81,93,112,86,80,109.57142857142856,52.484464821687176,0,12,0
2023-12-11,Lighting,48,14516.72,92,56,81,67,97.14285714285714,42.69046955089684,0,12,0
2023-12-11,Literature,110,33033.619999999995,88,55,74,68,99.85714285714286,41.18020791362504,0,12,0
2023-12-11,Mitsubishi 1.5 Ton 3 Star Split AC,111,29038.72,65,129,46,130,102.28571428571428,37.98997361459941,0,12,0
2023-12-11,Non-Fiction,206,55771.76,275,212,215,204,129.42857142857142,74.19985881131402,0,12,0
2023-12-11,Shirt,79,28979.79,72,81,65,89,113.57142857142856,72.68850698438455,0,12,0
2023-12-11,Shoes,150,36645.43,186,168,127,184,124.42857142857144,77.57761090859654,0,12,0
2023-12-11,Shorts,86,21654.96,63,105,94,116,120.14285714285714,80.38123448381926,0,12,0
2023-12-11,Smartphone,220,61549.29,243,271,224,335,141.71428571428572,91.11478893080232,0,12,0
2023-12-11,Snacks,102,25732.06,89,75,123,70,141.85714285714286,91.01726680769288,0,12,0
2023-12-11,Soft Drink,146,37496.63,131,159,163,166,151.28571428571428,84.9445197088743,0,12,0
2023-12-11,T-shirt,167,41325.85,232,202,202,144,145.14285714285714,75.54122179628874,0,12,0
2023-12-11,Tablet,175,49253.33,189,184,147,143,161.85714285714286,69.35038709680073,0,12,0
2023-12-11,Television,194,58019.86,182,252,145,178,161.28571428571428,69.1344445885793,0,12,0
2023-12-11,Thriller,70,15709.81,129,103,46,106,170.71428571428572,56.91723314226853,0,12,0
2023-12-11,Tools,81,25785.55,86,94,95,33,148.28571428571428,54.57018198526246,0,12,0
2023-12-11,Water,345,83057.26,296,370,415,345,177.85714285714286,70.77058845647758,0,12,0
2023-12-12,Bathroom,55,12405.32,78,70,95,93,170.28571428571428,78.97829719974564,1,12,0
2023-12-12,Bedding,58,9771.23,88,88,78,107,149.71428571428572,78.97829719974551,1,12,0
2023-12-12,BlueStar AC,25,3959.55,13,18,26,30,124.57142857142856,91.42183754963722,1,12,0
2023-12-12,Children's,89,24595.47,56,99,116,100,106.57142857142856,90.63085777455844,1,12,0
2023-12-12,Chocolate,95,27258.25,105,111,93,67,103.14285714285714,90.09333784364624,1,12,0
2023-12-12,Coffee,62,14198.1,121,56,94,117,108.14285714285714,89.95448584595093,1,12,0
2023-12-12,Decorations,176,46349.97,196,156,186,198,93.85714285714286,57.08306395487227,1,12,0
2023-12-12,Dress,173,42444.51,50,35,83,89,89.85714285714286,59.31674460450468,1,12,0
2023-12-12,Fiction,283,72910.6,277,246,241,293,116.85714285714286,92.21971692906055,1,12,0
2023-12-12,Fridge,109,33934.67,135,103,109,107,134.28571428571428,80.04522531193214,1,12,0
2023-12-12,Furniture,203,44688.84,207,182,208,156,155.85714285714286,75.65806538065037,1,12,0
2023-12-12,Headphones,79,18134.21,64,92,84,49,150.0,81.6047384245133,1,12,0
2023-12-12,Jacket,86,23492.68,63,84,98,65,141.71428571428572,87.75289982998467,1,12,0
2023-12-12,Jeans,62,16356.35,100,125,89,82,128.0,85.32291603080547,1,12,0
2023-12-12,Juice,157,46330.15,161,213,243,189,143.85714285714286,78.4483451523533,1,12,0
2023-12-12,Kitchen,111,29736.79,80,149,80,82,115.71428571428572,54.36210164478525,1,12,0
2023-12-12,Laptop,54,12872.3,93,132,111,112,109.71428571428572,54.19629226467395,1,12,0
2023-12-12,Lighting,35,8338.3,48,96,68,122,87.0,37.31844941401645,1,12,0
2023-12-12,Literature,93,23611.77,110,113,38,95,93.57142857142856,36.63721761113362,1,12,0
2023-12-12,Mitsubishi 1.5 Ton 3 Star Split AC,120,32671.62,111,105,104,97,100.42857142857144,34.38438183660667,1,12,0
2023-12-12,Non-Fiction,265,76007.61,206,197,283,321,115.57142857142856,52.65249960149644,1,12,0
2023-12-12,Shirt,82,19209.52,79,42,100,80,103.85714285714286,49.91134998317229,1,12,0
2023-12-12,Shoes,203,60767.87,150,186,210,210,113.85714285714286,51.3271486688678,1,12,0
2023-12-12,Shorts,35,8917.939999999999,86,133,81,86,112.85714285714286,51.86658709750163,1,12,0
2023-12-12,Smartphone,253,63245.65,220,186,252,287,137.42857142857142,56.55044103234097,1,12,0
2023-12-12,Snacks,147,39577.22,102,102,87,70,136.28571428571428,57.27336287697786,1,12,0
2023-12-12,Soft Drink,173,46859.46,146,205,160,140,141.28571428571428,56.215995012433886,1,12,0
2023-12-12,T-shirt,155,40616.32,167,216,148,143,135.71428571428572,50.361077185044266,1,12,0
2023-12-12,Tablet,142,37544.28,175,179,145,189,149.42857142857142,45.14368594778551,1,12,0
2023-12-12,Television,202,40244.57,194,216,124,195,155.71428571428572,48.19652230093655,1,12,0
2023-12-12,Thriller,135,37261.48,70,97,92,111,153.42857142857142,52.2617040889945,1,12,0
2023-12-12,Tools,127,26798.04,81,131,87,57,133.57142857142858,49.06070098309104,1,12,0
2023-12-12,Water,308,72837.36,345,364,320,318,168.28571428571428,91.02328325894436,1,12,0
2023-12-13,Bathroom,49,12102.92,55,109,64,81,155.28571428571428,100.71860848541348,2,12,0
2023-12-13,Bedding,94,22028.27,58,107,97,77,139.71428571428572,106.84523743201966,2,12,0
2023-12-13,BlueStar AC,36,10715.77,25,37,67,5,118.28571428571428,113.42797169086924,2,12,0
2023-12-13,Children's,70,13785.08,89,102,90,69,103.28571428571428,108.58593261516252,2,12,0
2023-12-13,Chocolate,100,15313.88,95,50,113,114,106.85714285714286,107.71633823988532,2,12,0
2023-12-13,Coffee,119,23097.92,62,158,103,78,104.14285714285714,108.711282106057,2,12,0
2023-12-13,Decorations,117,20903.12,176,195,111,178,80.0,48.27007354458689,2,12,0
2023-12-13,Dress,98,25832.42,173,98,117,65,96.85714285714286,57.756467376471086,2,12,0
2023-12-13,Fiction,266,69678.11,283,331,233,246,129.0,87.48523684980537,2,12,0
2023-12-13,Fridge,87,20225.89,109,86,66,124,141.0,75.82655647374843,2,12,0
2023-12-13,Furniture,76,21793.09,203,130,217,151,157.28571428571428,75.03491250903146,2,12,0
2023-12-13,Headphones,86,26233.85,79,114,64,37,155.0,77.45321168292448,2,12,0
2023-12-13,Jacket,95,23564.14,86,105,94,84,158.42857142857142,73.05672942505451,2,12,0
2023-12-13,Jeans,50,13147.55,62,89,122,63,142.14285714285714,80.78454590540663,2,12,0
2023-12-13,Juice,222,58933.92,157,158,143,151,139.85714285714286,79.98839201498396,2,12,0
2023-12-13,Kitchen,96,19895.64,111,80,91,119,115.28571428571428,49.16880544177674,2,12,0
2023-12-13,Laptop,72,19019.43,54,114,89,93,107.42857142857144,54.45137629989015,2,12,0
2023-12-13,Lighting,98,27494.43,35,72,45,90,83.42857142857143,40.55801253700942,2,12,0
2023-12-13,Literature,98,30668.5,93,148,99,96,85.42857142857143,40.64831748406752,2,12,0
2023-12-13,Mitsubishi 1.5 Ton 3 Star Split AC,63,11957.86,120,134,117,106,90.28571428571428,42.70719801045957,2,12,0
2023-12-13,Non-Fiction,307,82156.63,265,314,235,251,119.28571428571428,76.13740711309147,2,12,0
2023-12-13,Shirt,59,13188.32,82,94,122,85,108.57142857142856,75.21714596831568,2,12,0
2023-12-13,Shoes,132,34877.68,203,141,237,262,121.71428571428572,83.31409301695584,2,12,0
2023-12-13,Shorts,77,18075.48,35,44,123,46,119.0,86.1490955649944,2,12,0
2023-12-13,Smartphone,275,77446.0,253,236,336,298,150.14285714285714,90.03782274027637,2,12,0
2023-12-13,Snacks,65,14942.43,147,117,85,64,157.85714285714286,86.57256796358438,2,12,0
2023-12-13,Soft Drink,201,54045.61,173,128,191,210,165.42857142857142,85.01344431491783,2,12,0
2023-12-13,T-shirt,119,32177.24,155,201,124,159,149.71428571428572,72.83477714598065,2,12,0
2023-12-13,Tablet,98,28972.84,142,193,172,227,158.28571428571428,66.81994284571542,2,12,0
2023-12-13,Television,174,40832.88,202,159,196,123,158.14285714285714,66.70939107159327,2,12,0
2023-12-13,Thriller,88,19977.16,135,110,80,43,172.42857142857142,42.11831408012799,2,12,0
2023-12-13,Tools,71,20182.19,127,58,88,91,154.42857142857142,25.650582468090075,2,12,0
2023-12-13,Water,323,87748.88,308,360,275,310,177.42857142857142,62.94668946247805,2,12,0
2023-12-14,Bathroom,89,23813.99,49,96,45,78,159.71428571428572,79.636077012273,3,12,0
2023-12-14,Bedding,101,27883.15,94,97,97,113,151.0,83.48253310323805,3,12,0
2023-12-14,BlueStar AC,25,7021.45,36,34,22,35,135.85714285714286,94.29992677874188,3,12,0
2023-12-14,Children's,122,32248.95,70,94,68,83,117.0,92.03984644344644,3,12,0
2023-12-14,Chocolate,97,18338.56,100,57,71,122,112.0,91.84951460586602,3,12,0
2023-12-14,Coffee,81,22409.06,119,103,59,94,110.85714285714286,91.68138409991448,3,12,0
2023-12-14,Decorations,172,43130.42,117,201,188,138,83.57142857142857,32.64382097149292,3,12,0
2023-12-14,Dress,82,19090.41,98,113,73,101,90.57142857142856,29.05085852349672,3,12,0
2023-12-14,Fiction,264,72868.76,266,234,384,220,115.14285714285714,72.57278776379884,3,12,0
2023-12-14,Fridge,126,30215.14,87,60,125,103,122.42857142857144,65.5206256147807,3,12,0
2023-12-14,Furniture,203,52889.53,76,142,184,201,123.28571428571428,64.75521674149482,3,12,0
2023-12-14,Headphones,85,24441.6,86,94,92,121,121.28571428571428,65.80201183782025,3,12,0
2023-12-14,Jacket,152,51254.88,95,151,96,89,117.85714285714286,66.5618223193751,3,12,0
2023-12-14,Jeans,122,38358.82,50,134,65,110,108.28571428571428,71.3505764651178,3,12,0
2023-12-14,Juice,167,42529.45,222,165,156,187,126.0,82.83920167006205,3,12,0
2023-12-14,Kitchen,94,21506.74,96,133,83,95,101.71428571428572,55.29531109028397,3,12,0
2023-12-14,Laptop,69,21591.64,72,94,74,74,99.57142857142856,56.24309481425755,3,12,0
2023-12-14,Lighting,58,19112.97,98,118,87,84,102.71428571428572,55.313392849935376,3,12,0
2023-12-14,Literature,87,18178.37,98,111,92,59,104.42857142857144,54.8934031946059,3,12,0
2023-12-14,Mitsubishi 1.5 Ton 3 Star Split AC,84,20767.6,63,95,124,133,99.85714285714286,57.09766069763898,3,12,0
2023-12-14,Non-Fiction,227,47199.56,307,207,289,308,136.57142857142858,91.78572355011936,3,12,0
2023-12-14,Shirt,92,19038.25,59,93,58,83,113.28571428571428,87.05499083091844,3,12,0
2023-12-14,Shoes,155,37754.63,132,152,162,175,118.42857142857144,86.92689868093527,3,12,0
2023-12-14,Shorts,94,26297.1,77,110,83,122,119.14285714285714,86.50130744951814,3,12,0
2023-12-14,Smartphone,261,65034.31,275,298,328,246,144.42857142857142,103.49212070307064,3,12,0
2023-12-14,Snacks,66,17123.18,65,80,66,112,139.71428571428572,106.66257432625868,3,12,0
2023-12-14,Soft Drink,166,44420.33,201,86,209,231,159.42857142857142,102.80378907228548,3,12,0
2023-12-14,T-shirt,195,50662.64,119,150,264,210,132.57142857142858,79.81198143732725,3,12,0
2023-12-14,Tablet,178,46289.45,98,149,136,146,138.14285714285714,75.03872016372226,3,12,0
2023-12-14,Television,141,35842.14,174,145,185,121,144.14285714285714,76.1367816748871,3,12,0
2023-12-14,Thriller,100,19314.98,88,73,105,103,145.71428571428572,74.61839425975786,3,12,0
2023-12-14,Tools,44,10088.68,71,68,74,74,116.57142857142856,52.16913884298763,3,12,0
2023-12-14,Water,305,77846.83,323,338,346,274,153.42857142857142,88.29280292084377,3,12,0
2023-12-15,Bathroom,59,13780.71,89,68,47,87,137.42857142857142,88.38336408860518,4,12,0
2023-12-15,Bedding,99,20366.43,101,84,89,128,134.85714285714286,89.26632170351864,4,12,0
2023-12-15,BlueStar AC,62,14619.0,25,37,21,40,124.42857142857144,98.11533543549108,4,12,0
2023-12-15,Children's,94,18783.73,122,74,77,84,117.0,95.67479640253508,4,12,0
2023-12-15,Chocolate,68,21780.2,97,71,105,75,118.28571428571428,95.27978849282763,4,12,0
2023-12-15,Coffee,153,44271.92,81,87,108,106,119.71428571428572,94.52462516140776,4,12,0
2023-12-15,Decorations,173,43503.8,172,223,183,121,98.14285714285714,44.27350061992741,4,12,0
2023-12-15,Dress,100,26526.6,82,62,84,87,97.14285714285714,44.59233331499984,4,12,0
2023-12-15,Fiction,252,70463.93000000001,264,250,313,275,120.42857142857144,77.41846709680402,4,12,0
2023-12-15,Fridge,121,20953.05,126,142,122,93,134.85714285714286,65.10102040016541,4,12,0
2023-12-15,Furniture,124,34543.85,203,144,239,133,146.42857142857142,69.48586701110969,4,12,0
2023-12-15,Headphones,62,15636.14,85,93,95,95,144.71428571428572,71.03922457749194,4,12,0
2023-12-15,Jacket,99,27246.14,152,108,125,53,154.85714285714286,65.25955503839602,4,12,0
2023-12-15,Jeans,82,20511.95,122,59,85,100,147.71428571428572,65.80454463969798,4,12,0
2023-12-15,Juice,154,48875.11,167,124,180,181,159.85714285714286,59.16482223818568,4,12,0
2023-12-15,Kitchen,78,13256.53,94,91,123,86,135.57142857142858,41.56463698408712,4,12,0
2023-12-15,Laptop,95,22353.69,69,72,63,56,127.42857142857144,48.71980139141511,4,12,0
2023-12-15,Lighting,88,23320.05,58,121,52,61,106.71428571428572,41.52795960038601,4,12,0
2023-12-15,Literature,83,24120.69,87,100,83,78,107.0,41.360206317987966,4,12,0
2023-12-15,Mitsubishi 1.5 Ton 3 Star Split AC,113,28398.63,84,96,82,89,97.28571428571428,36.759190622726585,4,12,0
2023-12-15,Non-Fiction,317,80084.29,227,242,212,275,112.28571428571428,61.57303058351088,4,12,0
2023-12-15,Shirt,76,23181.35,92,157,114,93,101.57142857142856,56.8062706129547,4,12,0
2023-12-15,Shoes,141,34463.5,155,245,237,245,110.28571428571428,60.03808315204023,4,12,0
2023-12-15,Shorts,126,34768.6,94,76,75,89,113.85714285714286,57.8775390268919,4,12,0
2023-12-15,Smartphone,305,84197.26,261,264,299,285,142.85714285714286,73.87247699341589,4,12,0
2023-12-15,Snacks,111,26293.13,66,62,86,93,139.85714285714286,76.88395708561544,4,12,0
2023-12-15,Soft Drink,183,39857.58,166,199,196,149,151.57142857142858,73.10918123568538,4,12,0
2023-12-15,T-shirt,181,43876.13,195,234,203,141,147.0,68.45923361144625,4,12,0
2023-12-15,Tablet,182,43244.9,178,143,178,170,159.28571428571428,64.54898472146054,4,12,0
2023-12-15,Television,143,37884.08,141,157,165,183,157.28571428571428,64.91973065695316,4,12,0
2023-12-15,Thriller,144,30688.18,100,77,73,91,158.14285714285714,63.977674677521485,4,12,0
2023-12-15,Tools,64,18899.19,44,141,63,69,127.14285714285714,58.13899601079075,4,12,0
2023-12-15,Water,356,81642.53,305,360,398,295,161.28571428571428,81.66540329440623,4,12,0
2023-12-16,Bathroom,89,16339.07,59,105,109,87,146.0,90.20347369512204,5,12,1
2023-12-16,Bedding,71,17540.489999999998,99,133,46,67,132.28571428571428,88.79886314158523,5,12,1
2023-12-16,BlueStar AC,50,7666.3,62,5,23,39,115.71428571428572,89.66551601315096,5,12,1
2023-12-16,Children's,103,30809.93,94,72,73,117,109.0,89.2150958825534,5,12,1
2023-12-16,Chocolate,78,24878.16,68,103,93,111,104.42857142857144,90.56279063511076,5,12,1
2023-12-16,Coffee,82,16567.16,153,55,119,97,120.0,87.7686352482093,5,12,1
2023-12-16,Decorations,168,40280.83,173,175,171,213,101.14285714285714,45.30426238750661,5,12,1
2023-12-16,Dress,58,10236.95,100,118,104,101,107.0,41.4326763155185,5,12,1
2023-12-16,Fiction,230,57578.35,252,248,305,261,128.85714285714286,68.21150580224284,5,12,1
2023-12-16,Fridge,89,26394.27,121,132,137,119,137.28571428571428,61.92929916637189,5,12,1
2023-12-16,Furniture,227,63363.05,124,146,192,137,141.57142857142858,59.4218173817688,5,12,1
2023-12-16,Headphones,105,30753.54,62,97,102,67,140.71428571428572,60.689686893557074,5,12,1
2023-12-16,Jacket,86,18154.94,99,78,102,57,133.0,62.278942401638105,5,12,1
2023-12-16,Jeans,92,27949.35,82,76,107,77,120.0,62.0349363934002,5,12,1
2023-12-16,Juice,179,51236.32,154,146,135,184,127.71428571428572,62.48923716852883,5,12,1
2023-12-16,Kitchen,83,20380.96,78,85,94,75,102.85714285714286,31.96054114804764,5,12,1
2023-12-16,Laptop,106,20141.88,95,75,92,73,99.14285714285714,30.99692765112981,5,12,1
2023-12-16,Lighting,124,38942.21,88,101,63,78,94.0,29.11471563774087,5,12,1
2023-12-16,Literature,87,23552.02,83,93,53,88,97.0,26.20432534270852,5,12,1
2023-12-16,Mitsubishi 1.5 Ton 3 Star Split AC,81,16632.27,113,79,95,97,99.0,26.907248094144663,5,12,1
2023-12-16,Non-Fiction,261,74715.82,317,234,357,271,132.57142857142858,85.33240326874039,5,12,1
2023-12-16,Shirt,156,41456.86,76,93,108,112,121.42857142857144,87.14137391399635,5,12,1
2023-12-16,Shoes,179,50532.08,141,154,127,190,130.42857142857142,85.13882221183785,5,12,1
2023-12-16,Shorts,152,35718.38,126,86,95,97,134.85714285714286,83.78430356462607,5,12,1
2023-12-16,Smartphone,254,63164.8,305,221,264,264,165.85714285714286,101.77168658559272,5,12,1
2023-12-16,Snacks,103,27104.62,111,107,87,87,169.85714285714286,98.46899439489968,5,12,1
2023-12-16,Soft Drink,187,53686.36,183,181,127,171,179.85714285714286,95.2337975220779,5,12,1
2023-12-16,T-shirt,196,39138.34,181,189,140,160,160.42857142857142,74.12569761977937,5,12,1
2023-12-16,Tablet,126,31694.75,182,176,201,167,175.57142857142858,64.16088409318392,5,12,1
2023-12-16,Television,133,39634.16,143,145,133,170,175.85714285714286,63.98548942645349,5,12,1
2023-12-16,Thriller,91,23969.97,144,105,98,157,178.42857142857142,61.97810673363338,5,12,1
2023-12-16,Tools,118,32541.36,64,93,111,49,144.0,44.39219150556288,5,12,1
2023-12-16,Water,329,79031.51,356,384,462,433,179.0,88.60398787112578,5,12,1
2023-12-17,Bathroom,75,19890.89,89,78,130,99,165.57142857142858,94.80305399943067,6,12,1
2023-12-17,Bedding,90,23226.03,71,62,67,112,149.85714285714286,100.74957166398326,6,12,1
2023-12-17,BlueStar AC,31,4300.86,50,57,30,31,131.0,105.94967358766718,6,12,1
2023-12-17,Children's,80,22763.03,103,81,56,58,125.28571428571428,106.27278467182764,6,12,1
2023-12-17,Chocolate,143,36459.66,78,109,80,93,115.85714285714286,107.25892126287708,6,12,1
2023-12-17,Coffee,53,14503.07,82,119,72,62,118.42857142857144,106.01706960494109,6,12,1
2023-12-17,Decorations,253,61726.49,168,149,200,242,91.57142857142856,37.42929842986949,6,12,1
2023-12-17,Dress,68,19746.96,58,59,72,56,87.14285714285714,39.55767338721236,6,12,1
2023-12-17,Fiction,206,55122.28,230,268,187,271,109.85714285714286,65.73286486841565,6,12,1
2023-12-17,Fridge,104,24720.73,89,106,110,122,115.42857142857144,61.31845057527346,6,12,1
2023-12-17,Furniture,163,47043.63,227,179,212,142,133.14285714285714,73.77539917756741,6,12,1
2023-12-17,Headphones,79,23107.55,105,69,105,54,137.0,71.06804251326021,6,12,1
2023-12-17,Jacket,55,10795.69,86,48,88,98,137.57142857142858,70.5664158620724,6,12,1
2023-12-17,Jeans,45,5945.85,92,85,84,123,126.71428571428572,70.95001594012962,6,12,1
2023-12-17,Juice,145,41330.43,179,183,210,140,144.0,65.98484674529374,6,12,1
2023-12-17,Kitchen,63,10284.94,83,110,85,73,123.0,56.80668974689408,6,12,1
2023-12-17,Laptop,86,19158.55,106,93,83,70,125.42857142857144,55.45826401555436,6,12,1
2023-12-17,Lighting,62,15940.27,124,92,108,64,110.71428571428572,33.22506225584282,6,12,1
2023-12-17,Literature,65,20632.13,87,88,67,94,108.14285714285714,34.416219874879594,6,12,1
2023-12-17,Mitsubishi 1.5 Ton 3 Star Split AC,83,17385.92,81,65,173,126,107.42857142857144,34.99931972127811,6,12,1
2023-12-17,Non-Fiction,192,61477.69,261,275,305,223,131.57142857142858,66.60294573779954,6,12,1
2023-12-17,Shirt,110,32581.51,156,72,110,90,128.28571428571428,64.40422937901398,6,12,1
2023-12-17,Shoes,170,44219.91,179,186,214,99,142.0,63.36665789934982,6,12,1
2023-12-17,Shorts,82,19002.6,152,63,149,98,148.57142857142858,61.36464004309773,6,12,1
2023-12-17,Smartphone,231,53503.71,254,243,340,288,167.14285714285714,71.52022690919527,6,12,1
2023-12-17,Snacks,112,24278.57,103,89,65,125,169.42857142857142,68.73343956390978,6,12,1
2023-12-17,Soft Drink,129,37895.61,187,131,181,153,184.57142857142856,56.61229884885719,6,12,1
2023-12-17,T-shirt,143,30818.13,196,232,186,246,175.28571428571428,46.39581261893531,6,12,1
2023-12-17,Tablet,127,38410.45,126,189,140,266,171.0,49.7393204617828,6,12,1
2023-12-17,Television,165,40195.17,133,182,175,178,164.42857142857142,51.513290009656416,6,12,1
2023-12-17,Thriller,42,9745.76,91,129,85,93,155.71428571428572,58.633648717308006,6,12,1
2023-12-17,Tools,106,32401.36,118,86,68,104,136.28571428571428,40.3059726166151,6,12,1
2023-12-17,Water,327,83615.03,329,296,405,373,168.57142857142858,80.08507381290829,6,12,1
2023-12-18,Bathroom,90,19441.1,75,78,95,93,152.57142857142858,86.70420432492854,0,12,0
2023-12-18,Bedding,46,10985.22,90,88,55,54,137.42857142857142,87.1107669251374,0,12,0
2023-12-18,BlueStar AC,43,10432.46,31,13,27,21,123.85714285714286,96.12219405775171,0,12,0
2023-12-18,Children's,107,23125.37,80,56,78,129,116.28571428571428,97.36137886882037,0,12,0
2023-12-18,Chocolate,71,15665.29,143,105,59,111,123.71428571428572,97.09396528743682,0,12,0
2023-12-18,Coffee,78,22372.67,53,121,49,116,114.42857142857144,100.77012973902004,0,12,0
2023-12-18,Decorations,202,54655.15,253,196,168,272,103.57142857142856,74.45772210424018,0,12,0
2023-12-18,Dress,109,35371.18,68,50,108,149,102.57142857142856,74.95077749842841,0,12,0
2023-12-18,Fiction,326,79206.70999999999,206,277,183,247,119.14285714285714,83.98696043916229,0,12,0
2023-12-18,Fridge,70,13319.88,104,135,162,87,129.57142857142858,75.30129955243541,0,12,0
2023-12-18,Furniture,133,33276.6,163,207,178,133,141.42857142857142,72.68392106203602,0,12,0
2023-12-18,Headphones,142,32851.65,79,64,141,101,132.28571428571428,76.3843663884916,0,12,0
2023-12-18,Jacket,62,19652.93,55,63,72,79,132.57142857142858,76.04134213890238,0,12,0
2023-12-18,Jeans,94,26149.85,45,100,94,73,102.85714285714286,60.10942402937108,0,12,0
2023-12-18,Juice,173,38603.43,145,161,176,135,113.85714285714286,59.7116085068563,0,12,0
2023-12-18,Kitchen,98,29888.49,63,80,66,121,93.42857142857144,45.76700828783673,0,12,0
2023-12-18,Laptop,82,20429.57,86,93,112,111,90.85714285714286,45.57933951338104,0,12,0
2023-12-18,Lighting,97,19027.17,62,48,56,119,76.42857142857143,33.25586235466219,0,12,0
2023-12-18,Literature,147,41137.42,65,110,55,78,74.42857142857143,33.495557630113225,0,12,0
2023-12-18,Mitsubishi 1.5 Ton 3 Star Split AC,71,23675.82,83,111,129,107,78.42857142857143,32.44409110483611,0,12,0
2023-12-18,Non-Fiction,233,51576.28,192,206,212,271,99.42857142857144,50.016187855722485,0,12,0
2023-12-18,Shirt,69,16720.89,110,79,81,76,94.42857142857144,46.31363061726268,0,12,0
2023-12-18,Shoes,116,36943.23,170,150,168,222,109.71428571428572,51.57103284375163,0,12,0
2023-12-18,Shorts,93,21808.32,82,86,105,50,109.14285714285714,51.89871087489622,0,12,0
2023-12-18,Smartphone,246,63371.69,231,220,271,303,133.28571428571428,64.17090276678879,0,12,0
2023-12-18,Snacks,71,17687.43,112,102,75,97,140.0,57.99712636559307,0,12,0
2023-12-18,Soft Drink,207,60628.75,129,146,159,227,146.57142857142858,52.83892865068604,0,12,0
2023-12-18,T-shirt,183,54207.7,143,167,202,220,139.57142857142858,48.91781251192948,0,12,0
2023-12-18,Tablet,199,47091.23,127,175,184,201,142.0,47.60952285695134,0,12,0
2023-12-18,Television,163,39031.68,165,194,252,192,141.28571428571428,47.15476040201385,0,12,0
2023-12-18,Thriller,90,28975.56,42,70,103,102,135.57142857142858,56.94399922396519,0,12,0
2023-12-18,Tools,85,25151.4,106,81,94,91,117.71428571428572,38.71138629100378,0,12,0
2023-12-18,Water,410,97237.71,327,345,370,448,148.42857142857142,87.70757691111389,0,12,0
2023-12-19,Bathroom,129,32133.6,90,55,70,90,142.85714285714286,90.3464232301207,1,12,0
2023-12-19,Bedding,93,24590.65,46,58,88,80,129.0,97.47820269167816,1,12,0
2023-12-19,BlueStar AC,11,2427.61,43,25,18,17,117.0,102.79105019407032,1,12,0
2023-12-19,Children's,89,26074.6,107,89,99,142,108.71428571428572,100.5911100871807,1,12,0
2023-12-19,Chocolate,72,16787.34,71,95,111,86,112.85714285714286,97.9479939754225,1,12,0
2023-12-19,Coffee,112,24569.0,78,62,56,50,108.85714285714286,98.84234681455818,1,12,0
2023-12-19,Decorations,246,71124.21,202,176,156,139,91.0,53.96912697706468,1,12,0
2023-12-19,Dress,93,17354.88,109,173,35,83,93.71428571428572,54.38662300515292,1,12,0
2023-12-19,Fiction,263,70851.24,326,283,246,222,133.71428571428572,98.51178319658682,1,12,0
2023-12-19,Fridge,92,24964.22,70,109,103,102,137.57142857142858,94.8276632332866,1,12,0
2023-12-19,Furniture,204,50501.82,133,203,182,222,141.28571428571428,93.93564159521488,1,12,0
2023-12-19,Headphones,99,21473.59,142,79,92,91,151.42857142857142,88.77285084764912,1,12,0
2023-12-19,Jacket,89,15995.03,62,86,84,82,149.14285714285714,91.1526715121912,1,12,0
2023-12-19,Jeans,69,14156.58,94,62,125,108,133.71428571428572,89.84563481459737,1,12,0
2023-12-19,Juice,180,38249.8,173,157,213,198,142.85714285714286,90.16730481245828,1,12,0
2023-12-19,Kitchen,88,23710.8,98,111,149,95,110.28571428571428,40.46691770534678,1,12,0
2023-12-19,Laptop,66,16512.2,82,54,132,89,112.0,38.69108424430468,1,12,0
2023-12-19,Lighting,101,28943.33,97,35,96,68,106.85714285714286,37.81722963336599,1,12,0
2023-12-19,Literature,70,23581.29,147,93,113,135,107.57142857142856,38.63011408584749,1,12,0
2023-12-19,Mitsubishi 1.5 Ton 3 Star Split AC,134,29837.71,71,120,105,121,108.85714285714286,36.97489495783235,1,12,0
2023-12-19,Non-Fiction,292,76844.77,233,265,197,245,128.71428571428572,58.64217562390276,1,12,0
2023-12-19,Shirt,56,14048.4,69,82,42,62,113.85714285714286,58.72656574165908,1,12,0
2023-12-19,Shoes,187,40771.71,116,203,186,172,116.42857142857144,58.30911061705765,1,12,0
2023-12-19,Shorts,33,8658.94,93,35,133,60,118.0,57.36723803705287,1,12,0
2023-12-19,Smartphone,330,86912.37,246,253,186,217,139.28571428571428,73.61773854562044,1,12,0
2023-12-19,Snacks,73,18568.3,71,147,102,71,128.42857142857142,77.77715419251085,1,12,0
2023-12-19,Soft Drink,187,45402.1,207,173,205,207,147.85714285714286,78.02655225718208,1,12,0
2023-12-19,T-shirt,252,65740.83,183,155,216,173,140.71428571428572,70.8959667064213,1,12,0
2023-12-19,Tablet,145,33152.1,199,142,179,205,159.28571428571428,65.82480354626725,1,12,0
2023-12-19,Television,204,52221.7,163,202,216,128,166.0,63.01058112200881,1,12,0
2023-12-19,Thriller,80,19726.32,90,135,97,84,165.57142857142858,63.597319500266416,1,12,0
2023-12-19,Tools,53,15636.77,85,127,131,62,142.57142857142858,58.57717741821996,1,12,0
2023-12-19,Water,339,89565.37,410,308,364,332,191.0,108.44814429025485,1,12,0
2023-12-20,Bathroom,102,24180.37,129,49,109,96,179.85714285714286,110.51761333444902,2,12,0
2023-12-20,Bedding,64,14316.13,93,94,107,70,167.0,115.22586515188296,2,12,0
2023-12-20,BlueStar AC,32,8403.8,11,36,37,18,140.14285714285714,127.7529237387913,2,12,0
2023-12-20,Children's,100,25021.82,89,70,102,101,129.57142857142858,128.605154306838,2,12,0
2023-12-20,Chocolate,130,33958.16,72,100,50,93,127.0,129.70350804816303,2,12,0
2023-12-20,Coffee,115,34016.79,112,119,158,132,130.85714285714286,128.64347187923198,2,12,0
2023-12-20,Decorations,144,42504.39,246,117,195,149,107.42857142857144,71.6353198332982,2,12,0
2023-12-20,Dress,95,19964.34,93,98,98,112,102.28571428571428,71.11894798086257,2,12,0
2023-12-20,Fiction,330,90703.79,263,266,331,290,126.57142857142856,93.06065610281074,2,12,0
2023-12-20,Fridge,116,33046.72,92,87,86,119,138.14285714285714,80.48069866211871,2,12,0
2023-12-20,Furniture,182,49998.4,204,76,130,184,154.57142857142858,80.51471323689204,2,12,0
2023-12-20,Headphones,110,29132.05,99,86,114,85,158.42857142857142,76.44356773214447,2,12,0
2023-12-20,Jacket,73,13672.05,89,95,105,118,155.14285714285714,79.21579928993185,2,12,0
2023-12-20,Jeans,99,29214.73,69,50,89,45,129.85714285714286,73.4175922864728,2,12,0
2023-12-20,Juice,178,50019.75,180,222,158,158,142.28571428571428,73.50218655639661,2,12,0
2023-12-20,Kitchen,73,16131.68,88,96,80,102,117.28571428571428,52.30587693466813,2,12,0
2023-12-20,Laptop,90,26370.08,66,72,114,41,113.57142857142856,55.241461309590015,2,12,0
2023-12-20,Lighting,79,22626.51,101,98,72,142,98.85714285714286,38.24233505522464,2,12,0
2023-12-20,Literature,78,20484.6,70,98,148,74,94.71428571428572,39.76478461199011,2,12,0
2023-12-20,Mitsubishi 1.5 Ton 3 Star Split AC,104,20454.17,134,63,134,75,101.14285714285714,42.2470060928511,2,12,0
2023-12-20,Non-Fiction,240,64781.51,292,307,314,236,133.0,80.62051021090454,2,12,0
2023-12-20,Shirt,75,18606.13,56,59,94,82,115.28571428571428,82.18011577365483,2,12,0
2023-12-20,Shoes,176,46850.77,187,132,141,188,129.42857142857142,85.1662240227052,2,12,0
2023-12-20,Shorts,140,41368.89,33,77,44,112,124.71428571428572,90.0365005349015,2,12,0
2023-12-20,Smartphone,257,72698.59,330,275,236,294,157.42857142857142,117.42211197620443,2,12,0
2023-12-20,Snacks,84,25706.14,73,65,117,102,157.85714285714286,117.05472875458489,2,12,0
2023-12-20,Soft Drink,156,37635.49,187,201,128,155,165.42857142857142,116.96845321546732,2,12,0
2023-12-20,T-shirt,200,43903.43,252,119,201,199,159.71428571428572,110.55573901237032,2,12,0
2023-12-20,Tablet,163,44645.11,145,98,193,125,172.42857142857142,101.37694863372856,2,12,0
2023-12-20,Television,186,39574.79,204,174,159,215,174.85714285714286,101.98599343607329,2,12,0
2023-12-20,Thriller,99,27941.54,80,88,110,70,181.57142857142856,92.16444929736,2,12,0
2023-12-20,Tools,74,19142.53,53,71,58,92,142.0,75.83315018292835,2,12,0
2023-12-20,Water,336,82560.28,339,323,360,311,180.0,98.6948158044109,2,12,0
2023-12-21,Bathroom,73,21708.82,102,89,96,74,167.85714285714286,102.83227212541844,3,12,0
2023-12-21,Bedding,85,18860.16,64,101,97,81,141.0,101.7382261820333,3,12,0
2023-12-21,BlueStar AC,25,6181.8,32,25,34,25,124.85714285714286,109.65465269263656,3,12,0
2023-12-21,Children's,82,24239.61,100,122,94,73,110.0,104.0464639796401,3,12,0
2023-12-21,Chocolate,62,14292.9,130,97,57,38,117.14285714285714,103.35767762391627,3,12,0
2023-12-21,Coffee,86,24405.66,115,81,103,66,126.0,99.5305648197237,3,12,0
2023-12-21,Decorations,210,55928.32,144,172,201,218,98.14285714285714,38.64551966885753,3,12,0
2023-12-21,Dress,95,21913.06,95,82,113,45,97.14285714285714,38.61963477916452,3,12,0
2023-12-21,Fiction,264,64808.76,330,264,234,320,135.14285714285714,93.06347040493073,3,12,0
2023-12-21,Fridge,73,18069.82,116,126,60,97,147.14285714285714,82.34567094759399,3,12,0
2023-12-21,Furniture,157,49016.59,182,203,142,145,158.85714285714286,80.32938144794488,3,12,0
2023-12-21,Headphones,104,29119.47,110,85,94,50,156.0,81.86777957983983,3,12,0
2023-12-21,Jacket,82,15387.97,73,152,151,97,150.0,86.76596875119436,3,12,0
2023-12-21,Jeans,86,23047.78,99,122,134,67,143.57142857142858,88.92479433554483,3,12,0
2023-12-21,Juice,206,56631.53,178,167,165,200,155.42857142857142,86.87895246233283,3,12,0
2023-12-21,Kitchen,57,14643.78,73,94,133,102,118.71428571428572,45.03966505838281,3,12,0
2023-12-21,Laptop,36,9519.5,90,69,94,115,115.0,46.35371254459069,3,12,0
2023-12-21,Lighting,67,16160.91,79,58,118,162,100.28571428571428,36.93108124472703,3,12,0
2023-12-21,Literature,107,28925.43,78,87,111,82,95.71428571428572,37.50428546941391,3,12,0
2023-12-21,Mitsubishi 1.5 Ton 3 Star Split AC,94,22707.98,104,84,95,116,100.14285714285714,36.182079226361815,3,12,0
2023-12-21,Non-Fiction,213,49221.47,240,227,207,267,120.28571428571428,63.99665169812645,3,12,0
2023-12-21,Shirt,51,11216.33,75,92,93,65,105.57142857142856,60.24631978485423,3,12,0
2023-12-21,Shoes,144,37630.24,176,155,152,212,120.28571428571428,63.45789755345385,3,12,0
2023-12-21,Shorts,51,13663.23,140,94,110,87,127.42857142857144,62.28391216265723,3,12,0
2023-12-21,Smartphone,217,62102.32,257,261,298,275,152.85714285714286,74.37837627390614,3,12,0
2023-12-21,Snacks,60,18254.32,84,66,80,85,153.71428571428572,73.4000778512621,3,12,0
2023-12-21,Soft Drink,211,55792.47,156,166,86,123,161.14285714285714,70.08668102530446,3,12,0
2023-12-21,T-shirt,171,37006.02,200,195,150,193,155.42857142857142,63.94752312862184,3,12,0
2023-12-21,Tablet,163,33583.51,163,178,149,145,168.0,53.25723737984589,3,12,0
2023-12-21,Television,121,30186.09,186,141,145,166,169.42857142857142,53.64033663471583,3,12,0
2023-12-21,Thriller,59,12862.49,99,100,73,101,163.57142857142858,59.32637733436085,3,12,0
2023-12-21,Tools,103,29417.29,74,44,68,81,137.42857142857142,51.03546852551607,3,12,0
2023-12-21,Water,403,91758.94,336,305,338,413,173.42857142857142,84.78572431499877,3,12,0
2023-12-22,Bathroom,134,33537.73,73,59,68,90,161.57142857142858,93.0319965439434,4,12,0
2023-12-22,Bedding,65,13745.88,85,99,84,75,145.14285714285714,95.24254751497756,4,12,0
2023-12-22,BlueStar AC,47,13910.71,25,62,37,33,125.42857142857144,104.73913172394356,4,12,0
2023-12-22,Children's,107,23862.57,82,94,74,83,110.57142857142856,102.05694022269589,4,12,0
2023-12-22,Chocolate,125,26437.44,62,68,71,77,105.28571428571428,103.70103549099512,4,12,0
2023-12-22,Coffee,64,13267.01,86,153,87,81,107.0,103.19560714164726,4,12,0
2023-12-22,Decorations,225,54075.53,210,173,223,198,89.0,57.4398235837575,4,12,0
2023-12-22,Dress,141,35596.29,95,100,62,116,92.14285714285714,57.018793894142576,4,12,0
2023-12-22,Fiction,248,63093.41,264,252,250,263,117.71428571428572,86.03626035130753,4,12,0
2023-12-22,Fridge,113,26012.45,73,121,142,136,124.57142857142856,79.04399016340373,4,12,0
2023-12-22,Furniture,174,40190.7,157,124,144,142,135.28571428571428,77.37724533244894,4,12,0
2023-12-22,Headphones,110,27322.52,104,62,93,89,141.28571428571428,72.20275683959717,4,12,0
2023-12-22,Jacket,104,30626.5,82,99,108,83,140.71428571428572,72.72714826829109,4,12,0
2023-12-22,Jeans,103,23999.33,86,82,59,129,123.0,67.98529252713327,4,12,0
2023-12-22,Juice,184,51024.04,206,154,124,229,138.85714285714286,73.11732255179176,4,12,0
2023-12-22,Kitchen,80,21621.1,57,78,91,104,109.28571428571428,53.221907411998096,4,12,0
2023-12-22,Laptop,90,22030.14,36,95,72,113,104.0,58.95478493444388,4,12,0
2023-12-22,Lighting,75,19292.14,67,88,121,66,91.14285714285714,55.16166715944484,4,12,0
2023-12-22,Literature,99,16817.61,107,83,100,68,91.57142857142856,55.2897131567187,4,12,0
2023-12-22,Mitsubishi 1.5 Ton 3 Star Split AC,137,36141.79,94,113,96,139,93.28571428571428,55.12928527777183,4,12,0
2023-12-22,Non-Fiction,333,98055.23,213,317,242,346,111.42857142857144,70.95739835247802,4,12,0
2023-12-22,Shirt,83,24819.18,51,76,157,126,89.28571428571429,59.84066144273985,4,12,0
2023-12-22,Shoes,159,42627.22,144,141,245,159,101.71428571428572,61.04018972697106,4,12,0
2023-12-22,Shorts,109,30456.41,51,126,76,108,103.85714285714286,58.5617297428624,4,12,0
2023-12-22,Smartphone,259,81435.9,217,305,264,322,125.28571428571428,69.28856155170669,4,12,0
2023-12-22,Snacks,91,21958.29,60,111,62,93,118.57142857142856,73.50477794641827,4,12,0
2023-12-22,Soft Drink,203,52379.68,211,183,199,171,135.28571428571428,80.00148808139751,4,12,0
2023-12-22,T-shirt,201,45466.02,171,181,234,180,129.28571428571428,74.59382075774094,4,12,0
2023-12-22,Tablet,117,25408.57,163,182,143,214,145.28571428571428,66.58506911141063,4,12,0
2023-12-22,Television,146,38578.26,121,143,157,264,142.0,67.22350779303248,4,12,0
2023-12-22,Thriller,95,22187.35,59,144,77,143,143.14285714285714,65.46354856312091,4,12,0
2023-12-22,Tools,59,13539.58,103,64,141,79,126.85714285714286,57.75358162465835,4,12,0
2023-12-22,Water,227,59347.77,403,356,360,342,175.85714285714286,111.79658398393092,4,12,0
2023-12-23,Bathroom,69,15034.45,134,89,105,99,164.85714285714286,111.5503303019588,5,12,1
2023-12-23,Bedding,101,24568.68,65,71,133,75,149.71428571428572,117.607701399914,5,12,1
2023-12-23,BlueStar AC,41,10823.94,47,50,5,21,133.14285714285714,123.45097349613224,5,12,1
2023-12-23,Children's,66,22867.11,107,103,72,56,131.14285714285714,123.79341470292113,5,12,1
2023-12-23,Chocolate,74,19112.65,125,78,103,99,140.57142857142858,119.83301874254973,5,12,1
2023-12-23,Coffee,62,12363.24,64,82,55,101,135.0,122.74227742170405,5,12,1
2023-12-23,Decorations,133,31828.83,225,168,175,164,109.57142857142856,60.75046541071858,5,12,1
2023-12-23,Dress,71,24123.74,141,58,118,96,110.57142857142856,61.27494632897622,5,12,1
2023-12-23,Fiction,270,64042.8,248,230,248,247,136.71428571428572,75.887447986506,5,12,1
2023-12-23,Fridge,92,24918.89,113,89,132,132,146.14285714285714,66.38882579528041,5,12,1
2023-12-23,Furniture,139,31397.64,174,227,146,132,155.71428571428572,64.6109234462048,5,12,1
2023-12-23,Headphones,88,18990.29,110,105,97,77,153.57142857142858,66.0324595504788,5,12,1
2023-12-23,Jacket,79,19836.79,104,86,78,79,159.28571428571428,58.26295073690775,5,12,1
2023-12-23,Jeans,55,15215.31,103,92,76,100,141.85714285714286,53.37111756817619,5,12,1
2023-12-23,Juice,158,31157.35,184,179,146,177,148.0,55.680636969535776,5,12,1
2023-12-23,Kitchen,115,23573.37,80,83,85,66,124.0,39.14502948438296,5,12,1
2023-12-23,Laptop,123,40982.89,90,106,75,83,120.71428571428572,41.13682164725381,5,12,1
2023-12-23,Lighting,89,15326.85,75,124,101,64,106.57142857142856,36.523312841967694,5,12,1
2023-12-23,Literature,68,15300.05,99,87,93,99,105.0,36.58779395736406,5,12,1
2023-12-23,Mitsubishi 1.5 Ton 3 Star Split AC,49,12561.54,137,81,79,104,109.71428571428572,38.51283026782061,5,12,1
2023-12-23,Non-Fiction,255,63107.13,333,261,234,292,142.57142857142858,92.3342788330474,5,12,1
2023-12-23,Shirt,156,32640.6,83,156,93,141,128.14285714285714,92.67223347444876,5,12,1
2023-12-23,Shoes,133,35841.17,159,179,154,159,139.42857142857142,90.61982333326564,5,12,1
2023-12-23,Shorts,127,35165.67,109,152,86,152,142.14285714285714,89.1654428042394,5,12,1
2023-12-23,Smartphone,247,67807.34,259,254,221,243,168.42857142857142,93.1072090707927,5,12,1
2023-12-23,Snacks,118,25197.34,91,103,107,95,167.28571428571428,94.14477200162531,5,12,1
2023-12-23,Soft Drink,185,53635.29,203,187,181,178,176.71428571428572,93.91079860824328,5,12,1
2023-12-23,T-shirt,176,40631.27,201,196,189,228,157.85714285714286,66.57183731736293,5,12,1
2023-12-23,Tablet,146,40977.4,117,126,176,164,162.71428571428572,61.22557822161703,5,12,1
2023-12-23,Television,166,42548.58,146,133,145,234,160.85714285714286,61.55330635968664,5,12,1
2023-12-23,Thriller,94,21704.6,95,91,105,85,158.85714285714286,63.708786864995616,5,12,1
2023-12-23,Tools,156,41839.92,59,118,93,133,130.28571428571428,55.64984062784591,5,12,1
2023-12-23,Water,332,85258.42,227,329,384,334,149.71428571428572,62.91453008040354,5,12,1
2023-12-24,Bathroom,55,15646.69,69,75,78,68,130.57142857142858,64.36835957429396,6,12,1
2023-12-24,Bedding,84,26398.730000000003,101,90,62,96,116.28571428571428,56.78237486437115,6,12,1
2023-12-24,BlueStar AC,46,8122.45,41,31,57,29,105.42857142857144,63.49240674510281,6,12,1
2023-12-24,Children's,56,9588.89,66,80,81,69,94.0,62.15839980780166,6,12,1
2023-12-24,Chocolate,81,21063.89,74,143,109,109,91.0,62.60724132771316,6,12,1
2023-12-24,Coffee,118,34767.020000000004,62,53,119,133,91.42857142857144,62.361465513185536,6,12,1
2023-12-24,Decorations,182,52755.42,133,253,149,174,78.0,30.05550421026351,6,12,1
2023-12-24,Dress,58,15080.51,71,68,59,111,78.28571428571429,29.9650590172053,6,12,1
2023-12-24,Fiction,239,68188.02,270,206,268,280,102.42857142857144,79.10511391571916,6,12,1
2023-12-24,Fridge,127,32486.43,92,104,106,102,109.71428571428572,74.73222037317389,6,12,1
2023-12-24,Furniture,186,49883.03,139,163,179,149,120.14285714285714,72.6806452260577,6,12,1
2023-12-24,Headphones,74,15546.0,88,79,69,85,122.14285714285714,71.38026938267139,6,12,1
2023-12-24,Jacket,118,26748.17,79,55,48,83,124.57142857142856,69.25040828485363,6,12,1
2023-12-24,Jeans,98,26719.92,55,45,85,109,113.42857142857144,73.79443778238924,6,12,1
2023-12-24,Juice,204,36680.64,158,145,183,198,125.85714285714286,72.77689324556297,6,12,1
2023-12-24,Kitchen,52,13999.26,115,63,110,82,103.71428571428572,35.79438636487506,6,12,1
2023-12-24,Laptop,67,19697.26,123,86,93,59,108.14285714285714,36.020496810511275,6,12,1
2023-12-24,Lighting,95,25729.4,89,62,92,90,101.0,33.76882191213056,6,12,1
2023-12-24,Literature,79,19375.84,68,65,88,62,98.14285714285714,35.83493905593688,6,12,1
2023-12-24,Mitsubishi 1.5 Ton 3 Star Split AC,99,31288.56,49,83,65,128,93.85714285714286,40.0517522356102,6,12,1
2023-12-24,Non-Fiction,208,57491.65,255,192,275,203,122.42857142857144,68.76010748211681,6,12,1
2023-12-24,Shirt,78,22802.41,156,110,72,94,122.14285714285714,68.59161409246322,6,12,1
2023-12-24,Shoes,179,41268.06,133,170,186,168,124.71428571428572,68.61660218371333,6,12,1
2023-12-24,Shorts,62,14588.94,127,82,63,143,125.28571428571428,68.61660218371333,6,12,1
2023-12-24,Smartphone,379,108800.43,247,231,243,238,147.85714285714286,79.77139957701688,6,12,1
2023-12-24,Snacks,68,16168.67,118,112,89,42,155.0,73.4143491877887,6,12,1
2023-12-24,Soft Drink,147,30123.57,185,129,131,108,174.42857142857142,56.803336588786486,6,12,1
